assignment_id,employee_id,training_id,assigned_date,due_date,status,completion_date
A00001,E10001,T-001,2026-01-14,2026-04-14,Abgeschlossen,2026-03-14
A00002,E10001,T-002,2026-07-14,2026-10-12,Abgeschlossen,2026-09-28
A00003,E10001,T-003,2026-08-08,2026-11-06,Abgeschlossen,2026-10-18
A00004,E10001,T-004,2026-06-09,2026-07-24,Abgeschlossen,2026-07-08
A00005,E10001,T-005,2026-05-30,2026-07-29,Abgeschlossen,2026-07-19
A00006,E10001,T-010,2019-01-02,2019-03-03,Abgeschlossen,2019-01-08
A00007,E10001,T-013,2026-06-21,2026-10-19,Abgeschlossen,2026-07-15
A00008,E10002,T-001,2026-04-29,2026-07-28,Abgeschlossen,2026-05-19
A00009,E10002,T-002,2025-12-07,2026-02-05,Abgeschlossen,2026-01-04
A00010,E10002,T-003,2026-09-01,2026-11-30,Abgeschlossen,2026-09-28
A00011,E10002,T-004,2026-06-09,2026-07-09,Abgeschlossen,2026-06-28
A00012,E10002,T-005,2026-09-07,2026-11-06,Zugewiesen,
A00013,E10002,T-010,2019-01-02,2019-03-03,Abgeschlossen,2019-02-05
A00014,E10002,T-006,2025-12-10,2026-02-08,Abgeschlossen,2026-01-22
A00015,E10002,T-008,2026-06-24,2026-09-22,Abgeschlossen,2026-08-21
A00016,E10002,T-013,2026-02-22,2026-04-23,Abgeschlossen,2026-10-12
A00017,E10003,T-001,2026-07-19,2026-09-17,Abgeschlossen,2026-08-02
A00018,E10003,T-002,2026-05-03,2026-07-02,Abgeschlossen,2026-06-03
A00019,E10003,T-003,2026-06-07,2026-09-05,Abgeschlossen,2026-09-04
A00020,E10003,T-004,2026-06-12,2026-08-11,In Bearbeitung,
A00021,E10003,T-005,2026-01-14,2026-04-14,Abgeschlossen,2026-02-02
A00022,E10003,T-010,2019-01-05,2019-03-06,Abgeschlossen,2019-02-11
A00023,E10003,T-006,2026-03-19,2026-05-18,Abgeschlossen,2026-03-27
A00024,E10003,T-008,2026-08-20,2026-10-19,Abgeschlossen,2026-08-28
A00025,E10003,T-016,2026-07-26,2026-11-23,In Bearbeitung,
A00026,E10003,T-013,2025-12-17,2026-02-15,Abgeschlossen,2026-05-19
A00027,E10004,T-001,2026-06-03,2026-08-02,Abgeschlossen,2026-06-29
A00028,E10004,T-002,2026-05-28,2026-07-27,Abgeschlossen,2026-07-03
A00029,E10004,T-003,2026-05-02,2026-07-31,Abgeschlossen,2026-05-21
A00030,E10004,T-004,2026-06-10,2026-08-09,Abgeschlossen,2026-07-24
A00031,E10004,T-005,2026-09-10,2026-11-09,Zugewiesen,
A00032,E10004,T-010,2019-01-04,2019-03-05,Abgeschlossen,2019-02-07
A00033,E10004,T-006,2026-10-10,2026-12-09,In Bearbeitung,
A00034,E10004,T-008,2026-02-25,2026-05-26,Abgeschlossen,2026-03-11
A00035,E10004,T-013,2026-08-11,2026-10-10,Abgeschlossen,2026-10-25
A00036,E10005,T-001,2026-07-08,2026-10-06,Abgeschlossen,2026-07-15
A00037,E10005,T-002,2026-01-19,2026-03-20,Abgeschlossen,2026-02-04
A00038,E10005,T-003,2026-03-01,2026-05-30,Abgeschlossen,2026-04-13
A00039,E10005,T-004,2026-06-08,2026-07-08,Abgeschlossen,2026-06-12
A00040,E10005,T-005,2026-03-10,2026-05-09,Abgeschlossen,2026-03-20
A00041,E10005,T-010,2020-07-01,2020-08-30,Abgeschlossen,2020-08-18
A00042,E10005,T-006,2026-05-20,2026-08-18,Abgeschlossen,2026-06-03
A00043,E10005,T-008,2026-05-05,2026-06-04,Abgeschlossen,2026-06-05
A00044,E10006,T-001,2026-05-26,2026-06-25,Abgeschlossen,2026-06-14
A00045,E10006,T-002,2025-12-17,2026-02-15,Zugewiesen,
A00046,E10006,T-003,2026-02-12,2026-04-13,In Bearbeitung,
A00047,E10006,T-004,2026-06-06,2026-07-21,In Bearbeitung,
A00048,E10006,T-005,2026-03-23,2026-06-21,Abgeschlossen,2026-04-07
A00049,E10006,T-010,2022-07-31,2022-09-29,Abgeschlossen,2022-10-03
A00050,E10006,T-006,2026-02-09,2026-03-11,Abgeschlossen,2026-03-08
A00051,E10006,T-008,2026-05-23,2026-07-22,Zugewiesen,
A00052,E10007,T-001,2026-07-01,2026-08-30,Abgeschlossen,2026-08-29
A00053,E10007,T-002,2026-06-15,2026-09-13,Abgeschlossen,2026-06-17
A00054,E10007,T-003,2026-09-21,2026-12-20,Zugewiesen,
A00055,E10007,T-004,2026-06-08,2026-08-07,In Bearbeitung,
A00056,E10007,T-005,2026-04-30,2026-07-29,Abgeschlossen,2026-05-29
A00057,E10007,T-010,2019-12-10,2020-02-08,Abgeschlossen,2020-01-15
A00058,E10007,T-006,2026-02-13,2026-03-15,Abgeschlossen,2026-03-11
A00059,E10007,T-008,2026-02-18,2026-04-19,Abgeschlossen,2026-03-18
A00060,E10007,T-013,2026-06-04,2026-10-02,Zugewiesen,
A00061,E10008,T-001,2026-09-04,2026-12-03,Abgeschlossen,2026-10-31
A00062,E10008,T-002,2026-07-09,2026-10-07,Abgeschlossen,2026-08-23
A00063,E10008,T-003,2026-03-14,2026-06-12,Abgeschlossen,2026-05-26
A00064,E10008,T-004,2026-06-12,2026-07-27,Abgeschlossen,2026-06-24
A00065,E10008,T-005,2026-01-03,2026-02-02,Abgeschlossen,2026-01-23
A00066,E10008,T-010,2019-01-14,2019-03-15,Abgeschlossen,2019-01-31
A00067,E10008,T-006,2026-08-23,2026-09-22,Abgeschlossen,2026-09-14
A00068,E10008,T-008,2026-04-08,2026-06-07,Abgeschlossen,2026-04-12
A00069,E10008,T-014,2026-06-17,2026-09-15,Abgeschlossen,2026-07-21
A00070,E10008,T-015,2026-02-11,2026-04-12,Abgeschlossen,2026-10-23
A00071,E10008,T-013,2025-11-28,2026-03-28,In Bearbeitung,
A00072,E10009,T-001,2026-07-03,2026-09-01,Zugewiesen,
A00073,E10009,T-002,2026-02-26,2026-03-28,Abgeschlossen,2026-02-27
A00074,E10009,T-003,2026-08-12,2026-09-11,Zugewiesen,
A00075,E10009,T-004,2026-06-08,2026-07-08,In Bearbeitung,
A00076,E10009,T-005,2026-05-02,2026-07-31,Abgeschlossen,2026-07-18
A00077,E10009,T-010,2019-01-12,2019-03-13,Abgeschlossen,2019-01-23
A00078,E10009,T-006,2026-08-22,2026-09-21,Abgeschlossen,2026-09-16
A00079,E10009,T-008,2026-02-17,2026-05-18,Abgeschlossen,2026-05-16
A00080,E10010,T-001,2025-12-03,2026-01-02,Abgeschlossen,2025-12-28
A00081,E10010,T-002,2026-06-03,2026-08-02,Abgeschlossen,2026-08-04
A00082,E10010,T-003,2026-01-03,2026-02-02,Abgeschlossen,2026-01-25
A00083,E10010,T-004,2026-06-06,2026-07-21,Abgeschlossen,2026-07-29
A00084,E10010,T-005,2026-01-28,2026-02-27,Abgeschlossen,2026-03-06
A00085,E10010,T-010,2019-01-04,2019-03-05,Abgeschlossen,2019-01-27
A00086,E10010,T-006,2026-02-28,2026-03-30,In Bearbeitung,
A00087,E10010,T-008,2026-02-13,2026-03-15,Abgeschlossen,2026-03-16
A00088,E10011,T-001,2026-05-28,2026-08-26,Abgeschlossen,2026-07-08
A00089,E10011,T-002,2026-04-15,2026-05-15,Abgeschlossen,2026-04-27
A00090,E10011,T-003,2026-03-29,2026-06-27,In Bearbeitung,
A00091,E10011,T-004,2026-06-12,2026-08-11,Abgeschlossen,2026-08-14
A00092,E10011,T-005,2026-09-05,2026-10-05,Abgeschlossen,2026-10-10
A00093,E10011,T-010,2019-01-11,2019-03-12,Abgeschlossen,2019-01-28
A00094,E10011,T-006,2026-05-21,2026-08-19,Abgeschlossen,2026-07-02
A00095,E10011,T-008,2026-04-10,2026-05-10,Abgeschlossen,2026-04-11
A00096,E10011,T-014,2026-08-24,2026-12-22,Zugewiesen,
A00097,E10012,T-001,2026-02-20,2026-05-21,Abgeschlossen,2026-05-30
A00098,E10012,T-002,2026-07-16,2026-10-14,Abgeschlossen,2026-09-11
A00099,E10012,T-003,2026-03-12,2026-05-11,Abgeschlossen,2026-03-15
A00100,E10012,T-004,2026-06-08,2026-07-08,In Bearbeitung,
A00101,E10012,T-005,2026-01-13,2026-03-14,Abgeschlossen,2026-02-23
A00102,E10012,T-010,2019-01-05,2019-03-06,Abgeschlossen,2019-02-22
A00103,E10012,T-006,2026-01-23,2026-02-22,In Bearbeitung,
A00104,E10012,T-008,2026-06-22,2026-07-22,Abgeschlossen,2026-07-09
A00105,E10012,T-015,2026-07-20,2026-11-17,Zugewiesen,
A00106,E10012,T-017,2026-02-01,2026-04-02,Abgeschlossen,2026-04-15
A00107,E10013,T-001,2025-12-19,2026-03-19,Abgeschlossen,2026-01-12
A00108,E10013,T-002,2025-12-18,2026-02-16,Abgeschlossen,2025-12-30
A00109,E10013,T-003,2026-10-07,2026-11-06,Zugewiesen,
A00110,E10013,T-004,2026-06-08,2026-07-08,In Bearbeitung,
A00111,E10013,T-005,2026-07-09,2026-08-08,Abgeschlossen,2026-07-21
A00112,E10013,T-010,2019-01-01,2019-03-02,Abgeschlossen,2019-03-07
A00113,E10013,T-006,2026-04-11,2026-06-10,Abgeschlossen,2026-05-24
A00114,E10013,T-008,2026-03-12,2026-06-10,Abgeschlossen,2026-03-22
A00115,E10013,T-017,2026-07-25,2026-10-23,Zugewiesen,
A00116,E10013,T-013,2025-12-02,2026-04-01,Zugewiesen,
A00117,E10014,T-001,2026-01-23,2026-03-24,Abgeschlossen,2026-02-25
A00118,E10014,T-002,2026-03-24,2026-06-22,Zugewiesen,
A00119,E10014,T-003,2026-09-24,2026-10-24,Abgeschlossen,2026-10-12
A00120,E10014,T-004,2026-06-11,2026-07-26,Zugewiesen,
A00121,E10014,T-005,2026-01-02,2026-02-01,Abgeschlossen,2026-01-20
A00122,E10014,T-010,2019-01-12,2019-03-13,Abgeschlossen,2019-02-12
A00123,E10014,T-006,2026-02-19,2026-03-21,Abgeschlossen,2026-03-08
A00124,E10014,T-008,2026-06-24,2026-09-22,Abgeschlossen,2026-07-02
A00125,E10014,T-013,2025-11-07,2026-02-05,In Bearbeitung,
A00126,E10015,T-001,2026-03-17,2026-06-15,Abgeschlossen,2026-05-08
A00127,E10015,T-002,2025-12-08,2026-03-08,Abgeschlossen,2026-01-03
A00128,E10015,T-003,2026-06-25,2026-08-24,Abgeschlossen,2026-07-02
A00129,E10015,T-004,2026-06-05,2026-07-20,In Bearbeitung,
A00130,E10015,T-005,2026-03-27,2026-06-25,Abgeschlossen,2026-06-16
A00131,E10015,T-010,2019-01-02,2019-03-03,Abgeschlossen,2019-01-19
A00132,E10015,T-006,2026-07-28,2026-10-26,Abgeschlossen,2026-10-28
A00133,E10015,T-008,2025-12-21,2026-03-21,Abgeschlossen,2026-03-30
A00134,E10015,T-016,2026-03-21,2026-07-19,Abgeschlossen,2026-07-11
A00135,E10016,T-001,2026-07-12,2026-08-11,Abgeschlossen,2026-08-11
A00136,E10016,T-002,2026-09-01,2026-11-30,In Bearbeitung,
A00137,E10016,T-003,2025-12-26,2026-02-24,Abgeschlossen,2026-01-18
A00138,E10016,T-004,2026-06-08,2026-07-23,Abgeschlossen,2026-07-03
A00139,E10016,T-005,2026-07-07,2026-08-06,Abgeschlossen,2026-07-15
A00140,E10016,T-010,2022-09-19,2022-11-18,Abgeschlossen,2022-10-29
A00141,E10016,T-006,2026-04-16,2026-06-15,Abgeschlossen,2026-06-24
A00142,E10016,T-008,2026-06-11,2026-09-09,Abgeschlossen,2026-08-08
A00143,E10016,T-016,2026-06-17,2026-10-15,Zugewiesen,
A00144,E10017,T-001,2026-09-06,2026-12-05,Zugewiesen,
A00145,E10017,T-002,2026-09-22,2026-12-21,Zugewiesen,
A00146,E10017,T-003,2026-03-16,2026-05-15,Abgeschlossen,2026-05-15
A00147,E10017,T-004,2026-06-07,2026-07-07,In Bearbeitung,
A00148,E10017,T-005,2026-06-25,2026-07-25,Abgeschlossen,2026-07-25
A00149,E10017,T-010,2025-12-01,2026-01-30,Abgeschlossen,2025-12-19
A00150,E10017,T-006,2026-06-06,2026-09-04,Abgeschlossen,2026-08-19
A00151,E10017,T-008,2025-12-12,2026-03-12,Abgeschlossen,2026-03-11
A00152,E10018,T-001,2025-12-19,2026-03-19,Abgeschlossen,2026-03-25
A00153,E10018,T-002,2026-01-20,2026-02-19,Abgeschlossen,2026-02-17
A00154,E10018,T-003,2026-07-22,2026-10-20,Abgeschlossen,2026-07-30
A00155,E10018,T-004,2026-06-09,2026-08-08,Abgeschlossen,2026-06-17
A00156,E10018,T-005,2026-07-04,2026-08-03,Abgeschlossen,2026-07-30
A00157,E10018,T-010,2019-01-13,2019-03-14,Abgeschlossen,2019-01-27
A00158,E10018,T-006,2025-12-30,2026-01-29,Abgeschlossen,2026-02-02
A00159,E10018,T-008,2026-06-16,2026-07-16,Abgeschlossen,2026-07-14
A00160,E10019,T-001,2026-08-15,2026-10-14,Abgeschlossen,2026-08-29
A00161,E10019,T-002,2026-04-12,2026-07-11,Abgeschlossen,2026-07-19
A00162,E10019,T-003,2026-06-14,2026-08-13,Abgeschlossen,2026-08-02
A00163,E10019,T-004,2026-06-07,2026-07-07,Zugewiesen,
A00164,E10019,T-005,2026-03-04,2026-06-02,Abgeschlossen,2026-05-31
A00165,E10019,T-010,2020-02-12,2020-04-12,Abgeschlossen,2020-03-12
A00166,E10019,T-006,2026-01-12,2026-03-13,Abgeschlossen,2026-02-18
A00167,E10019,T-008,2026-05-05,2026-06-04,Abgeschlossen,2026-06-01
A00168,E10020,T-001,2026-03-24,2026-04-23,Abgeschlossen,2026-04-03
A00169,E10020,T-002,2026-04-12,2026-06-11,Abgeschlossen,
A00170,E10020,T-003,2026-05-02,2026-07-01,Abgeschlossen,2026-05-15
A00171,E10020,T-004,2026-06-11,2026-07-11,Abgeschlossen,2026-07-13
A00172,E10020,T-005,2026-06-09,2026-09-07,Abgeschlossen,2026-09-03
A00173,E10020,T-010,2023-06-05,2023-08-04,Abgeschlossen,2023-07-08
A00174,E10020,T-006,2026-07-02,2026-08-31,Abgeschlossen,2026-08-08
A00175,E10020,T-008,2026-04-30,2026-05-30,Abgeschlossen,2026-05-05
A00176,E10021,T-001,2026-10-04,2026-11-03,Abgeschlossen,2026-10-17
A00177,E10021,T-002,2026-03-12,2026-04-11,Abgeschlossen,2026-03-17
A00178,E10021,T-003,2026-09-03,2026-12-02,Abgeschlossen,2026-09-11
A00179,E10021,T-004,2026-06-09,2026-07-24,Abgeschlossen,2026-06-25
A00180,E10021,T-005,2026-03-26,2026-05-25,Abgeschlossen,2026-04-05
A00181,E10021,T-010,2019-01-13,2019-03-14,Abgeschlossen,2019-02-16
A00182,E10021,T-006,2026-01-06,2026-04-06,Abgeschlossen,2026-02-09
A00183,E10021,T-008,2026-05-22,2026-06-21,Abgeschlossen,2026-06-21
A00184,E10022,T-001,2026-04-07,2026-05-07,Abgeschlossen,2026-04-28
A00185,E10022,T-002,2026-09-28,2026-10-28,In Bearbeitung,
A00186,E10022,T-003,2026-06-15,2026-08-14,Abgeschlossen,2026-06-22
A00187,E10022,T-004,2026-06-10,2026-07-10,Abgeschlossen,2026-07-17
A00188,E10022,T-005,2026-04-25,2026-05-25,Abgeschlossen,2026-04-26
A00189,E10022,T-010,2019-01-13,2019-03-14,Abgeschlossen,2019-01-16
A00190,E10022,T-006,2026-09-09,2026-11-08,Abgeschlossen,2026-10-05
A00191,E10022,T-008,2026-01-04,2026-03-05,Abgeschlossen,2026-01-15
A00192,E10023,T-001,2026-06-20,2026-08-19,Abgeschlossen,2026-07-22
A00193,E10023,T-002,2026-09-02,2026-12-01,Abgeschlossen,2026-10-20
A00194,E10023,T-003,2026-09-06,2026-10-06,Abgeschlossen,2026-09-16
A00195,E10023,T-004,2026-06-06,2026-07-21,In Bearbeitung,
A00196,E10023,T-005,2026-05-31,2026-07-30,Abgeschlossen,2026-07-29
A00197,E10023,T-010,2019-01-07,2019-03-08,Abgeschlossen,2019-01-30
A00198,E10023,T-006,2026-02-10,2026-05-11,Abgeschlossen,2026-05-02
A00199,E10023,T-008,2026-01-25,2026-03-26,Abgeschlossen,2026-02-07
A00200,E10023,T-015,2025-12-10,2026-04-09,Zugewiesen,
A00201,E10024,T-001,2026-08-19,2026-11-17,In Bearbeitung,
A00202,E10024,T-002,2026-05-09,2026-06-08,In Bearbeitung,
A00203,E10024,T-003,2026-09-06,2026-10-06,Abgeschlossen,2026-09-21
A00204,E10024,T-004,2026-06-12,2026-08-11,In Bearbeitung,
A00205,E10024,T-005,2026-09-10,2026-11-09,In Bearbeitung,
A00206,E10024,T-010,2019-01-15,2019-03-16,Abgeschlossen,2019-03-13
A00207,E10024,T-006,2026-04-07,2026-06-06,Abgeschlossen,2026-06-11
A00208,E10024,T-008,2026-05-09,2026-06-08,Abgeschlossen,2026-05-30
A00209,E10024,T-017,2025-11-03,2026-03-03,In Bearbeitung,
A00210,E10025,T-001,2026-03-21,2026-04-20,Abgeschlossen,2026-03-22
A00211,E10025,T-002,2026-05-07,2026-07-06,Abgeschlossen,2026-06-12
A00212,E10025,T-003,2026-01-10,2026-03-11,Abgeschlossen,2026-03-07
A00213,E10025,T-004,2026-06-08,2026-08-07,Abgeschlossen,2026-07-07
A00214,E10025,T-005,2026-01-12,2026-02-11,Abgeschlossen,2026-02-04
A00215,E10025,T-010,2019-01-08,2019-03-09,Abgeschlossen,2019-03-15
A00216,E10025,T-006,2026-04-14,2026-06-13,Zugewiesen,
A00217,E10025,T-008,2026-08-16,2026-10-15,Abgeschlossen,2026-09-06
A00218,E10025,T-017,2025-12-29,2026-02-27,Abgeschlossen,2026-09-30
A00219,E10026,T-001,2026-02-14,2026-04-15,Abgeschlossen,2026-04-05
A00220,E10026,T-002,2026-05-08,2026-07-07,Abgeschlossen,2026-06-05
A00221,E10026,T-003,2026-01-25,2026-03-26,Abgeschlossen,2026-02-26
A00222,E10026,T-004,2026-06-06,2026-07-21,In Bearbeitung,
A00223,E10026,T-005,2026-03-04,2026-05-03,Abgeschlossen,2026-04-24
A00224,E10026,T-010,2019-01-11,2019-03-12,Abgeschlossen,2019-01-12
A00225,E10026,T-006,2026-02-08,2026-03-10,Abgeschlossen,2026-03-15
A00226,E10026,T-008,2026-09-05,2026-12-04,Zugewiesen,
A00227,E10027,T-001,2026-07-13,2026-10-11,Abgeschlossen,2026-10-19
A00228,E10027,T-002,2026-05-24,2026-08-22,Abgeschlossen,2026-07-02
A00229,E10027,T-003,2026-07-19,2026-08-18,Abgeschlossen,2026-08-27
A00230,E10027,T-004,2026-06-05,2026-07-05,Abgeschlossen,2026-06-28
A00231,E10027,T-005,2026-03-05,2026-06-03,Abgeschlossen,2026-04-21
A00232,E10027,T-010,2019-01-12,2019-03-13,Abgeschlossen,2019-02-19
A00233,E10027,T-006,2026-09-05,2026-11-04,In Bearbeitung,
A00234,E10027,T-008,2026-02-23,2026-04-24,Abgeschlossen,2026-03-20
A00235,E10027,T-016,2026-08-09,2026-12-07,Zugewiesen,
A00236,E10028,T-001,2025-12-05,2026-03-05,In Bearbeitung,
A00237,E10028,T-002,2026-03-13,2026-04-12,Zugewiesen,
A00238,E10028,T-003,2026-09-18,2026-11-17,In Bearbeitung,
A00239,E10028,T-004,2026-06-10,2026-07-25,Abgeschlossen,2026-07-29
A00240,E10028,T-005,2026-02-03,2026-05-04,Abgeschlossen,2026-05-07
A00241,E10028,T-010,2020-04-10,2020-06-09,Abgeschlossen,2020-05-13
A00242,E10028,T-006,2026-05-01,2026-06-30,Abgeschlossen,2026-05-27
A00243,E10028,T-008,2026-06-08,2026-08-07,Abgeschlossen,2026-08-14
A00244,E10028,T-016,2026-09-09,2027-01-07,In Bearbeitung,
A00245,E10029,T-001,2026-09-22,2026-11-21,Abgeschlossen,2026-10-14
A00246,E10029,T-002,2026-09-25,2026-11-24,Abgeschlossen,2026-10-26
A00247,E10029,T-003,2026-03-25,2026-04-24,Abgeschlossen,2026-04-06
A00248,E10029,T-004,2026-06-05,2026-08-04,In Bearbeitung,
A00249,E10029,T-005,2026-06-23,2026-09-21,Abgeschlossen,2026-08-30
A00250,E10029,T-010,2019-01-14,2019-03-15,Abgeschlossen,2019-02-01
A00251,E10029,T-006,2026-03-29,2026-05-28,Abgeschlossen,2026-05-16
A00252,E10029,T-008,2026-10-13,2026-12-12,Abgeschlossen,2026-10-30
A00253,E10029,T-016,2025-11-09,2026-01-08,Zugewiesen,
A00254,E10030,T-001,2026-01-24,2026-04-24,Abgeschlossen,2026-02-15
A00255,E10030,T-002,2026-06-06,2026-07-06,Abgeschlossen,2026-06-29
A00256,E10030,T-003,2026-05-10,2026-07-09,Abgeschlossen,2026-05-12
A00257,E10030,T-004,2026-06-11,2026-07-11,Abgeschlossen,2026-06-17
A00258,E10030,T-005,2026-04-29,2026-05-29,Abgeschlossen,2026-05-23
A00259,E10030,T-010,2019-10-03,2019-12-02,Abgeschlossen,2019-10-16
A00260,E10030,T-006,2026-06-26,2026-07-26,Abgeschlossen,2026-07-19
A00261,E10030,T-008,2026-05-13,2026-06-12,Abgeschlossen,2026-05-25
A00262,E10030,T-014,2026-04-12,2026-07-11,In Bearbeitung,
A00263,E10031,T-001,2025-12-03,2026-03-03,Abgeschlossen,2025-12-20
A00264,E10031,T-002,2026-04-25,2026-07-24,Abgeschlossen,2026-05-20
A00265,E10031,T-003,2026-04-15,2026-07-14,Abgeschlossen,2026-07-11
A00266,E10031,T-004,2026-06-05,2026-07-20,In Bearbeitung,
A00267,E10031,T-005,2026-06-26,2026-07-26,Abgeschlossen,2026-08-02
A00268,E10031,T-010,2019-01-07,2019-03-08,Abgeschlossen,2019-01-22
A00269,E10031,T-006,2026-02-05,2026-04-06,Abgeschlossen,2026-03-24
A00270,E10031,T-008,2025-12-29,2026-01-28,Abgeschlossen,2026-01-25
A00271,E10032,T-001,2026-08-14,2026-09-13,Abgeschlossen,2026-09-05
A00272,E10032,T-002,2026-04-20,2026-06-19,Abgeschlossen,2026-06-19
A00273,E10032,T-003,2026-04-21,2026-05-21,Zugewiesen,
A00274,E10032,T-004,2026-06-07,2026-08-06,In Bearbeitung,
A00275,E10032,T-005,2026-01-07,2026-02-06,Abgeschlossen,2026-02-11
A00276,E10032,T-010,2019-01-12,2019-03-13,Abgeschlossen,2019-03-04
A00277,E10032,T-006,2026-08-26,2026-10-25,Abgeschlossen,2026-10-04
A00278,E10032,T-008,2026-02-11,2026-05-12,Abgeschlossen,2026-03-11
A00279,E10032,T-014,2025-12-25,2026-02-23,Abgeschlossen,2026-05-25
A00280,E10033,T-001,2026-06-17,2026-08-16,Abgeschlossen,2026-08-11
A00281,E10033,T-002,2026-03-02,2026-04-01,Abgeschlossen,2026-04-04
A00282,E10033,T-003,2026-05-08,2026-07-07,Abgeschlossen,2026-06-09
A00283,E10033,T-004,2026-06-09,2026-07-09,In Bearbeitung,
A00284,E10033,T-005,2026-06-02,2026-07-02,Abgeschlossen,2026-06-22
A00285,E10033,T-010,2019-01-03,2019-03-04,Abgeschlossen,2019-02-05
A00286,E10033,T-006,2026-08-14,2026-11-12,Abgeschlossen,2026-10-20
A00287,E10033,T-008,2026-10-06,2026-11-05,In Bearbeitung,
A00288,E10033,T-015,2025-12-09,2026-03-09,Abgeschlossen,2026-01-09
A00289,E10034,T-001,2026-06-10,2026-07-10,Abgeschlossen,2026-06-14
A00290,E10034,T-002,2026-06-19,2026-07-19,Abgeschlossen,2026-06-26
A00291,E10034,T-003,2026-09-21,2026-11-20,Abgeschlossen,2026-09-28
A00292,E10034,T-004,2026-06-10,2026-07-25,In Bearbeitung,
A00293,E10034,T-005,2026-02-25,2026-05-26,Abgeschlossen,2026-05-07
A00294,E10034,T-010,2019-01-03,2019-03-04,Abgeschlossen,2019-02-21
A00295,E10034,T-006,2026-01-30,2026-04-30,Abgeschlossen,2026-04-26
A00296,E10034,T-008,2026-09-28,2026-12-27,Zugewiesen,
A00297,E10034,T-017,2026-02-23,2026-06-23,Zugewiesen,
A00298,E10035,T-001,2026-04-09,2026-07-08,Abgeschlossen,2026-07-04
A00299,E10035,T-002,2025-12-23,2026-02-21,Abgeschlossen,2026-02-21
A00300,E10035,T-003,2026-05-02,2026-07-31,Abgeschlossen,2026-07-09
A00301,E10035,T-004,2026-06-10,2026-07-25,Zugewiesen,
A00302,E10035,T-005,2026-06-10,2026-09-08,Abgeschlossen,2026-06-29
A00303,E10035,T-010,2019-01-01,2019-03-02,Abgeschlossen,2019-01-17
A00304,E10035,T-006,2026-04-15,2026-05-15,Abgeschlossen,2026-05-03
A00305,E10035,T-008,2026-02-23,2026-05-24,Abgeschlossen,2026-03-13
A00306,E10035,T-016,2026-05-28,2026-07-27,Abgeschlossen,2026-06-28
A00307,E10036,T-001,2026-10-02,2026-12-01,Abgeschlossen,2026-10-08
A00308,E10036,T-002,2026-04-07,2026-05-07,Abgeschlossen,2026-05-12
A00309,E10036,T-003,2026-09-10,2026-12-09,Zugewiesen,
A00310,E10036,T-004,2026-06-06,2026-07-21,In Bearbeitung,
A00311,E10036,T-005,2026-09-28,2026-11-27,Abgeschlossen,2026-10-31
A00312,E10036,T-010,2019-01-06,2019-03-07,Abgeschlossen,2019-01-29
A00313,E10036,T-006,2026-04-30,2026-06-29,Abgeschlossen,2026-06-20
A00314,E10036,T-008,2026-07-19,2026-09-17,Abgeschlossen,2026-07-23
A00315,E10036,T-015,2026-10-01,2027-01-29,Zugewiesen,
A00316,E10036,T-016,2025-12-23,2026-04-22,Abgeschlossen,2026-03-02
A00317,E10037,T-001,2026-03-18,2026-05-17,Abgeschlossen,2026-05-07
A00318,E10037,T-002,2026-06-22,2026-09-20,Abgeschlossen,2026-06-29
A00319,E10037,T-003,2026-08-13,2026-10-12,Abgeschlossen,2026-09-19
A00320,E10037,T-004,2026-06-06,2026-07-21,Zugewiesen,
A00321,E10037,T-005,2026-06-06,2026-08-05,Abgeschlossen,2026-06-23
A00322,E10037,T-010,2026-01-20,2026-03-21,Abgeschlossen,2026-02-07
A00323,E10037,T-006,2026-07-02,2026-09-30,In Bearbeitung,
A00324,E10037,T-008,2026-02-06,2026-03-08,Abgeschlossen,2026-03-17
A00325,E10037,T-016,2026-09-09,2026-11-08,Zugewiesen,
A00326,E10038,T-001,2026-03-21,2026-06-19,Abgeschlossen,2026-06-26
A00327,E10038,T-002,2026-09-19,2026-11-18,Abgeschlossen,2026-09-23
A00328,E10038,T-003,2026-09-29,2026-12-28,Zugewiesen,
A00329,E10038,T-004,2026-06-11,2026-07-26,In Bearbeitung,
A00330,E10038,T-005,2026-03-10,2026-05-09,Abgeschlossen,2026-04-28
A00331,E10038,T-010,2023-02-22,2023-04-23,Abgeschlossen,2023-03-02
A00332,E10038,T-006,2026-06-04,2026-07-04,Abgeschlossen,2026-06-28
A00333,E10038,T-008,2026-04-17,2026-06-16,Abgeschlossen,2026-06-01
A00334,E10038,T-015,2026-01-02,2026-03-03,Zugewiesen,
A00335,E10038,T-016,2026-07-01,2026-09-29,Abgeschlossen,2026-10-09
A00336,E10039,T-001,2026-03-13,2026-06-11,Abgeschlossen,2026-05-10
A00337,E10039,T-002,2026-10-01,2026-10-31,Abgeschlossen,2026-10-23
A00338,E10039,T-003,2026-04-21,2026-05-21,Abgeschlossen,2026-05-13
A00339,E10039,T-004,2026-06-07,2026-08-06,Zugewiesen,
A00340,E10039,T-005,2026-05-19,2026-08-17,Abgeschlossen,2026-07-09
A00341,E10039,T-010,2023-07-21,2023-09-19,Abgeschlossen,2023-08-27
A00342,E10039,T-006,2026-03-06,2026-05-05,Abgeschlossen,2026-03-19
A00343,E10039,T-008,2026-07-01,2026-08-30,Abgeschlossen,2026-07-07
A00344,E10039,T-014,2026-07-31,2026-11-28,Zugewiesen,
A00345,E10040,T-001,2026-08-12,2026-10-11,Abgeschlossen,2026-09-08
A00346,E10040,T-002,2026-06-01,2026-08-30,Abgeschlossen,2026-06-20
A00347,E10040,T-003,2026-10-10,2026-11-09,Abgeschlossen,2026-10-19
A00348,E10040,T-004,2026-06-08,2026-07-08,Zugewiesen,
A00349,E10040,T-005,2026-02-26,2026-05-27,Abgeschlossen,2026-03-19
A00350,E10040,T-010,2025-11-22,2026-01-21,Abgeschlossen,2025-11-28
A00351,E10040,T-006,2026-02-26,2026-05-27,Abgeschlossen,2026-04-05
A00352,E10040,T-008,2026-05-14,2026-07-13,Abgeschlossen,2026-06-24
A00353,E10040,T-017,2025-11-05,2026-02-03,In Bearbeitung,
A00354,E10041,T-001,2026-01-28,2026-02-27,Abgeschlossen,2026-02-23
A00355,E10041,T-002,2026-05-06,2026-07-05,Abgeschlossen,2026-05-22
A00356,E10041,T-003,2026-03-01,2026-04-30,Abgeschlossen,2026-05-05
A00357,E10041,T-004,2026-06-07,2026-08-06,Zugewiesen,
A00358,E10041,T-005,2026-09-03,2026-12-02,Abgeschlossen,2026-09-08
A00359,E10041,T-010,2020-04-28,2020-06-27,Abgeschlossen,2020-05-21
A00360,E10041,T-006,2026-09-20,2026-10-20,Abgeschlossen,2026-10-20
A00361,E10041,T-008,2026-05-27,2026-08-25,Abgeschlossen,2026-08-23
A00362,E10041,T-017,2025-12-19,2026-02-17,Zugewiesen,
A00363,E10042,T-001,2026-03-21,2026-05-20,Abgeschlossen,2026-04-03
A00364,E10042,T-002,2026-06-13,2026-07-13,Abgeschlossen,2026-07-18
A00365,E10042,T-003,2026-09-13,2026-12-12,In Bearbeitung,
A00366,E10042,T-004,2026-06-07,2026-07-22,Abgeschlossen,2026-07-31
A00367,E10042,T-005,2026-02-04,2026-05-05,Abgeschlossen,2026-03-22
A00368,E10042,T-010,2019-01-12,2019-03-13,Abgeschlossen,2019-03-06
A00369,E10042,T-006,2026-03-25,2026-04-24,Abgeschlossen,2026-04-29
A00370,E10042,T-008,2026-06-07,2026-07-07,Abgeschlossen,2026-07-06
A00371,E10043,T-001,2026-09-02,2026-11-01,Abgeschlossen,2026-09-09
A00372,E10043,T-002,2026-04-18,2026-07-17,Abgeschlossen,2026-07-15
A00373,E10043,T-003,2026-04-14,2026-05-14,Abgeschlossen,2026-04-28
A00374,E10043,T-004,2026-06-05,2026-07-05,Abgeschlossen,2026-06-23
A00375,E10043,T-005,2026-02-20,2026-04-21,Abgeschlossen,2026-02-27
A00376,E10043,T-010,2022-12-16,2023-02-14,Abgeschlossen,2023-02-03
A00377,E10043,T-006,2026-06-23,2026-07-23,Abgeschlossen,2026-07-16
A00378,E10043,T-008,2026-09-02,2026-11-01,Abgeschlossen,2026-09-17
A00379,E10044,T-001,2026-02-10,2026-05-11,Abgeschlossen,2026-04-19
A00380,E10044,T-002,2026-01-27,2026-03-28,Abgeschlossen,2026-03-07
A00381,E10044,T-003,2026-08-15,2026-10-14,Abgeschlossen,2026-08-16
A00382,E10044,T-004,2026-06-12,2026-08-11,Abgeschlossen,2026-07-27
A00383,E10044,T-005,2026-07-04,2026-09-02,Abgeschlossen,2026-08-08
A00384,E10044,T-010,2022-01-25,2022-03-26,Abgeschlossen,2022-03-29
A00385,E10044,T-006,2026-09-26,2026-11-25,In Bearbeitung,
A00386,E10044,T-008,2026-01-01,2026-03-02,Abgeschlossen,2026-03-02
A00387,E10044,T-015,2026-06-07,2026-08-06,Zugewiesen,
A00388,E10045,T-001,2026-07-17,2026-09-15,Abgeschlossen,2026-09-21
A00389,E10045,T-002,2026-04-07,2026-05-07,In Bearbeitung,
A00390,E10045,T-003,2026-05-26,2026-06-25,Abgeschlossen,2026-06-11
A00391,E10045,T-004,2026-06-08,2026-07-08,In Bearbeitung,
A00392,E10045,T-005,2026-07-26,2026-08-25,Abgeschlossen,2026-09-01
A00393,E10045,T-010,2019-01-07,2019-03-08,Abgeschlossen,2019-02-26
A00394,E10045,T-006,2026-05-22,2026-08-20,Abgeschlossen,2026-06-18
A00395,E10045,T-008,2026-10-09,2026-11-08,Abgeschlossen,2026-10-10
A00396,E10045,T-015,2025-11-23,2026-03-23,Zugewiesen,
A00397,E10045,T-016,2025-12-15,2026-03-15,Zugewiesen,
A00398,E10046,T-001,2026-07-15,2026-10-13,Abgeschlossen,2026-08-31
A00399,E10046,T-002,2026-06-25,2026-08-24,Abgeschlossen,2026-08-09
A00400,E10046,T-003,2026-09-27,2026-11-26,Zugewiesen,
A00401,E10046,T-004,2026-06-11,2026-08-10,Zugewiesen,
A00402,E10046,T-005,2026-08-16,2026-11-14,Zugewiesen,
A00403,E10046,T-010,2019-01-08,2019-03-09,Abgeschlossen,2019-02-05
A00404,E10046,T-006,2026-04-11,2026-05-11,Abgeschlossen,2026-04-22
A00405,E10046,T-008,2026-08-01,2026-10-30,Abgeschlossen,2026-10-20
A00406,E10046,T-014,2026-01-23,2026-05-23,Zugewiesen,
A00407,E10047,T-001,2026-10-02,2026-12-31,Abgeschlossen,2026-10-11
A00408,E10047,T-002,2026-03-27,2026-06-25,Abgeschlossen,2026-06-24
A00409,E10047,T-003,2026-03-29,2026-06-27,Abgeschlossen,2026-04-10
A00410,E10047,T-004,2026-06-06,2026-07-06,Zugewiesen,
A00411,E10047,T-005,2026-09-22,2026-11-21,Abgeschlossen,2026-10-14
A00412,E10047,T-010,2019-01-14,2019-03-15,Abgeschlossen,2019-02-14
A00413,E10047,T-006,2026-09-17,2026-10-17,Abgeschlossen,2026-10-05
A00414,E10047,T-008,2026-06-30,2026-07-30,Abgeschlossen,2026-07-08
A00415,E10048,T-001,2026-06-04,2026-08-03,Abgeschlossen,2026-08-04
A00416,E10048,T-002,2026-10-07,2026-11-06,Abgeschlossen,2026-10-28
A00417,E10048,T-003,2026-07-23,2026-08-22,Abgeschlossen,2026-08-25
A00418,E10048,T-004,2026-06-07,2026-08-06,Zugewiesen,
A00419,E10048,T-005,2026-08-20,2026-10-19,Abgeschlossen,2026-09-29
A00420,E10048,T-010,2024-06-07,2024-08-06,Abgeschlossen,2024-06-27
A00421,E10048,T-006,2026-08-24,2026-11-22,Zugewiesen,
A00422,E10048,T-008,2026-07-09,2026-09-07,Abgeschlossen,2026-09-13
A00423,E10049,T-001,2026-09-21,2026-10-21,Abgeschlossen,2026-10-05
A00424,E10049,T-002,2026-04-20,2026-06-19,Abgeschlossen,2026-05-24
A00425,E10049,T-003,2026-09-21,2026-11-20,Abgeschlossen,2026-10-29
A00426,E10049,T-004,2026-06-08,2026-08-07,Zugewiesen,
A00427,E10049,T-005,2026-07-17,2026-09-15,Abgeschlossen,2026-08-11
A00428,E10049,T-010,2019-01-13,2019-03-14,Abgeschlossen,2019-02-09
A00429,E10049,T-006,2026-09-27,2026-12-26,Abgeschlossen,2026-10-04
A00430,E10049,T-008,2026-06-26,2026-07-26,Abgeschlossen,2026-08-02
A00431,E10049,T-016,2026-09-27,2027-01-25,In Bearbeitung,
A00432,E10049,T-017,2026-06-12,2026-09-10,Zugewiesen,
A00433,E10050,T-001,2026-09-08,2026-12-07,Zugewiesen,
A00434,E10050,T-002,2026-08-18,2026-11-16,In Bearbeitung,
A00435,E10050,T-003,2026-04-15,2026-06-14,Abgeschlossen,2026-04-22
A00436,E10050,T-004,2026-06-10,2026-07-10,Abgeschlossen,2026-06-27
A00437,E10050,T-005,2026-04-09,2026-06-08,Abgeschlossen,2026-05-13
A00438,E10050,T-010,2023-05-24,2023-07-23,Abgeschlossen,2023-06-15
A00439,E10050,T-006,2026-07-17,2026-08-16,Abgeschlossen,2026-07-29
A00440,E10050,T-008,2026-07-01,2026-07-31,Abgeschlossen,2026-08-07
A00441,E10050,T-015,2026-08-01,2026-11-29,Zugewiesen,
A00442,E10051,T-001,2026-05-01,2026-07-30,Abgeschlossen,2026-06-01
A00443,E10051,T-002,2026-04-17,2026-05-17,Abgeschlossen,2026-04-21
A00444,E10051,T-003,2026-04-20,2026-05-20,Abgeschlossen,2026-05-06
A00445,E10051,T-004,2026-06-11,2026-07-11,Zugewiesen,
A00446,E10051,T-005,2026-10-09,2026-11-08,Abgeschlossen,2026-10-12
A00447,E10051,T-010,2022-01-22,2022-03-23,Abgeschlossen,2022-03-30
A00448,E10051,T-006,2026-05-02,2026-07-01,Abgeschlossen,2026-05-08
A00449,E10051,T-008,2026-04-26,2026-05-26,Abgeschlossen,2026-05-30
A00450,E10052,T-001,2026-03-17,2026-05-16,Abgeschlossen,2026-05-18
A00451,E10052,T-002,2026-06-30,2026-09-28,Abgeschlossen,2026-09-26
A00452,E10052,T-003,2026-08-11,2026-11-09,Abgeschlossen,2026-08-26
A00453,E10052,T-004,2026-06-12,2026-07-12,Abgeschlossen,2026-06-30
A00454,E10052,T-005,2026-05-30,2026-08-28,Abgeschlossen,2026-07-18
A00455,E10052,T-010,2019-01-04,2019-03-05,Abgeschlossen,2019-02-05
A00456,E10052,T-006,2026-03-29,2026-05-28,Abgeschlossen,2026-04-03
A00457,E10052,T-008,2026-01-15,2026-03-16,Abgeschlossen,2026-01-20
A00458,E10052,T-017,2026-01-17,2026-05-17,Zugewiesen,
A00459,E10053,T-001,2025-12-15,2026-02-13,Abgeschlossen,2025-12-25
A00460,E10053,T-002,2026-03-02,2026-05-31,Abgeschlossen,2026-03-12
A00461,E10053,T-003,2026-03-20,2026-04-19,Abgeschlossen,2026-03-28
A00462,E10053,T-004,2026-06-05,2026-07-20,Abgeschlossen,2026-06-27
A00463,E10053,T-005,2026-03-14,2026-06-12,Abgeschlossen,2026-03-15
A00464,E10053,T-010,2019-01-03,2019-03-04,Abgeschlossen,2019-03-12
A00465,E10053,T-006,2026-09-18,2026-12-17,Zugewiesen,
A00466,E10053,T-008,2026-08-31,2026-09-30,Abgeschlossen,2026-09-30
A00467,E10054,T-001,2025-12-26,2026-02-24,Abgeschlossen,2026-01-05
A00468,E10054,T-002,2025-12-15,2026-01-14,Abgeschlossen,2025-12-25
A00469,E10054,T-003,2026-02-24,2026-03-26,Abgeschlossen,2026-04-04
A00470,E10054,T-004,2026-06-12,2026-08-11,In Bearbeitung,
A00471,E10054,T-005,2026-02-20,2026-04-21,Abgeschlossen,2026-04-05
A00472,E10054,T-010,2020-10-13,2020-12-12,Abgeschlossen,2020-11-29
A00473,E10054,T-006,2026-03-16,2026-04-15,Abgeschlossen,2026-04-21
A00474,E10054,T-008,2026-04-21,2026-07-20,Abgeschlossen,2026-06-03
A00475,E10055,T-001,2026-01-10,2026-02-09,Abgeschlossen,2026-01-11
A00476,E10055,T-002,2025-12-26,2026-01-25,Abgeschlossen,2026-01-18
A00477,E10055,T-003,2026-07-26,2026-10-24,Abgeschlossen,2026-10-27
A00478,E10055,T-004,2026-06-10,2026-08-09,In Bearbeitung,
A00479,E10055,T-005,2026-04-30,2026-07-29,Abgeschlossen,2026-05-09
A00480,E10055,T-010,2019-01-10,2019-03-11,Abgeschlossen,2019-02-21
A00481,E10055,T-006,2026-09-26,2026-12-25,In Bearbeitung,
A00482,E10055,T-008,2026-02-24,2026-05-25,Abgeschlossen,2026-04-25
A00483,E10056,T-001,2026-04-05,2026-05-05,Abgeschlossen,2026-05-06
A00484,E10056,T-002,2026-09-28,2026-11-27,Zugewiesen,
A00485,E10056,T-003,2026-04-20,2026-07-19,Abgeschlossen,2026-04-23
A00486,E10056,T-004,2026-06-10,2026-07-25,Zugewiesen,
A00487,E10056,T-005,2026-03-18,2026-05-17,Abgeschlossen,2026-05-25
A00488,E10056,T-010,2019-01-04,2019-03-05,Abgeschlossen,2019-03-13
A00489,E10056,T-006,2026-02-06,2026-05-07,Abgeschlossen,2026-02-10
A00490,E10056,T-008,2026-10-13,2026-12-12,In Bearbeitung,
A00491,E10056,T-016,2025-12-13,2026-02-11,Zugewiesen,
A00492,E10057,T-001,2026-02-27,2026-05-28,Abgeschlossen,2026-04-11
A00493,E10057,T-002,2026-10-03,2026-11-02,Zugewiesen,
A00494,E10057,T-003,2026-05-18,2026-08-16,Abgeschlossen,2026-08-12
A00495,E10057,T-004,2026-06-06,2026-08-05,Abgeschlossen,2026-06-28
A00496,E10057,T-005,2026-07-08,2026-08-07,Abgeschlossen,2026-08-01
A00497,E10057,T-010,2019-01-07,2019-03-08,Abgeschlossen,2019-01-11
A00498,E10057,T-006,2026-09-21,2026-11-20,Zugewiesen,
A00499,E10057,T-008,2026-01-11,2026-03-12,Abgeschlossen,2026-02-22
A00500,E10058,T-001,2026-01-28,2026-02-27,Abgeschlossen,2026-02-23
A00501,E10058,T-002,2026-05-19,2026-06-18,Abgeschlossen,2026-05-29
A00502,E10058,T-003,2026-10-09,2026-12-08,In Bearbeitung,
A00503,E10058,T-004,2026-06-11,2026-07-26,Abgeschlossen,2026-07-20
A00504,E10058,T-005,2026-03-06,2026-04-05,Abgeschlossen,2026-04-05
A00505,E10058,T-010,2020-11-18,2021-01-17,Abgeschlossen,2021-01-02
A00506,E10058,T-006,2026-10-10,2026-11-09,Abgeschlossen,2026-10-13
A00507,E10058,T-008,2026-06-08,2026-09-06,Abgeschlossen,2026-09-07
A00508,E10059,T-001,2026-01-17,2026-03-18,Abgeschlossen,2026-02-12
A00509,E10059,T-002,2026-05-13,2026-06-12,Abgeschlossen,2026-05-20
A00510,E10059,T-003,2026-08-27,2026-09-26,Abgeschlossen,2026-09-28
A00511,E10059,T-004,2026-06-10,2026-07-10,Abgeschlossen,2026-07-17
A00512,E10059,T-005,2025-12-04,2026-03-04,Abgeschlossen,2026-02-14
A00513,E10059,T-010,2019-01-07,2019-03-08,Abgeschlossen,2019-01-13
A00514,E10059,T-006,2026-01-02,2026-04-02,Abgeschlossen,2026-03-03
A00515,E10059,T-008,2026-07-04,2026-09-02,Abgeschlossen,2026-07-07
A00516,E10060,T-001,2026-09-09,2026-10-09,Abgeschlossen,2026-10-12
A00517,E10060,T-002,2026-05-15,2026-08-13,Abgeschlossen,2026-08-14
A00518,E10060,T-003,2026-01-05,2026-04-05,Abgeschlossen,2026-02-08
A00519,E10060,T-004,2026-06-12,2026-07-27,Zugewiesen,
A00520,E10060,T-005,2026-01-01,2026-04-01,Abgeschlossen,2026-03-21
A00521,E10060,T-010,2021-01-26,2021-03-27,Abgeschlossen,2021-03-06
A00522,E10060,T-006,2026-06-09,2026-07-09,Abgeschlossen,2026-07-08
A00523,E10060,T-008,2026-10-04,2026-12-03,Zugewiesen,
A00524,E10061,T-001,2026-06-17,2026-09-15,Abgeschlossen,2026-06-22
A00525,E10061,T-002,2026-09-19,2026-11-18,Abgeschlossen,2026-10-27
A00526,E10061,T-003,2026-07-27,2026-10-25,Abgeschlossen,2026-08-07
A00527,E10061,T-004,2026-06-08,2026-07-08,Zugewiesen,
A00528,E10061,T-005,2026-10-05,2026-12-04,Abgeschlossen,2026-10-31
A00529,E10061,T-010,2019-01-12,2019-03-13,Abgeschlossen,2019-01-15
A00530,E10061,T-006,2026-01-05,2026-04-05,Abgeschlossen,2026-04-07
A00531,E10061,T-008,2026-09-12,2026-10-12,Abgeschlossen,2026-09-30
A00532,E10062,T-001,2026-09-14,2026-11-13,In Bearbeitung,
A00533,E10062,T-002,2026-07-29,2026-10-27,Abgeschlossen,2026-10-05
A00534,E10062,T-003,2026-02-20,2026-05-21,Abgeschlossen,2026-05-31
A00535,E10062,T-004,2026-06-10,2026-08-09,Abgeschlossen,2026-08-15
A00536,E10062,T-005,2026-01-17,2026-02-16,Abgeschlossen,2026-02-25
A00537,E10062,T-010,2020-06-23,2020-08-22,Abgeschlossen,2020-08-07
A00538,E10062,T-006,2026-09-09,2026-11-08,Abgeschlossen,2026-09-28
A00539,E10062,T-008,2026-09-27,2026-10-27,Abgeschlossen,2026-10-02
A00540,E10063,T-001,2026-03-06,2026-06-04,Zugewiesen,
A00541,E10063,T-002,2026-01-25,2026-03-26,Abgeschlossen,2026-01-27
A00542,E10063,T-003,2026-03-10,2026-05-09,Abgeschlossen,2026-05-09
A00543,E10063,T-004,2026-06-11,2026-07-11,In Bearbeitung,
A00544,E10063,T-005,2026-03-13,2026-05-12,Abgeschlossen,2026-05-22
A00545,E10063,T-010,2019-01-14,2019-03-15,Abgeschlossen,2019-01-27
A00546,E10063,T-006,2026-01-08,2026-02-07,Abgeschlossen,2026-01-13
A00547,E10063,T-008,2026-08-29,2026-11-27,In Bearbeitung,
A00548,E10064,T-001,2026-10-01,2026-11-30,In Bearbeitung,
A00549,E10064,T-002,2026-04-16,2026-05-16,Abgeschlossen,2026-05-09
A00550,E10064,T-003,2025-12-31,2026-03-01,Abgeschlossen,2026-01-30
A00551,E10064,T-004,2026-06-06,2026-07-06,Zugewiesen,
A00552,E10064,T-005,2026-06-02,2026-08-01,Abgeschlossen,2026-06-11
A00553,E10064,T-010,2019-01-11,2019-03-12,Abgeschlossen,2019-03-06
A00554,E10064,T-006,2026-06-06,2026-07-06,Abgeschlossen,2026-06-14
A00555,E10064,T-008,2026-09-13,2026-11-12,Abgeschlossen,2026-10-13
A00556,E10065,T-001,2026-04-28,2026-07-27,Abgeschlossen,2026-06-22
A00557,E10065,T-002,2026-01-20,2026-04-20,Abgeschlossen,2026-02-09
A00558,E10065,T-003,2026-03-21,2026-06-19,Abgeschlossen,2026-06-24
A00559,E10065,T-004,2026-06-07,2026-08-06,In Bearbeitung,
A00560,E10065,T-005,2026-04-05,2026-07-04,Zugewiesen,
A00561,E10065,T-010,2020-05-09,2020-07-08,Abgeschlossen,2020-05-17
A00562,E10065,T-006,2026-01-11,2026-02-10,Abgeschlossen,2026-01-21
A00563,E10065,T-008,2026-10-10,2026-12-09,Abgeschlossen,2026-10-19
A00564,E10065,T-015,2026-07-07,2026-10-05,Abgeschlossen,2026-09-13
A00565,E10066,T-001,2026-05-16,2026-08-14,Abgeschlossen,2026-08-18
A00566,E10066,T-002,2026-03-25,2026-04-24,Abgeschlossen,2026-04-09
A00567,E10066,T-003,2026-08-27,2026-11-25,Abgeschlossen,2026-09-30
A00568,E10066,T-004,2026-06-08,2026-07-08,In Bearbeitung,
A00569,E10066,T-005,2026-03-15,2026-05-14,Abgeschlossen,2026-04-04
A00570,E10066,T-010,2019-01-07,2019-03-08,Abgeschlossen,2019-02-14
A00571,E10066,T-006,2026-02-28,2026-05-29,Abgeschlossen,2026-05-15
A00572,E10066,T-008,2026-04-20,2026-06-19,Abgeschlossen,2026-05-19
A00573,E10067,T-001,2026-09-17,2026-10-17,Abgeschlossen,2026-10-04
A00574,E10067,T-002,2026-07-30,2026-09-28,Abgeschlossen,2026-09-22
A00575,E10067,T-003,2026-07-26,2026-10-24,Abgeschlossen,2026-08-04
A00576,E10067,T-004,2026-06-10,2026-08-09,Abgeschlossen,2026-07-08
A00577,E10067,T-005,2026-07-01,2026-08-30,Abgeschlossen,2026-07-12
A00578,E10067,T-010,2019-01-08,2019-03-09,Abgeschlossen,2019-01-14
A00579,E10067,T-006,2025-12-23,2026-03-23,Abgeschlossen,2026-03-01
A00580,E10067,T-008,2026-05-27,2026-06-26,Abgeschlossen,2026-06-09
A00581,E10067,T-017,2026-01-10,2026-05-10,In Bearbeitung,
A00582,E10068,T-001,2026-04-21,2026-06-20,Zugewiesen,
A00583,E10068,T-002,2026-08-16,2026-11-14,Abgeschlossen,2026-09-03
A00584,E10068,T-003,2026-04-26,2026-06-25,Abgeschlossen,2026-06-07
A00585,E10068,T-004,2026-06-05,2026-07-20,In Bearbeitung,
A00586,E10068,T-005,2026-01-20,2026-03-21,Abgeschlossen,2026-03-22
A00587,E10068,T-010,2019-01-04,2019-03-05,Abgeschlossen,2019-02-21
A00588,E10068,T-006,2026-06-20,2026-08-19,Abgeschlossen,2026-07-24
A00589,E10068,T-008,2026-06-22,2026-09-20,Abgeschlossen,2026-09-13
A00590,E10068,T-014,2026-09-24,2027-01-22,In Bearbeitung,
A00591,E10069,T-001,2026-01-23,2026-02-22,Abgeschlossen,2026-02-07
A00592,E10069,T-002,2026-04-05,2026-06-04,Abgeschlossen,2026-05-08
A00593,E10069,T-003,2026-03-15,2026-05-14,Abgeschlossen,2026-04-22
A00594,E10069,T-004,2026-06-10,2026-08-09,In Bearbeitung,
A00595,E10069,T-005,2025-12-25,2026-01-24,Zugewiesen,
A00596,E10069,T-010,2019-01-05,2019-03-06,Abgeschlossen,2019-01-06
A00597,E10069,T-006,2026-04-23,2026-05-23,Abgeschlossen,2026-05-29
A00598,E10069,T-008,2026-06-23,2026-07-23,Abgeschlossen,2026-07-15
A00599,E10069,T-015,2025-12-22,2026-04-21,Abgeschlossen,2026-07-31
A00600,E10070,T-001,2026-03-31,2026-04-30,Abgeschlossen,2026-04-12
A00601,E10070,T-002,2026-09-29,2026-11-28,In Bearbeitung,
A00602,E10070,T-003,2026-05-29,2026-08-27,Abgeschlossen,2026-08-18
A00603,E10070,T-004,2026-06-07,2026-07-07,Abgeschlossen,2026-07-15
A00604,E10070,T-005,2026-05-20,2026-07-19,Abgeschlossen,2026-05-27
A00605,E10070,T-010,2019-01-01,2019-03-02,Abgeschlossen,2019-01-19
A00606,E10070,T-006,2026-07-20,2026-09-18,Abgeschlossen,2026-07-26
A00607,E10070,T-008,2026-10-09,2026-11-08,Abgeschlossen,2026-10-27
A00608,E10071,T-001,2026-07-24,2026-10-22,Abgeschlossen,2026-09-09
A00609,E10071,T-002,2026-06-16,2026-08-15,Abgeschlossen,2026-08-01
A00610,E10071,T-003,2026-05-16,2026-08-14,Abgeschlossen,2026-08-15
A00611,E10071,T-004,2026-06-12,2026-07-27,Zugewiesen,
A00612,E10071,T-005,2026-05-15,2026-07-14,Abgeschlossen,2026-06-26
A00613,E10071,T-010,2025-11-18,2026-01-17,Abgeschlossen,2025-12-27
A00614,E10071,T-006,2026-09-23,2026-12-22,Abgeschlossen,2026-09-30
A00615,E10071,T-008,2026-07-28,2026-08-27,Abgeschlossen,2026-08-30
A00616,E10071,T-014,2026-03-15,2026-06-13,Abgeschlossen,2026-05-01
A00617,E10072,T-001,2026-07-30,2026-08-29,Abgeschlossen,2026-08-05
A00618,E10072,T-002,2025-12-15,2026-01-14,Abgeschlossen,2025-12-17
A00619,E10072,T-003,2026-08-31,2026-11-29,In Bearbeitung,
A00620,E10072,T-004,2026-06-08,2026-07-08,In Bearbeitung,
A00621,E10072,T-005,2026-01-19,2026-04-19,Abgeschlossen,2026-02-02
A00622,E10072,T-010,2019-01-15,2019-03-16,Abgeschlossen,2019-03-24
A00623,E10072,T-006,2026-02-23,2026-04-24,Abgeschlossen,2026-03-16
A00624,E10072,T-008,2026-07-25,2026-08-24,Abgeschlossen,2026-08-19
A00625,E10072,T-014,2025-11-15,2026-02-13,Zugewiesen,
A00626,E10073,T-001,2026-05-04,2026-07-03,Abgeschlossen,2026-05-27
A00627,E10073,T-002,2026-03-24,2026-05-23,Abgeschlossen,2026-04-04
A00628,E10073,T-003,2026-10-12,2026-11-11,In Bearbeitung,
A00629,E10073,T-004,2026-06-08,2026-08-07,Abgeschlossen,2026-07-23
A00630,E10073,T-005,2026-03-04,2026-05-03,Abgeschlossen,2026-04-20
A00631,E10073,T-010,2022-12-04,2023-02-02,Abgeschlossen,2023-01-22
A00632,E10073,T-006,2025-12-15,2026-01-14,Abgeschlossen,2025-12-20
A00633,E10073,T-008,2026-07-16,2026-10-14,In Bearbeitung,
A00634,E10073,T-016,2026-01-05,2026-04-05,Zugewiesen,
A00635,E10074,T-001,2026-10-07,2026-11-06,Abgeschlossen,2026-10-22
A00636,E10074,T-002,2026-09-30,2026-12-29,Zugewiesen,
A00637,E10074,T-003,2026-02-08,2026-03-10,Abgeschlossen,2026-02-19
A00638,E10074,T-004,2026-06-09,2026-08-08,Abgeschlossen,2026-06-17
A00639,E10074,T-005,2026-09-30,2026-11-29,Zugewiesen,
A00640,E10074,T-010,2019-01-08,2019-03-09,Abgeschlossen,2019-03-15
A00641,E10074,T-006,2026-03-16,2026-04-15,Abgeschlossen,2026-04-03
A00642,E10074,T-008,2026-01-29,2026-02-28,Abgeschlossen,2026-02-19
A00643,E10074,T-014,2026-05-27,2026-07-26,Abgeschlossen,2026-10-12
A00644,E10075,T-001,2026-09-19,2026-11-18,Abgeschlossen,2026-09-29
A00645,E10075,T-002,2026-02-05,2026-05-06,Abgeschlossen,2026-03-13
A00646,E10075,T-003,2026-07-02,2026-09-30,Abgeschlossen,2026-07-26
A00647,E10075,T-004,2026-06-09,2026-08-08,Zugewiesen,
A00648,E10075,T-005,2026-07-28,2026-09-26,Abgeschlossen,2026-09-20
A00649,E10075,T-010,2019-10-09,2019-12-08,Abgeschlossen,2019-12-06
A00650,E10075,T-006,2025-12-24,2026-01-23,Abgeschlossen,2026-01-03
A00651,E10075,T-008,2026-06-23,2026-08-22,Abgeschlossen,2026-06-28
A00652,E10075,T-017,2026-07-09,2026-11-06,Zugewiesen,
A00653,E10076,T-001,2025-12-15,2026-02-13,Abgeschlossen,2025-12-31
A00654,E10076,T-002,2026-03-20,2026-05-19,Abgeschlossen,2026-04-24
A00655,E10076,T-003,2026-03-18,2026-05-17,Abgeschlossen,2026-04-20
A00656,E10076,T-004,2026-06-10,2026-08-09,Abgeschlossen,2026-08-13
A00657,E10076,T-005,2026-06-06,2026-09-04,Abgeschlossen,2026-08-02
A00658,E10076,T-010,2022-08-12,2022-10-11,Abgeschlossen,2022-08-28
A00659,E10076,T-006,2026-08-11,2026-10-10,Abgeschlossen,2026-08-18
A00660,E10076,T-008,2025-12-05,2026-03-05,Abgeschlossen,2025-12-17
A00661,E10076,T-014,2025-12-15,2026-04-14,In Bearbeitung,
A00662,E10077,T-001,2026-09-04,2026-12-03,Zugewiesen,
A00663,E10077,T-002,2026-02-16,2026-04-17,Abgeschlossen,2026-04-25
A00664,E10077,T-003,2026-06-16,2026-07-16,Abgeschlossen,2026-07-09
A00665,E10077,T-004,2026-06-11,2026-07-26,Abgeschlossen,2026-08-02
A00666,E10077,T-005,2026-01-07,2026-03-08,Abgeschlossen,2026-01-16
A00667,E10077,T-010,2019-01-15,2019-03-16,Abgeschlossen,2019-02-21
A00668,E10077,T-006,2026-10-04,2026-11-03,Zugewiesen,
A00669,E10077,T-008,2026-03-19,2026-04-18,Abgeschlossen,2026-04-23
A00670,E10078,T-001,2026-06-02,2026-08-01,Abgeschlossen,2026-07-26
A00671,E10078,T-002,2026-09-25,2026-11-24,Abgeschlossen,2026-10-01
A00672,E10078,T-003,2026-01-27,2026-02-26,Abgeschlossen,2026-02-19
A00673,E10078,T-004,2026-06-10,2026-07-10,In Bearbeitung,
A00674,E10078,T-005,2026-02-01,2026-04-02,Abgeschlossen,2026-03-19
A00675,E10078,T-010,2019-01-14,2019-03-15,Abgeschlossen,2019-01-20
A00676,E10078,T-006,2026-05-04,2026-06-03,Zugewiesen,
A00677,E10078,T-008,2026-08-02,2026-10-01,Zugewiesen,
A00678,E10079,T-001,2026-01-01,2026-03-02,Abgeschlossen,2026-03-08
A00679,E10079,T-002,2026-09-26,2026-12-25,Zugewiesen,
A00680,E10079,T-003,2026-08-25,2026-11-23,Zugewiesen,
A00681,E10079,T-004,2026-06-07,2026-07-22,Zugewiesen,
A00682,E10079,T-005,2026-02-24,2026-05-25,Abgeschlossen,2026-03-28
A00683,E10079,T-010,2019-01-12,2019-03-13,Abgeschlossen,2019-03-23
A00684,E10079,T-006,2026-01-11,2026-04-11,Abgeschlossen,2026-02-24
A00685,E10079,T-008,2026-07-21,2026-08-20,Abgeschlossen,2026-08-07
A00686,E10080,T-001,2026-03-10,2026-04-09,Abgeschlossen,2026-03-26
A00687,E10080,T-002,2026-07-28,2026-10-26,Abgeschlossen,2026-08-18
A00688,E10080,T-003,2026-09-09,2026-10-09,Abgeschlossen,2026-09-10
A00689,E10080,T-004,2026-06-05,2026-08-04,In Bearbeitung,
A00690,E10080,T-005,2026-06-16,2026-08-15,Abgeschlossen,2026-07-13
A00691,E10080,T-010,2019-01-15,2019-03-16,Abgeschlossen,2019-02-16
A00692,E10080,T-006,2025-12-05,2026-01-04,Abgeschlossen,2026-01-07
A00693,E10080,T-008,2026-01-04,2026-03-05,Abgeschlossen,2026-02-27
A00694,E10080,T-014,2026-03-13,2026-05-12,Abgeschlossen,2026-06-13
A00695,E10080,T-015,2026-09-02,2026-12-31,Zugewiesen,
A00696,E10081,T-001,2026-02-05,2026-03-07,Abgeschlossen,2026-02-08
A00697,E10081,T-002,2026-08-20,2026-09-19,Abgeschlossen,2026-09-22
A00698,E10081,T-003,2026-04-08,2026-05-08,Abgeschlossen,2026-04-14
A00699,E10081,T-004,2026-06-12,2026-08-11,Zugewiesen,
A00700,E10081,T-005,2026-01-23,2026-02-22,Abgeschlossen,2026-03-01
A00701,E10081,T-010,2023-07-04,2023-09-02,Abgeschlossen,2023-09-06
A00702,E10081,T-006,2026-03-17,2026-04-16,Abgeschlossen,2026-03-29
A00703,E10081,T-008,2026-06-27,2026-09-25,Zugewiesen,
A00704,E10081,T-017,2026-05-29,2026-08-27,Abgeschlossen,2026-07-27
A00705,E10082,T-001,2026-05-14,2026-08-12,Abgeschlossen,2026-06-02
A00706,E10082,T-002,2026-08-13,2026-10-12,Abgeschlossen,2026-08-19
A00707,E10082,T-003,2026-06-28,2026-08-27,Abgeschlossen,2026-08-22
A00708,E10082,T-004,2026-06-07,2026-08-06,Zugewiesen,
A00709,E10082,T-005,2026-05-15,2026-08-13,Abgeschlossen,2026-06-07
A00710,E10082,T-010,2019-01-03,2019-03-04,Abgeschlossen,2019-01-07
A00711,E10082,T-006,2026-09-17,2026-10-17,Zugewiesen,
A00712,E10082,T-008,2026-04-08,2026-07-07,Abgeschlossen,2026-04-11
A00713,E10082,T-015,2026-06-25,2026-09-23,Abgeschlossen,2026-07-10
A00714,E10082,T-017,2026-03-30,2026-06-28,In Bearbeitung,
A00715,E10083,T-001,2026-02-24,2026-05-25,Abgeschlossen,2026-03-03
A00716,E10083,T-002,2026-02-19,2026-03-21,Abgeschlossen,2026-02-25
A00717,E10083,T-003,2026-06-13,2026-07-13,Abgeschlossen,2026-07-09
A00718,E10083,T-004,2026-06-06,2026-08-05,In Bearbeitung,
A00719,E10083,T-005,2026-05-30,2026-07-29,Abgeschlossen,2026-06-16
A00720,E10083,T-010,2026-01-11,2026-03-12,Abgeschlossen,2026-02-17
A00721,E10083,T-006,2026-04-11,2026-07-10,Abgeschlossen,2026-06-15
A00722,E10083,T-008,2026-04-11,2026-06-10,Abgeschlossen,2026-05-26
A00723,E10084,T-001,2025-12-22,2026-01-21,Abgeschlossen,2026-01-17
A00724,E10084,T-002,2026-09-12,2026-10-12,Zugewiesen,
A00725,E10084,T-003,2026-01-28,2026-02-27,Zugewiesen,
A00726,E10084,T-004,2026-06-07,2026-08-06,Zugewiesen,
A00727,E10084,T-005,2025-12-31,2026-03-31,Abgeschlossen,2026-01-16
A00728,E10084,T-010,2023-09-22,2023-11-21,Abgeschlossen,2023-09-26
A00729,E10084,T-006,2026-02-28,2026-04-29,Abgeschlossen,2026-04-17
A00730,E10084,T-008,2026-09-29,2026-12-28,Abgeschlossen,2026-10-20
A00731,E10085,T-001,2026-02-05,2026-03-07,Abgeschlossen,2026-02-11
A00732,E10085,T-002,2026-09-25,2026-11-24,In Bearbeitung,
A00733,E10085,T-003,2026-03-29,2026-05-28,Abgeschlossen,2026-05-02
A00734,E10085,T-004,2026-06-09,2026-08-08,In Bearbeitung,
A00735,E10085,T-005,2026-08-20,2026-11-18,Zugewiesen,
A00736,E10085,T-010,2024-02-11,2024-04-11,Abgeschlossen,2024-03-10
A00737,E10085,T-006,2025-12-15,2026-01-14,Abgeschlossen,2025-12-23
A00738,E10085,T-008,2026-02-09,2026-05-10,Abgeschlossen,2026-05-13
A00739,E10086,T-001,2026-04-05,2026-06-04,Abgeschlossen,2026-06-10
A00740,E10086,T-002,2026-08-20,2026-09-19,Abgeschlossen,2026-08-22
A00741,E10086,T-003,2026-07-31,2026-10-29,Abgeschlossen,2026-10-16
A00742,E10086,T-004,2026-06-08,2026-07-23,Abgeschlossen,2026-07-19
A00743,E10086,T-005,2026-08-24,2026-09-23,Abgeschlossen,2026-09-06
A00744,E10086,T-010,2019-01-07,2019-03-08,Abgeschlossen,2019-03-07
A00745,E10086,T-006,2026-01-11,2026-04-11,Abgeschlossen,2026-02-24
A00746,E10086,T-008,2026-10-01,2026-11-30,In Bearbeitung,
A00747,E10086,T-015,2026-07-29,2026-11-26,In Bearbeitung,
A00748,E10087,T-001,2026-06-14,2026-09-12,Abgeschlossen,2026-07-17
A00749,E10087,T-002,2026-04-24,2026-07-23,In Bearbeitung,
A00750,E10087,T-003,2026-02-07,2026-04-08,Abgeschlossen,2026-02-25
A00751,E10087,T-004,2026-06-07,2026-07-07,In Bearbeitung,
A00752,E10087,T-005,2026-05-14,2026-06-13,Abgeschlossen,2026-06-19
A00753,E10087,T-010,2019-01-08,2019-03-09,Abgeschlossen,2019-01-22
A00754,E10087,T-006,2026-03-24,2026-06-22,Abgeschlossen,2026-06-04
A00755,E10087,T-008,2026-09-13,2026-10-13,Abgeschlossen,2026-09-15
A00756,E10088,T-001,2026-01-14,2026-04-14,Zugewiesen,
A00757,E10088,T-002,2025-12-15,2026-01-14,Abgeschlossen,2026-01-19
A00758,E10088,T-003,2026-09-23,2026-12-22,In Bearbeitung,
A00759,E10088,T-004,2026-06-12,2026-07-27,Zugewiesen,
A00760,E10088,T-005,2026-06-20,2026-09-18,Abgeschlossen,2026-08-01
A00761,E10088,T-010,2020-08-21,2020-10-20,Abgeschlossen,2020-10-21
A00762,E10088,T-006,2026-06-13,2026-08-12,Abgeschlossen,2026-06-15
A00763,E10088,T-008,2026-07-06,2026-09-04,Abgeschlossen,2026-08-01
A00764,E10089,T-001,2026-05-16,2026-07-15,Abgeschlossen,2026-07-25
A00765,E10089,T-002,2025-12-27,2026-01-26,Abgeschlossen,2026-02-05
A00766,E10089,T-003,2026-04-20,2026-07-19,Abgeschlossen,2026-04-25
A00767,E10089,T-004,2026-06-06,2026-07-21,Abgeschlossen,2026-07-20
A00768,E10089,T-005,2026-02-20,2026-03-22,Abgeschlossen,2026-03-24
A00769,E10089,T-010,2024-03-07,2024-05-06,Abgeschlossen,2024-05-09
A00770,E10089,T-006,2026-04-18,2026-07-17,Abgeschlossen,2026-07-05
A00771,E10089,T-008,2026-07-30,2026-09-28,Abgeschlossen,2026-08-31
A00772,E10089,T-015,2026-09-13,2027-01-11,In Bearbeitung,
A00773,E10090,T-001,2026-09-17,2026-12-16,In Bearbeitung,
A00774,E10090,T-002,2026-05-04,2026-06-03,Abgeschlossen,2026-05-07
A00775,E10090,T-003,2026-03-06,2026-06-04,Abgeschlossen,2026-05-28
A00776,E10090,T-004,2026-06-08,2026-07-08,In Bearbeitung,
A00777,E10090,T-005,2026-10-08,2027-01-06,In Bearbeitung,
A00778,E10090,T-010,2019-01-01,2019-03-02,Abgeschlossen,2019-01-15
A00779,E10090,T-006,2026-07-04,2026-08-03,Abgeschlossen,2026-07-10
A00780,E10090,T-008,2026-07-04,2026-08-03,Abgeschlossen,2026-07-10
A00781,E10091,T-001,2026-01-02,2026-02-01,Zugewiesen,
A00782,E10091,T-002,2026-03-09,2026-06-07,Abgeschlossen,2026-04-01
A00783,E10091,T-003,2026-10-04,2026-12-03,Zugewiesen,
A00784,E10091,T-004,2026-06-05,2026-07-05,In Bearbeitung,
A00785,E10091,T-005,2026-03-09,2026-06-07,Abgeschlossen,2026-04-28
A00786,E10091,T-010,2019-11-05,2020-01-04,Abgeschlossen,2019-12-09
A00787,E10091,T-006,2026-04-15,2026-07-14,Abgeschlossen,2026-06-25
A00788,E10091,T-008,2026-09-19,2026-12-18,Abgeschlossen,2026-10-23
A00789,E10092,T-001,2026-02-23,2026-05-24,Abgeschlossen,2026-03-08
A00790,E10092,T-002,2026-03-30,2026-04-29,Abgeschlossen,2026-03-31
A00791,E10092,T-003,2026-08-16,2026-11-14,In Bearbeitung,
A00792,E10092,T-004,2026-06-08,2026-08-07,Abgeschlossen,2026-07-03
A00793,E10092,T-005,2025-12-02,2026-01-31,Abgeschlossen,2026-01-01
A00794,E10092,T-010,2019-01-19,2019-03-20,Abgeschlossen,2019-03-01
A00795,E10092,T-006,2026-01-04,2026-03-05,Abgeschlossen,2026-02-25
A00796,E10092,T-008,2026-09-14,2026-11-13,Abgeschlossen,2026-10-27
A00797,E10093,T-001,2026-07-14,2026-09-12,Abgeschlossen,2026-09-20
A00798,E10093,T-002,2025-12-07,2026-02-05,Abgeschlossen,2026-02-12
A00799,E10093,T-003,2026-05-22,2026-08-20,Abgeschlossen,2026-08-27
A00800,E10093,T-004,2026-06-06,2026-07-06,In Bearbeitung,
A00801,E10093,T-005,2026-09-20,2026-11-19,Zugewiesen,
A00802,E10093,T-010,2020-05-17,2020-07-16,Abgeschlossen,2020-06-27
A00803,E10093,T-006,2025-12-31,2026-01-30,Abgeschlossen,2026-01-10
A00804,E10093,T-008,2026-04-09,2026-05-09,Abgeschlossen,2026-05-03
A00805,E10093,T-017,2025-12-02,2026-04-01,In Bearbeitung,
A00806,E10094,T-001,2025-12-28,2026-01-27,Abgeschlossen,2026-01-10
A00807,E10094,T-002,2026-06-25,2026-07-25,Abgeschlossen,2026-07-09
A00808,E10094,T-003,2026-02-24,2026-05-25,Abgeschlossen,2026-03-15
A00809,E10094,T-004,2026-06-07,2026-07-07,Abgeschlossen,2026-06-25
A00810,E10094,T-005,2026-08-16,2026-11-14,In Bearbeitung,
A00811,E10094,T-010,2023-08-14,2023-10-13,Abgeschlossen,2023-08-30
A00812,E10094,T-006,2026-01-29,2026-04-29,Abgeschlossen,2026-03-21
A00813,E10094,T-008,2026-04-14,2026-06-13,Abgeschlossen,2026-06-11
A00814,E10094,T-015,2026-05-12,2026-08-10,Abgeschlossen,2026-07-15
A00815,E10094,T-017,2025-11-30,2026-01-29,Zugewiesen,
A00816,E10095,T-001,2026-06-15,2026-09-13,Abgeschlossen,2026-07-02
A00817,E10095,T-002,2026-02-02,2026-04-03,Abgeschlossen,2026-03-04
A00818,E10095,T-003,2026-03-21,2026-04-20,Abgeschlossen,2026-04-02
A00819,E10095,T-004,2026-06-08,2026-08-07,In Bearbeitung,
A00820,E10095,T-005,2026-01-25,2026-02-24,Abgeschlossen,2026-01-29
A00821,E10095,T-010,2019-01-06,2019-03-07,In Bearbeitung,
A00822,E10095,T-006,2026-07-22,2026-08-21,Abgeschlossen,2026-08-09
A00823,E10095,T-008,2026-05-08,2026-07-07,Abgeschlossen,2026-06-05
A00824,E10096,T-001,2026-02-03,2026-05-04,Abgeschlossen,2026-03-26
A00825,E10096,T-002,2026-03-07,2026-04-06,Abgeschlossen,2026-03-21
A00826,E10096,T-003,2026-06-02,2026-07-02,Abgeschlossen,2026-06-26
A00827,E10096,T-004,2026-06-07,2026-08-06,Abgeschlossen,2026-07-21
A00828,E10096,T-005,2026-06-09,2026-07-09,Abgeschlossen,2026-07-19
A00829,E10096,T-010,2025-10-29,2025-12-28,Abgeschlossen,2025-12-19
A00830,E10096,T-006,2026-07-04,2026-09-02,Abgeschlossen,2026-07-07
A00831,E10096,T-008,2026-07-22,2026-09-20,Abgeschlossen,2026-09-23
A00832,E10096,T-016,2026-03-23,2026-05-22,In Bearbeitung,
A00833,E10097,T-001,2026-09-13,2026-11-12,Zugewiesen,
A00834,E10097,T-002,2026-05-08,2026-06-07,Abgeschlossen,2026-05-16
A00835,E10097,T-003,2026-06-30,2026-08-29,Abgeschlossen,2026-08-18
A00836,E10097,T-004,2026-06-07,2026-08-06,Abgeschlossen,2026-06-25
A00837,E10097,T-005,2026-08-21,2026-11-19,In Bearbeitung,
A00838,E10097,T-010,2019-01-02,2019-03-03,Abgeschlossen,2019-01-16
A00839,E10097,T-006,2026-09-03,2026-10-03,Abgeschlossen,2026-09-09
A00840,E10097,T-008,2026-03-11,2026-05-10,Abgeschlossen,2026-05-03
A00841,E10098,T-001,2026-09-07,2026-11-06,In Bearbeitung,
A00842,E10098,T-002,2026-08-21,2026-10-20,Abgeschlossen,2026-09-11
A00843,E10098,T-003,2026-01-28,2026-02-27,Abgeschlossen,2026-02-17
A00844,E10098,T-004,2026-06-05,2026-07-05,Zugewiesen,
A00845,E10098,T-005,2026-02-20,2026-05-21,Abgeschlossen,2026-03-13
A00846,E10098,T-010,2019-01-11,2019-03-12,Abgeschlossen,2019-03-18
A00847,E10098,T-006,2026-08-18,2026-09-17,Abgeschlossen,2026-09-17
A00848,E10098,T-008,2026-03-15,2026-05-14,Abgeschlossen,2026-04-24
A00849,E10098,T-017,2026-03-25,2026-07-23,Abgeschlossen,2026-07-25
A00850,E10099,T-001,2026-03-19,2026-06-17,Abgeschlossen,2026-04-02
A00851,E10099,T-002,2026-05-13,2026-06-12,Abgeschlossen,2026-05-26
A00852,E10099,T-003,2026-08-07,2026-10-06,Abgeschlossen,2026-08-14
A00853,E10099,T-004,2026-06-09,2026-07-09,Abgeschlossen,2026-06-29
A00854,E10099,T-005,2026-03-24,2026-04-23,Abgeschlossen,2026-04-21
A00855,E10099,T-010,2025-06-12,2025-08-11,Abgeschlossen,2025-07-08
A00856,E10099,T-006,2025-12-09,2026-03-09,Abgeschlossen,2026-03-18
A00857,E10099,T-008,2026-02-03,2026-03-05,Abgeschlossen,2026-03-01
A00858,E10099,T-015,2026-03-28,2026-07-26,Zugewiesen,
A00859,E10100,T-001,2026-07-18,2026-08-17,Abgeschlossen,2026-08-19
A00860,E10100,T-002,2026-07-07,2026-08-06,Abgeschlossen,2026-07-25
A00861,E10100,T-003,2026-05-11,2026-06-10,Abgeschlossen,2026-05-19
A00862,E10100,T-004,2026-06-08,2026-08-07,Zugewiesen,
A00863,E10100,T-005,2026-08-28,2026-09-27,Abgeschlossen,2026-09-19
A00864,E10100,T-010,2019-01-09,2019-03-10,Abgeschlossen,2019-02-19
A00865,E10100,T-006,2026-01-12,2026-02-11,Abgeschlossen,2026-01-28
A00866,E10100,T-008,2025-12-21,2026-01-20,Abgeschlossen,2025-12-27
A00867,E10101,T-001,2026-09-15,2026-11-14,In Bearbeitung,
A00868,E10101,T-002,2026-09-04,2026-10-04,Abgeschlossen,2026-10-08
A00869,E10101,T-003,2026-04-30,2026-07-29,Abgeschlossen,2026-05-14
A00870,E10101,T-004,2026-06-06,2026-07-06,Abgeschlossen,2026-06-19
A00871,E10101,T-005,2026-01-17,2026-03-18,Abgeschlossen,2026-02-07
A00872,E10101,T-010,2019-08-04,2019-10-03,Abgeschlossen,2019-09-18
A00873,E10101,T-006,2026-05-30,2026-07-29,Abgeschlossen,2026-06-25
A00874,E10101,T-008,2026-08-19,2026-11-17,Abgeschlossen,2026-09-23
A00875,E10102,T-001,2025-12-02,2026-03-02,Abgeschlossen,2026-02-01
A00876,E10102,T-002,2026-05-14,2026-06-13,Abgeschlossen,2026-06-22
A00877,E10102,T-003,2026-06-04,2026-08-03,Abgeschlossen,2026-07-18
A00878,E10102,T-004,2026-06-06,2026-07-06,In Bearbeitung,
A00879,E10102,T-005,2026-04-09,2026-07-08,Abgeschlossen,2026-06-30
A00880,E10102,T-010,2019-01-01,2019-03-02,Abgeschlossen,2019-03-09
A00881,E10102,T-006,2026-04-04,2026-07-03,Abgeschlossen,2026-05-26
A00882,E10102,T-008,2026-05-25,2026-07-24,Abgeschlossen,2026-07-09
A00883,E10102,T-017,2026-08-30,2026-11-28,Zugewiesen,
A00884,E10103,T-001,2026-04-03,2026-07-02,Abgeschlossen,2026-05-08
A00885,E10103,T-002,2026-02-27,2026-03-29,Zugewiesen,
A00886,E10103,T-003,2026-01-29,2026-04-29,Abgeschlossen,2026-02-03
A00887,E10103,T-004,2026-06-05,2026-07-20,Abgeschlossen,2026-06-15
A00888,E10103,T-005,2026-03-03,2026-04-02,Abgeschlossen,2026-04-10
A00889,E10103,T-010,2019-10-07,2019-12-06,Abgeschlossen,2019-10-19
A00890,E10103,T-006,2026-08-27,2026-10-26,Abgeschlossen,2026-10-28
A00891,E10103,T-008,2026-09-06,2026-10-06,Abgeschlossen,2026-09-13
A00892,E10104,T-001,2026-01-11,2026-03-12,Abgeschlossen,2026-02-03
A00893,E10104,T-002,2026-05-30,2026-07-29,Abgeschlossen,2026-06-21
A00894,E10104,T-003,2026-08-02,2026-09-01,Zugewiesen,
A00895,E10104,T-004,2026-06-06,2026-07-06,In Bearbeitung,
A00896,E10104,T-005,2026-02-20,2026-03-22,Abgeschlossen,2026-03-11
A00897,E10104,T-010,2019-01-02,2019-03-03,Abgeschlossen,2019-02-02
A00898,E10104,T-006,2026-03-09,2026-04-08,Abgeschlossen,2026-04-15
A00899,E10104,T-008,2026-07-19,2026-09-17,Abgeschlossen,2026-08-08
A00900,E10104,T-017,2026-05-31,2026-09-28,Zugewiesen,
A00901,E10105,T-001,2026-08-14,2026-10-13,Abgeschlossen,2026-08-17
A00902,E10105,T-002,2025-12-25,2026-03-25,Abgeschlossen,2026-03-13
A00903,E10105,T-003,2026-05-07,2026-06-06,Abgeschlossen,2026-06-08
A00904,E10105,T-004,2026-06-05,2026-07-20,In Bearbeitung,
A00905,E10105,T-005,2026-04-15,2026-07-14,Abgeschlossen,2026-04-21
A00906,E10105,T-010,2019-01-10,2019-03-11,Abgeschlossen,2019-01-15
A00907,E10105,T-006,2026-02-25,2026-03-27,Abgeschlossen,2026-03-25
A00908,E10105,T-008,2026-02-04,2026-05-05,Abgeschlossen,2026-02-25
A00909,E10105,T-015,2026-02-04,2026-04-05,Abgeschlossen,2026-03-12
A00910,E10105,T-017,2026-02-20,2026-04-21,In Bearbeitung,
A00911,E10106,T-001,2026-02-13,2026-04-14,Abgeschlossen,2026-03-26
A00912,E10106,T-002,2026-02-27,2026-04-28,Abgeschlossen,2026-03-15
A00913,E10106,T-003,2026-03-03,2026-06-01,Abgeschlossen,2026-04-15
A00914,E10106,T-004,2026-06-10,2026-08-09,In Bearbeitung,
A00915,E10106,T-005,2026-07-05,2026-10-03,Abgeschlossen,2026-09-08
A00916,E10106,T-010,2019-01-02,2019-03-03,Abgeschlossen,2019-02-03
A00917,E10106,T-006,2026-04-06,2026-06-05,Abgeschlossen,2026-05-30
A00918,E10106,T-008,2026-06-09,2026-07-09,Abgeschlossen,2026-06-13
A00919,E10107,T-001,2026-03-02,2026-04-01,Zugewiesen,
A00920,E10107,T-002,2026-03-15,2026-04-14,Abgeschlossen,2026-03-28
A00921,E10107,T-003,2026-01-22,2026-02-21,Abgeschlossen,2026-02-19
A00922,E10107,T-004,2026-06-10,2026-08-09,Zugewiesen,
A00923,E10107,T-005,2026-10-07,2026-12-06,Zugewiesen,
A00924,E10107,T-010,2019-01-14,2019-03-15,Abgeschlossen,2019-01-25
A00925,E10107,T-006,2026-03-30,2026-06-28,Abgeschlossen,2026-07-02
A00926,E10107,T-008,2026-02-03,2026-03-05,Abgeschlossen,2026-02-22
A00927,E10107,T-017,2026-02-10,2026-06-10,In Bearbeitung,
A00928,E10108,T-001,2026-09-26,2026-12-25,Abgeschlossen,2026-10-03
A00929,E10108,T-002,2026-10-08,2027-01-06,Abgeschlossen,2026-10-23
A00930,E10108,T-003,2026-04-29,2026-06-28,Abgeschlossen,2026-06-05
A00931,E10108,T-004,2026-06-06,2026-07-21,Abgeschlossen,2026-06-10
A00932,E10108,T-005,2025-12-17,2026-01-16,Abgeschlossen,2025-12-18
A00933,E10108,T-010,2025-01-16,2025-03-17,Abgeschlossen,2025-02-17
A00934,E10108,T-006,2026-07-28,2026-10-26,Zugewiesen,
A00935,E10108,T-008,2026-02-27,2026-04-28,Abgeschlossen,2026-03-31
A00936,E10108,T-016,2026-05-30,2026-09-27,Zugewiesen,
A00937,E10109,T-001,2026-07-11,2026-09-09,Abgeschlossen,2026-07-27
A00938,E10109,T-002,2026-04-12,2026-05-12,Abgeschlossen,2026-05-05
A00939,E10109,T-003,2026-07-07,2026-10-05,Abgeschlossen,2026-09-27
A00940,E10109,T-004,2026-06-05,2026-07-05,Abgeschlossen,2026-07-08
A00941,E10109,T-005,2026-05-13,2026-07-12,Abgeschlossen,2026-05-28
A00942,E10109,T-010,2019-01-04,2019-03-05,Abgeschlossen,2019-01-08
A00943,E10109,T-006,2026-05-10,2026-06-09,Abgeschlossen,2026-05-21
A00944,E10109,T-008,2026-01-23,2026-04-23,Abgeschlossen,2026-02-09
A00945,E10109,T-015,2026-06-17,2026-08-16,In Bearbeitung,
A00946,E10110,T-001,2026-07-19,2026-08-18,Abgeschlossen,2026-07-21
A00947,E10110,T-002,2026-01-14,2026-03-15,Abgeschlossen,2026-02-15
A00948,E10110,T-003,2026-02-02,2026-03-04,Abgeschlossen,2026-02-12
A00949,E10110,T-004,2026-06-08,2026-08-07,Abgeschlossen,2026-08-11
A00950,E10110,T-005,2026-04-23,2026-05-23,Zugewiesen,
A00951,E10110,T-010,2019-01-06,2019-03-07,Abgeschlossen,2019-02-19
A00952,E10110,T-006,2026-04-03,2026-06-02,Abgeschlossen,2026-06-10
A00953,E10110,T-008,2026-06-16,2026-08-15,Abgeschlossen,2026-08-17
A00954,E10111,T-001,2026-09-08,2026-10-08,Abgeschlossen,2026-09-19
A00955,E10111,T-002,2026-08-11,2026-09-10,Abgeschlossen,2026-09-01
A00956,E10111,T-003,2026-10-10,2027-01-08,Abgeschlossen,2026-10-31
A00957,E10111,T-004,2026-06-08,2026-07-08,In Bearbeitung,
A00958,E10111,T-005,2026-10-12,2026-12-11,In Bearbeitung,
A00959,E10111,T-010,2019-01-11,2019-03-12,Abgeschlossen,2019-01-19
A00960,E10111,T-006,2026-10-02,2026-12-01,Abgeschlossen,2026-10-19
A00961,E10111,T-008,2026-05-22,2026-07-21,Abgeschlossen,2026-07-24
A00962,E10111,T-015,2026-03-25,2026-06-23,Abgeschlossen,2026-09-10
A00963,E10111,T-017,2026-07-13,2026-11-10,Zugewiesen,
A00964,E10112,T-001,2025-12-14,2026-02-12,Abgeschlossen,2026-01-04
A00965,E10112,T-002,2025-12-22,2026-02-20,Abgeschlossen,2026-02-04
A00966,E10112,T-003,2026-03-08,2026-06-06,In Bearbeitung,
A00967,E10112,T-004,2026-06-10,2026-07-25,Zugewiesen,
A00968,E10112,T-005,2026-09-06,2026-10-06,Abgeschlossen,2026-09-08
A00969,E10112,T-010,2019-01-15,2019-03-16,Abgeschlossen,2019-02-15
A00970,E10112,T-006,2026-05-18,2026-06-17,Zugewiesen,
A00971,E10112,T-008,2026-07-07,2026-09-05,Abgeschlossen,2026-07-26
A00972,E10112,T-015,2026-07-28,2026-10-26,In Bearbeitung,
A00973,E10113,T-001,2026-09-01,2026-10-01,Abgeschlossen,2026-09-09
A00974,E10113,T-002,2026-08-28,2026-11-26,Abgeschlossen,2026-10-28
A00975,E10113,T-003,2026-08-12,2026-10-11,Abgeschlossen,2026-08-19
A00976,E10113,T-004,2026-06-06,2026-08-05,Abgeschlossen,2026-07-22
A00977,E10113,T-005,2026-01-24,2026-04-24,Abgeschlossen,2026-05-02
A00978,E10113,T-010,2019-01-01,2019-03-02,Abgeschlossen,2019-03-09
A00979,E10113,T-006,2026-03-26,2026-04-25,Abgeschlossen,2026-05-05
A00980,E10113,T-008,2026-05-22,2026-08-20,Zugewiesen,
A00981,E10114,T-001,2026-06-23,2026-08-22,Abgeschlossen,2026-08-21
A00982,E10114,T-002,2026-03-13,2026-04-12,Abgeschlossen,2026-04-01
A00983,E10114,T-003,2026-07-29,2026-09-27,Abgeschlossen,2026-08-04
A00984,E10114,T-004,2026-06-09,2026-08-08,Abgeschlossen,2026-08-12
A00985,E10114,T-005,2026-02-06,2026-03-08,Abgeschlossen,2026-03-11
A00986,E10114,T-010,2025-11-17,2026-01-16,Abgeschlossen,2025-12-27
A00987,E10114,T-006,2026-09-08,2026-11-07,Abgeschlossen,2026-09-20
A00988,E10114,T-008,2026-05-09,2026-08-07,Abgeschlossen,2026-06-06
A00989,E10115,T-001,2026-01-07,2026-04-07,Abgeschlossen,2026-03-14
A00990,E10115,T-002,2026-08-07,2026-09-06,Abgeschlossen,2026-08-19
A00991,E10115,T-003,2026-06-04,2026-09-02,Abgeschlossen,2026-08-06
A00992,E10115,T-004,2026-06-12,2026-07-12,Zugewiesen,
A00993,E10115,T-005,2026-03-01,2026-05-30,Abgeschlossen,2026-03-27
A00994,E10115,T-010,2019-01-08,2019-03-09,Abgeschlossen,2019-03-07
A00995,E10115,T-006,2026-03-18,2026-05-17,Abgeschlossen,2026-05-20
A00996,E10115,T-008,2026-02-27,2026-03-29,Abgeschlossen,2026-03-18
A00997,E10115,T-014,2025-12-31,2026-03-01,Abgeschlossen,2026-09-04
A00998,E10116,T-001,2026-04-11,2026-05-11,Abgeschlossen,2026-05-06
A00999,E10116,T-002,2026-07-27,2026-08-26,Abgeschlossen,2026-08-18
A01000,E10116,T-003,2026-05-15,2026-06-14,Abgeschlossen,2026-05-19
A01001,E10116,T-004,2026-06-05,2026-08-04,In Bearbeitung,
A01002,E10116,T-005,2026-09-27,2026-10-27,Abgeschlossen,2026-10-09
A01003,E10116,T-010,2019-01-15,2019-03-16,Abgeschlossen,2019-01-22
A01004,E10116,T-006,2026-07-27,2026-10-25,Abgeschlossen,2026-08-18
A01005,E10116,T-008,2025-12-03,2026-01-02,Abgeschlossen,2025-12-07
A01006,E10117,T-001,2026-07-17,2026-09-15,Abgeschlossen,2026-09-18
A01007,E10117,T-002,2026-08-28,2026-09-27,Abgeschlossen,2026-10-02
A01008,E10117,T-003,2026-07-02,2026-09-30,Abgeschlossen,2026-08-27
A01009,E10117,T-004,2026-06-09,2026-07-24,In Bearbeitung,
A01010,E10117,T-005,2026-03-26,2026-04-25,Abgeschlossen,2026-04-22
A01011,E10117,T-010,2024-02-29,2024-04-29,Abgeschlossen,2024-03-25
A01012,E10117,T-006,2026-03-10,2026-05-09,Abgeschlossen,2026-03-15
A01013,E10117,T-008,2026-09-28,2026-11-27,In Bearbeitung,
A01014,E10117,T-016,2026-03-01,2026-05-30,In Bearbeitung,
A01015,E10118,T-001,2026-07-11,2026-08-10,Abgeschlossen,2026-08-11
A01016,E10118,T-002,2026-05-27,2026-06-26,Abgeschlossen,2026-06-25
A01017,E10118,T-003,2026-05-30,2026-08-28,Abgeschlossen,2026-07-21
A01018,E10118,T-004,2026-06-09,2026-08-08,Zugewiesen,
A01019,E10118,T-005,2026-04-16,2026-06-15,Zugewiesen,
A01020,E10118,T-010,2019-01-06,2019-03-07,Abgeschlossen,2019-02-07
A01021,E10118,T-006,2026-06-10,2026-09-08,Abgeschlossen,2026-09-15
A01022,E10118,T-008,2026-04-20,2026-07-19,Abgeschlossen,2026-07-15
A01023,E10119,T-001,2026-02-15,2026-04-16,Abgeschlossen,2026-03-03
A01024,E10119,T-002,2026-01-20,2026-04-20,Abgeschlossen,2026-03-22
A01025,E10119,T-003,2026-05-12,2026-07-11,Abgeschlossen,2026-06-13
A01026,E10119,T-004,2026-06-11,2026-07-11,In Bearbeitung,
A01027,E10119,T-005,2026-04-22,2026-07-21,Abgeschlossen,2026-04-30
A01028,E10119,T-010,2019-11-26,2020-01-25,Abgeschlossen,2019-12-08
A01029,E10119,T-006,2026-06-03,2026-07-03,Abgeschlossen,2026-06-06
A01030,E10119,T-008,2026-09-06,2026-11-05,Zugewiesen,
A01031,E10120,T-001,2025-12-06,2026-02-04,Abgeschlossen,2026-01-15
A01032,E10120,T-002,2026-01-29,2026-02-28,Abgeschlossen,2026-03-05
A01033,E10120,T-003,2026-06-08,2026-08-07,Abgeschlossen,2026-07-08
A01034,E10120,T-004,2026-06-08,2026-08-07,Zugewiesen,
A01035,E10120,T-005,2026-09-15,2026-10-15,Abgeschlossen,2026-10-01
A01036,E10120,T-010,2019-01-07,2019-03-08,Abgeschlossen,2019-03-16
A01037,E10120,T-006,2026-01-06,2026-02-05,Abgeschlossen,2026-02-12
A01038,E10120,T-008,2026-06-01,2026-08-30,Abgeschlossen,2026-07-12
A01039,E10120,T-016,2026-05-24,2026-07-23,In Bearbeitung,
A01040,E10121,T-001,2026-05-16,2026-08-14,Abgeschlossen,2026-08-16
A01041,E10121,T-002,2026-07-27,2026-09-25,Abgeschlossen,2026-08-03
A01042,E10121,T-003,2026-08-18,2026-10-17,Zugewiesen,
A01043,E10121,T-004,2026-06-07,2026-07-22,Zugewiesen,
A01044,E10121,T-005,2026-06-21,2026-07-21,Abgeschlossen,2026-07-17
A01045,E10121,T-010,2019-01-14,2019-03-15,Abgeschlossen,2019-01-16
A01046,E10121,T-006,2026-03-11,2026-04-10,Abgeschlossen,2026-03-30
A01047,E10121,T-008,2026-07-14,2026-09-12,Abgeschlossen,2026-07-26
A01048,E10122,T-001,2026-01-22,2026-03-23,Abgeschlossen,2026-01-27
A01049,E10122,T-002,2026-04-22,2026-06-21,Abgeschlossen,2026-05-14
A01050,E10122,T-003,2025-12-02,2026-03-02,Abgeschlossen,2026-01-29
A01051,E10122,T-004,2026-06-09,2026-07-24,Zugewiesen,
A01052,E10122,T-005,2026-04-04,2026-07-03,Abgeschlossen,2026-05-19
A01053,E10122,T-010,2025-06-06,2025-08-05,Abgeschlossen,2025-08-10
A01054,E10122,T-006,2026-03-10,2026-04-09,Abgeschlossen,2026-04-13
A01055,E10122,T-008,2026-08-10,2026-11-08,In Bearbeitung,
A01056,E10123,T-001,2026-05-25,2026-07-24,Abgeschlossen,2026-06-15
A01057,E10123,T-002,2026-03-07,2026-06-05,Abgeschlossen,2026-03-27
A01058,E10123,T-003,2026-09-24,2026-11-23,In Bearbeitung,
A01059,E10123,T-004,2026-06-08,2026-07-08,In Bearbeitung,
A01060,E10123,T-005,2025-12-03,2026-02-01,Abgeschlossen,2025-12-13
A01061,E10123,T-010,2023-10-11,2023-12-10,Abgeschlossen,2023-10-24
A01062,E10123,T-006,2026-04-22,2026-06-21,Abgeschlossen,2026-05-18
A01063,E10123,T-008,2026-09-14,2026-10-14,Abgeschlossen,2026-10-23
A01064,E10124,T-001,2026-02-21,2026-05-22,Abgeschlossen,2026-05-02
A01065,E10124,T-002,2026-03-11,2026-06-09,Abgeschlossen,2026-06-05
A01066,E10124,T-003,2026-04-08,2026-05-08,Abgeschlossen,2026-05-09
A01067,E10124,T-004,2026-06-11,2026-07-26,In Bearbeitung,
A01068,E10124,T-005,2026-06-09,2026-09-07,Abgeschlossen,2026-07-04
A01069,E10124,T-010,2019-01-14,2019-03-15,Abgeschlossen,2019-03-24
A01070,E10124,T-006,2026-04-17,2026-05-17,Abgeschlossen,2026-05-19
A01071,E10124,T-008,2026-10-09,2026-11-08,Abgeschlossen,2026-10-21
A01072,E10125,T-001,2026-09-17,2026-11-16,Abgeschlossen,2026-10-10
A01073,E10125,T-002,2026-08-14,2026-09-13,Abgeschlossen,2026-09-19
A01074,E10125,T-003,2026-01-15,2026-02-14,Abgeschlossen,2026-01-31
A01075,E10125,T-004,2026-06-05,2026-08-04,In Bearbeitung,
A01076,E10125,T-005,2026-09-01,2026-10-31,Abgeschlossen,2026-10-23
A01077,E10125,T-010,2019-01-02,2019-03-03,Abgeschlossen,2019-01-05
A01078,E10125,T-006,2026-01-03,2026-04-03,Abgeschlossen,2026-04-03
A01079,E10125,T-008,2026-05-24,2026-07-23,Abgeschlossen,2026-07-25
A01080,E10126,T-001,2026-02-05,2026-03-07,Abgeschlossen,2026-02-16
A01081,E10126,T-002,2025-12-22,2026-02-20,Abgeschlossen,2026-01-24
A01082,E10126,T-003,2026-10-10,2026-11-09,Abgeschlossen,2026-10-31
A01083,E10126,T-004,2026-06-06,2026-07-06,Abgeschlossen,2026-06-13
A01084,E10126,T-005,2026-06-08,2026-07-08,Abgeschlossen,2026-06-23
A01085,E10126,T-010,2019-12-29,2020-02-27,Abgeschlossen,2020-01-24
A01086,E10126,T-006,2026-05-29,2026-07-28,Abgeschlossen,2026-06-01
A01087,E10126,T-008,2026-06-27,2026-08-26,Abgeschlossen,2026-08-24
A01088,E10127,T-001,2025-12-05,2026-03-05,Abgeschlossen,2025-12-24
A01089,E10127,T-002,2026-06-08,2026-09-06,Abgeschlossen,2026-06-16
A01090,E10127,T-003,2026-05-04,2026-08-02,Abgeschlossen,2026-05-10
A01091,E10127,T-004,2026-06-06,2026-08-05,Abgeschlossen,2026-07-28
A01092,E10127,T-005,2026-05-14,2026-08-12,Zugewiesen,
A01093,E10127,T-010,2019-01-08,2019-03-09,Abgeschlossen,2019-02-26
A01094,E10127,T-006,2026-04-10,2026-06-09,Abgeschlossen,2026-05-22
A01095,E10127,T-008,2026-06-09,2026-08-08,Abgeschlossen,2026-06-30
A01096,E10128,T-001,2026-10-02,2026-11-01,Abgeschlossen,2026-10-10
A01097,E10128,T-002,2025-12-06,2026-02-04,Abgeschlossen,2026-01-10
A01098,E10128,T-003,2026-10-06,2026-12-05,In Bearbeitung,
A01099,E10128,T-004,2026-06-11,2026-08-10,In Bearbeitung,
A01100,E10128,T-005,2026-06-29,2026-07-29,Zugewiesen,
A01101,E10128,T-010,2023-05-25,2023-07-24,Abgeschlossen,2023-07-04
A01102,E10128,T-006,2026-04-07,2026-06-06,Zugewiesen,
A01103,E10128,T-008,2026-02-22,2026-05-23,Zugewiesen,
A01104,E10128,T-017,2026-04-01,2026-05-31,Zugewiesen,
A01105,E10129,T-001,2026-02-02,2026-03-04,Abgeschlossen,2026-03-03
A01106,E10129,T-002,2026-04-24,2026-07-23,Abgeschlossen,2026-05-25
A01107,E10129,T-003,2026-02-27,2026-03-29,Abgeschlossen,2026-03-17
A01108,E10129,T-004,2026-06-07,2026-07-22,Abgeschlossen,2026-06-11
A01109,E10129,T-005,2026-03-09,2026-05-08,Abgeschlossen,2026-04-10
A01110,E10129,T-010,2019-01-14,2019-03-15,Abgeschlossen,2019-02-17
A01111,E10129,T-006,2026-01-12,2026-02-11,Abgeschlossen,2026-01-15
A01112,E10129,T-008,2026-01-08,2026-02-07,Abgeschlossen,2026-01-19
A01113,E10129,T-016,2026-03-27,2026-06-25,In Bearbeitung,
A01114,E10130,T-001,2026-01-09,2026-02-08,Abgeschlossen,2026-01-12
A01115,E10130,T-002,2026-03-08,2026-05-07,Abgeschlossen,2026-04-25
A01116,E10130,T-003,2026-02-04,2026-04-05,Abgeschlossen,2026-04-06
A01117,E10130,T-004,2026-06-12,2026-07-27,Abgeschlossen,2026-08-02
A01118,E10130,T-005,2025-12-03,2026-02-01,Abgeschlossen,2026-01-19
A01119,E10130,T-010,2019-01-10,2019-03-11,Abgeschlossen,2019-02-23
A01120,E10130,T-006,2025-12-12,2026-02-10,Abgeschlossen,2025-12-15
A01121,E10130,T-008,2026-06-10,2026-07-10,Abgeschlossen,2026-06-22
A01122,E10131,T-001,2025-12-23,2026-01-22,Abgeschlossen,2026-01-12
A01123,E10131,T-002,2026-02-16,2026-03-18,Abgeschlossen,2026-03-05
A01124,E10131,T-003,2026-09-17,2026-10-17,Abgeschlossen,2026-10-08
A01125,E10131,T-004,2026-06-11,2026-07-26,In Bearbeitung,
A01126,E10131,T-005,2026-02-17,2026-05-18,Zugewiesen,
A01127,E10131,T-010,2024-03-13,2024-05-12,Abgeschlossen,2024-05-13
A01128,E10131,T-006,2026-06-24,2026-09-22,Abgeschlossen,2026-08-20
A01129,E10131,T-008,2026-04-26,2026-07-25,Abgeschlossen,2026-07-08
A01130,E10132,T-001,2026-01-04,2026-02-03,Abgeschlossen,2026-01-23
A01131,E10132,T-002,2025-12-11,2026-03-11,Abgeschlossen,2026-03-15
A01132,E10132,T-003,2026-03-23,2026-05-22,Abgeschlossen,2026-04-02
A01133,E10132,T-004,2026-06-07,2026-07-22,Zugewiesen,
A01134,E10132,T-005,2026-09-12,2026-10-12,Abgeschlossen,2026-10-09
A01135,E10132,T-010,2019-01-06,2019-03-07,Abgeschlossen,2019-01-10
A01136,E10132,T-006,2026-10-07,2026-12-06,In Bearbeitung,
A01137,E10132,T-008,2026-05-25,2026-06-24,Abgeschlossen,2026-07-03
A01138,E10132,T-014,2026-02-12,2026-05-13,In Bearbeitung,
A01139,E10133,T-001,2026-07-08,2026-09-06,Abgeschlossen,2026-09-14
A01140,E10133,T-002,2026-06-15,2026-07-15,In Bearbeitung,
A01141,E10133,T-003,2026-06-29,2026-07-29,Abgeschlossen,2026-07-12
A01142,E10133,T-004,2026-06-05,2026-08-04,In Bearbeitung,
A01143,E10133,T-005,2026-04-05,2026-06-04,Abgeschlossen,2026-05-18
A01144,E10133,T-010,2019-01-07,2019-03-08,Abgeschlossen,2019-02-01
A01145,E10133,T-006,2026-04-09,2026-06-08,Abgeschlossen,2026-05-25
A01146,E10133,T-008,2026-09-19,2026-11-18,Abgeschlossen,2026-10-23
A01147,E10134,T-001,2026-06-11,2026-07-11,Abgeschlossen,2026-07-16
A01148,E10134,T-002,2026-07-11,2026-09-09,In Bearbeitung,
A01149,E10134,T-003,2026-09-21,2026-10-21,Zugewiesen,
A01150,E10134,T-004,2026-06-07,2026-07-07,In Bearbeitung,
A01151,E10134,T-005,2025-12-18,2026-02-16,Abgeschlossen,2026-02-22
A01152,E10134,T-010,2023-01-12,2023-03-13,Abgeschlossen,2023-01-15
A01153,E10134,T-006,2026-07-26,2026-08-25,Abgeschlossen,2026-08-17
A01154,E10134,T-008,2026-01-24,2026-03-25,Abgeschlossen,2026-02-24
A01155,E10135,T-001,2025-12-06,2026-03-06,Abgeschlossen,2026-01-05
A01156,E10135,T-002,2026-10-06,2026-12-05,In Bearbeitung,
A01157,E10135,T-003,2026-01-12,2026-03-13,Abgeschlossen,2026-03-11
A01158,E10135,T-004,2026-06-10,2026-07-25,In Bearbeitung,
A01159,E10135,T-005,2026-03-12,2026-04-11,Abgeschlossen,2026-03-25
A01160,E10135,T-010,2022-05-23,2022-07-22,Abgeschlossen,2022-06-27
A01161,E10135,T-006,2026-08-12,2026-10-11,Abgeschlossen,2026-10-02
A01162,E10135,T-008,2025-12-11,2026-03-11,Abgeschlossen,2026-02-23
A01163,E10135,T-016,2026-08-21,2026-12-19,Zugewiesen,
A01164,E10136,T-001,2026-07-05,2026-10-03,Abgeschlossen,2026-09-19
A01165,E10136,T-002,2026-09-11,2026-12-10,Abgeschlossen,2026-10-08
A01166,E10136,T-003,2025-12-24,2026-01-23,Zugewiesen,
A01167,E10136,T-004,2026-06-11,2026-07-11,In Bearbeitung,
A01168,E10136,T-005,2026-04-09,2026-06-08,Abgeschlossen,2026-05-07
A01169,E10136,T-010,2019-01-06,2019-03-07,Zugewiesen,
A01170,E10136,T-006,2025-12-03,2026-02-01,Abgeschlossen,2026-01-03
A01171,E10136,T-008,2026-09-27,2026-11-26,Zugewiesen,
A01172,E10137,T-001,2026-06-06,2026-08-05,Abgeschlossen,2026-07-28
A01173,E10137,T-002,2026-06-15,2026-08-14,Abgeschlossen,2026-07-29
A01174,E10137,T-003,2026-02-02,2026-05-03,Abgeschlossen,2026-03-19
A01175,E10137,T-004,2026-06-12,2026-07-27,In Bearbeitung,
A01176,E10137,T-005,2026-02-09,2026-05-10,Abgeschlossen,2026-03-26
A01177,E10137,T-010,2019-01-09,2019-03-10,Abgeschlossen,2019-01-20
A01178,E10137,T-006,2026-09-28,2026-10-28,Abgeschlossen,2026-10-19
A01179,E10137,T-008,2026-05-13,2026-07-12,Zugewiesen,
A01180,E10138,T-001,2026-05-31,2026-06-30,Abgeschlossen,2026-06-24
A01181,E10138,T-002,2026-01-21,2026-02-20,Abgeschlossen,2026-02-04
A01182,E10138,T-003,2026-06-27,2026-07-27,Abgeschlossen,2026-06-29
A01183,E10138,T-004,2026-06-07,2026-07-07,In Bearbeitung,
A01184,E10138,T-005,2026-02-24,2026-04-25,Abgeschlossen,2026-04-13
A01185,E10138,T-010,2019-01-12,2019-03-13,Abgeschlossen,2019-02-14
A01186,E10138,T-006,2026-01-13,2026-04-13,Abgeschlossen,2026-02-21
A01187,E10138,T-008,2026-01-15,2026-04-15,Abgeschlossen,2026-04-17
A01188,E10138,T-017,2026-09-29,2026-11-28,Zugewiesen,
A01189,E10139,T-001,2025-12-21,2026-03-21,Abgeschlossen,2026-01-03
A01190,E10139,T-002,2026-09-06,2026-11-05,Zugewiesen,
A01191,E10139,T-003,2026-09-05,2026-12-04,In Bearbeitung,
A01192,E10139,T-004,2026-06-06,2026-08-05,Abgeschlossen,2026-08-15
A01193,E10139,T-005,2026-10-08,2026-12-07,Zugewiesen,
A01194,E10139,T-010,2019-01-15,2019-03-16,Abgeschlossen,2019-01-28
A01195,E10139,T-006,2026-03-19,2026-06-17,Abgeschlossen,2026-06-21
A01196,E10139,T-008,2026-09-17,2026-11-16,In Bearbeitung,
A01197,E10140,T-001,2026-06-01,2026-07-31,Abgeschlossen,2026-07-09
A01198,E10140,T-002,2025-12-09,2026-03-09,Abgeschlossen,2026-01-24
A01199,E10140,T-003,2026-01-26,2026-04-26,Abgeschlossen,2026-04-10
A01200,E10140,T-004,2026-06-09,2026-07-09,Zugewiesen,
A01201,E10140,T-005,2026-01-19,2026-03-20,Abgeschlossen,2026-01-21
A01202,E10140,T-010,2019-01-09,2019-03-10,Abgeschlossen,2019-01-29
A01203,E10140,T-006,2026-09-17,2026-12-16,Zugewiesen,
A01204,E10140,T-008,2026-03-29,2026-04-28,Abgeschlossen,2026-04-08
A01205,E10140,T-015,2026-04-26,2026-08-24,Zugewiesen,
A01206,E10140,T-016,2026-04-16,2026-07-15,Zugewiesen,
A01207,E10140,T-017,2026-03-04,2026-06-02,Zugewiesen,
A01208,E10141,T-001,2026-05-19,2026-07-18,Abgeschlossen,2026-06-11
A01209,E10141,T-002,2025-12-09,2026-01-08,Abgeschlossen,2026-01-18
A01210,E10141,T-003,2026-01-26,2026-04-26,Zugewiesen,
A01211,E10141,T-004,2026-06-09,2026-07-09,In Bearbeitung,
A01212,E10141,T-005,2026-01-14,2026-03-15,Abgeschlossen,2026-03-12
A01213,E10141,T-010,2019-01-05,2019-03-06,Abgeschlossen,2019-01-29
A01214,E10141,T-006,2025-12-28,2026-02-26,Abgeschlossen,2026-01-12
A01215,E10141,T-008,2026-01-17,2026-03-18,Abgeschlossen,2026-03-04
A01216,E10141,T-015,2026-06-27,2026-09-25,Zugewiesen,
A01217,E10141,T-017,2026-04-26,2026-06-25,Abgeschlossen,2026-06-25
A01218,E10142,T-001,2026-02-12,2026-05-13,Abgeschlossen,2026-02-28
A01219,E10142,T-002,2026-02-12,2026-04-13,Abgeschlossen,2026-02-18
A01220,E10142,T-003,2026-03-04,2026-04-03,Abgeschlossen,2026-04-06
A01221,E10142,T-004,2026-06-10,2026-08-09,In Bearbeitung,
A01222,E10142,T-005,2026-01-18,2026-02-17,Abgeschlossen,2026-02-14
A01223,E10142,T-010,2021-05-06,2021-07-05,Abgeschlossen,2021-06-07
A01224,E10142,T-006,2026-04-15,2026-06-14,Abgeschlossen,2026-05-10
A01225,E10142,T-008,2026-01-12,2026-04-12,Abgeschlossen,2026-04-12
A01226,E10143,T-001,2026-09-24,2026-10-24,Abgeschlossen,2026-10-19
A01227,E10143,T-002,2026-05-22,2026-06-21,Abgeschlossen,2026-06-09
A01228,E10143,T-003,2026-05-20,2026-07-19,Abgeschlossen,2026-07-22
A01229,E10143,T-004,2026-06-10,2026-07-25,Zugewiesen,
A01230,E10143,T-005,2026-08-21,2026-10-20,Abgeschlossen,2026-09-09
A01231,E10143,T-010,2019-01-05,2019-03-06,Abgeschlossen,2019-02-21
A01232,E10143,T-006,2026-04-01,2026-05-01,Abgeschlossen,2026-05-09
A01233,E10143,T-008,2026-07-12,2026-08-11,Abgeschlossen,2026-08-01
A01234,E10144,T-001,2026-09-07,2026-10-07,Abgeschlossen,2026-09-17
A01235,E10144,T-002,2026-06-26,2026-07-26,Abgeschlossen,2026-07-24
A01236,E10144,T-003,2026-07-20,2026-10-18,Abgeschlossen,2026-10-28
A01237,E10144,T-004,2026-06-11,2026-08-10,Abgeschlossen,2026-07-24
A01238,E10144,T-005,2026-10-02,2026-12-31,Abgeschlossen,2026-10-19
A01239,E10144,T-010,2024-09-25,2024-11-24,Abgeschlossen,2024-10-09
A01240,E10144,T-006,2026-05-05,2026-06-04,Abgeschlossen,2026-05-07
A01241,E10144,T-008,2026-09-30,2026-10-30,Abgeschlossen,2026-10-17
A01242,E10145,T-001,2026-07-17,2026-10-15,Abgeschlossen,2026-09-04
A01243,E10145,T-002,2026-08-03,2026-09-02,Abgeschlossen,2026-08-04
A01244,E10145,T-003,2026-09-09,2026-12-08,Abgeschlossen,2026-09-14
A01245,E10145,T-004,2026-06-08,2026-07-23,Zugewiesen,
A01246,E10145,T-005,2026-10-10,2026-11-09,Zugewiesen,
A01247,E10145,T-010,2019-01-02,2019-03-03,Abgeschlossen,2019-02-19
A01248,E10145,T-006,2026-10-02,2026-11-01,Zugewiesen,
A01249,E10145,T-008,2026-05-09,2026-07-08,Zugewiesen,
A01250,E10145,T-014,2026-09-03,2026-12-02,In Bearbeitung,
A01251,E10145,T-015,2025-12-10,2026-02-08,In Bearbeitung,
A01252,E10145,T-016,2026-02-24,2026-04-25,Abgeschlossen,2026-04-08
A01253,E10145,T-017,2026-03-27,2026-05-26,In Bearbeitung,
A01254,E10146,T-001,2026-03-23,2026-05-22,Abgeschlossen,2026-04-30
A01255,E10146,T-002,2025-12-30,2026-02-28,Abgeschlossen,2026-02-09
A01256,E10146,T-003,2026-02-14,2026-04-15,Abgeschlossen,2026-04-15
A01257,E10146,T-004,2026-06-11,2026-07-26,Abgeschlossen,2026-06-22
A01258,E10146,T-005,2026-01-06,2026-04-06,Abgeschlossen,2026-01-27
A01259,E10146,T-010,2019-01-10,2019-03-11,Abgeschlossen,2019-03-09
A01260,E10146,T-006,2026-04-12,2026-07-11,Abgeschlossen,2026-05-16
A01261,E10146,T-008,2026-02-17,2026-05-18,Abgeschlossen,2026-05-18
A01262,E10146,T-017,2026-03-09,2026-06-07,Zugewiesen,
A01263,E10147,T-001,2026-06-03,2026-07-03,Abgeschlossen,2026-06-27
A01264,E10147,T-002,2026-05-25,2026-07-24,Abgeschlossen,2026-07-27
A01265,E10147,T-003,2026-05-14,2026-07-13,Abgeschlossen,2026-06-06
A01266,E10147,T-004,2026-06-05,2026-08-04,In Bearbeitung,
A01267,E10147,T-005,2026-04-14,2026-07-13,Abgeschlossen,2026-05-30
A01268,E10147,T-010,2019-01-05,2019-03-06,Abgeschlossen,2019-03-14
A01269,E10147,T-006,2026-01-21,2026-04-21,Abgeschlossen,2026-05-01
A01270,E10147,T-008,2025-12-25,2026-03-25,Abgeschlossen,2026-03-01
A01271,E10147,T-015,2025-11-08,2026-03-08,In Bearbeitung,
A01272,E10148,T-001,2026-02-26,2026-04-27,Zugewiesen,
A01273,E10148,T-002,2026-07-12,2026-08-11,Abgeschlossen,2026-08-02
A01274,E10148,T-003,2026-01-30,2026-04-30,Abgeschlossen,2026-03-08
A01275,E10148,T-004,2026-06-09,2026-08-08,In Bearbeitung,
A01276,E10148,T-005,2026-02-07,2026-05-08,Abgeschlossen,2026-05-10
A01277,E10148,T-010,2019-01-13,2019-03-14,Abgeschlossen,2019-01-21
A01278,E10148,T-006,2026-02-19,2026-05-20,Abgeschlossen,2026-04-30
A01279,E10148,T-008,2026-04-09,2026-05-09,Abgeschlossen,2026-05-04
A01280,E10149,T-001,2026-07-09,2026-08-08,Abgeschlossen,2026-07-18
A01281,E10149,T-002,2026-04-02,2026-06-01,Abgeschlossen,2026-05-31
A01282,E10149,T-003,2026-07-21,2026-09-19,Abgeschlossen,2026-08-03
A01283,E10149,T-004,2026-06-05,2026-08-04,Abgeschlossen,2026-06-28
A01284,E10149,T-005,2026-09-15,2026-12-14,Zugewiesen,
A01285,E10149,T-010,2020-10-13,2020-12-12,Abgeschlossen,2020-11-05
A01286,E10149,T-006,2026-03-22,2026-04-21,Abgeschlossen,2026-03-30
A01287,E10149,T-008,2026-05-08,2026-06-07,Abgeschlossen,2026-05-14
A01288,E10149,T-015,2026-09-26,2026-11-25,Zugewiesen,
A01289,E10149,T-016,2026-03-06,2026-07-04,Abgeschlossen,2026-05-17
A01290,E10150,T-001,2025-12-30,2026-01-29,Abgeschlossen,2026-02-03
A01291,E10150,T-002,2026-09-03,2026-12-02,Abgeschlossen,2026-10-24
A01292,E10150,T-003,2026-03-20,2026-05-19,Abgeschlossen,2026-04-07
A01293,E10150,T-004,2026-06-05,2026-07-05,Zugewiesen,
A01294,E10150,T-005,2026-02-10,2026-04-11,Abgeschlossen,2026-04-15
A01295,E10150,T-010,2019-01-09,2019-03-10,Abgeschlossen,2019-03-04
A01296,E10150,T-006,2026-01-04,2026-04-04,Abgeschlossen,2026-03-08
A01297,E10150,T-008,2026-08-05,2026-10-04,Abgeschlossen,2026-10-02
A01298,E10151,T-001,2026-04-17,2026-07-16,Abgeschlossen,2026-06-22
A01299,E10151,T-002,2026-03-12,2026-05-11,Abgeschlossen,2026-04-04
A01300,E10151,T-003,2026-08-28,2026-09-27,In Bearbeitung,
A01301,E10151,T-004,2026-06-12,2026-08-11,In Bearbeitung,
A01302,E10151,T-005,2025-12-19,2026-02-17,Abgeschlossen,2026-02-05
A01303,E10151,T-010,2019-01-05,2019-03-06,Abgeschlossen,2019-02-19
A01304,E10151,T-006,2026-01-22,2026-02-21,Abgeschlossen,2026-01-27
A01305,E10151,T-008,2026-07-11,2026-10-09,Abgeschlossen,2026-08-13
A01306,E10152,T-001,2026-02-11,2026-04-12,Abgeschlossen,2026-03-03
A01307,E10152,T-002,2026-07-09,2026-09-07,Abgeschlossen,2026-07-17
A01308,E10152,T-003,2025-12-24,2026-03-24,Abgeschlossen,2026-01-19
A01309,E10152,T-004,2026-06-07,2026-07-07,Zugewiesen,
A01310,E10152,T-005,2026-01-28,2026-02-27,Abgeschlossen,2026-02-09
A01311,E10152,T-010,2019-01-05,2019-03-06,Abgeschlossen,2019-01-19
A01312,E10152,T-006,2026-09-02,2026-12-01,In Bearbeitung,
A01313,E10152,T-008,2026-01-30,2026-03-31,Abgeschlossen,2026-02-15
A01314,E10152,T-017,2026-05-26,2026-07-25,Zugewiesen,
A01315,E10153,T-001,2026-05-29,2026-08-27,Abgeschlossen,2026-08-03
A01316,E10153,T-002,2026-09-13,2026-10-13,Abgeschlossen,2026-09-16
A01317,E10153,T-003,2026-05-30,2026-07-29,Abgeschlossen,2026-06-04
A01318,E10153,T-004,2026-06-11,2026-07-11,Abgeschlossen,2026-07-21
A01319,E10153,T-005,2026-09-28,2026-11-27,Abgeschlossen,2026-10-26
A01320,E10153,T-010,2019-01-09,2019-03-10,Abgeschlossen,2019-01-25
A01321,E10153,T-006,2026-10-04,2026-11-03,Zugewiesen,
A01322,E10153,T-008,2026-04-02,2026-07-01,Abgeschlossen,2026-05-24
A01323,E10154,T-001,2026-07-06,2026-08-05,Abgeschlossen,2026-08-04
A01324,E10154,T-002,2026-10-12,2026-12-11,Abgeschlossen,2026-11-01
A01325,E10154,T-003,2025-12-08,2026-01-07,Abgeschlossen,2025-12-20
A01326,E10154,T-004,2026-06-08,2026-07-08,In Bearbeitung,
A01327,E10154,T-005,2026-01-21,2026-04-21,Abgeschlossen,2026-04-26
A01328,E10154,T-010,2019-12-09,2020-02-07,Abgeschlossen,2020-01-08
A01329,E10154,T-006,2026-05-06,2026-06-05,Abgeschlossen,2026-05-26
A01330,E10154,T-008,2026-02-26,2026-04-27,Abgeschlossen,2026-04-10
A01331,E10155,T-001,2026-03-08,2026-05-07,Abgeschlossen,2026-04-22
A01332,E10155,T-002,2026-02-13,2026-04-14,Abgeschlossen,2026-03-18
A01333,E10155,T-003,2026-08-14,2026-10-13,Abgeschlossen,2026-10-13
A01334,E10155,T-004,2026-06-11,2026-07-11,In Bearbeitung,
A01335,E10155,T-005,2026-03-31,2026-05-30,Abgeschlossen,2026-05-22
A01336,E10155,T-010,2019-01-15,2019-03-16,Abgeschlossen,2019-03-17
A01337,E10155,T-006,2026-10-01,2026-11-30,Abgeschlossen,2026-10-26
A01338,E10155,T-008,2026-06-07,2026-08-06,Abgeschlossen,2026-06-18
A01339,E10156,T-001,2026-06-25,2026-07-25,Zugewiesen,
A01340,E10156,T-002,2026-07-09,2026-08-08,Abgeschlossen,2026-08-13
A01341,E10156,T-003,2026-01-06,2026-04-06,Abgeschlossen,2026-03-03
A01342,E10156,T-004,2026-06-12,2026-07-12,Abgeschlossen,2026-06-27
A01343,E10156,T-005,2026-04-22,2026-06-21,Abgeschlossen,2026-06-05
A01344,E10156,T-010,2019-01-07,2019-03-08,Abgeschlossen,2019-03-07
A01345,E10156,T-006,2026-01-02,2026-04-02,Abgeschlossen,2026-01-19
A01346,E10156,T-008,2026-10-09,2026-12-08,Abgeschlossen,2026-10-24
A01347,E10156,T-016,2026-03-25,2026-07-23,Abgeschlossen,2026-06-25
A01348,E10157,T-001,2026-03-10,2026-04-09,Abgeschlossen,2026-04-13
A01349,E10157,T-002,2026-06-16,2026-08-15,Abgeschlossen,2026-06-21
A01350,E10157,T-003,2026-09-22,2026-12-21,Abgeschlossen,2026-10-06
A01351,E10157,T-004,2026-06-08,2026-08-07,Abgeschlossen,2026-08-10
A01352,E10157,T-005,2026-07-18,2026-08-17,Abgeschlossen,2026-08-20
A01353,E10157,T-010,2022-08-15,2022-10-14,Abgeschlossen,2022-10-15
A01354,E10157,T-006,2026-05-11,2026-08-09,Abgeschlossen,2026-06-18
A01355,E10157,T-008,2026-04-02,2026-05-02,Abgeschlossen,2026-05-09
A01356,E10158,T-001,2026-01-25,2026-02-24,Abgeschlossen,2026-02-08
A01357,E10158,T-002,2026-05-13,2026-06-12,Abgeschlossen,2026-05-18
A01358,E10158,T-003,2026-08-28,2026-11-26,Zugewiesen,
A01359,E10158,T-004,2026-06-07,2026-07-07,Abgeschlossen,2026-06-12
A01360,E10158,T-005,2026-04-29,2026-05-29,Abgeschlossen,2026-06-04
A01361,E10158,T-010,2019-01-07,2019-03-08,Abgeschlossen,2019-02-19
A01362,E10158,T-006,2026-03-06,2026-06-04,Abgeschlossen,2026-03-26
A01363,E10158,T-008,2026-09-20,2026-10-20,Abgeschlossen,2026-10-14
A01364,E10159,T-001,2026-01-29,2026-03-30,Abgeschlossen,2026-02-09
A01365,E10159,T-002,2025-12-12,2026-03-12,Abgeschlossen,2026-01-25
A01366,E10159,T-003,2026-02-09,2026-04-10,Abgeschlossen,2026-02-10
A01367,E10159,T-004,2026-06-11,2026-07-11,Zugewiesen,
A01368,E10159,T-005,2026-01-18,2026-03-19,Abgeschlossen,2026-01-25
A01369,E10159,T-010,2019-01-05,2019-03-06,Abgeschlossen,2019-01-26
A01370,E10159,T-006,2026-06-29,2026-09-27,Abgeschlossen,2026-09-02
A01371,E10159,T-008,2026-02-21,2026-05-22,Abgeschlossen,2026-04-06
A01372,E10159,T-015,2026-07-01,2026-08-30,Abgeschlossen,2026-08-06
A01373,E10159,T-017,2025-11-09,2026-02-07,Zugewiesen,
A01374,E10160,T-001,2026-03-03,2026-05-02,Abgeschlossen,2026-05-04
A01375,E10160,T-002,2026-02-26,2026-05-27,Abgeschlossen,2026-05-14
A01376,E10160,T-003,2026-10-12,2026-12-11,Zugewiesen,
A01377,E10160,T-004,2026-06-11,2026-07-11,Abgeschlossen,2026-06-30
A01378,E10160,T-005,2026-04-04,2026-05-04,Abgeschlossen,2026-05-13
A01379,E10160,T-010,2025-12-13,2026-02-11,Abgeschlossen,2025-12-29
A01380,E10160,T-006,2026-05-15,2026-07-14,Abgeschlossen,2026-06-18
A01381,E10160,T-008,2026-02-25,2026-05-26,Abgeschlossen,2026-03-28
A01382,E10161,T-001,2026-08-06,2026-11-04,Zugewiesen,
A01383,E10161,T-002,2026-05-21,2026-07-20,Abgeschlossen,2026-07-13
A01384,E10161,T-003,2026-01-04,2026-02-03,Abgeschlossen,2026-01-31
A01385,E10161,T-004,2026-06-11,2026-08-10,In Bearbeitung,
A01386,E10161,T-005,2026-04-06,2026-07-05,Abgeschlossen,2026-04-28
A01387,E10161,T-010,2024-10-02,2024-12-01,Abgeschlossen,2024-11-03
A01388,E10161,T-006,2026-09-06,2026-10-06,Abgeschlossen,2026-10-15
A01389,E10161,T-008,2026-08-09,2026-10-08,Abgeschlossen,2026-09-20
A01390,E10162,T-001,2026-09-19,2026-11-18,Abgeschlossen,2026-10-04
A01391,E10162,T-002,2026-08-28,2026-09-27,Abgeschlossen,2026-09-24
A01392,E10162,T-003,2026-09-19,2026-12-18,Abgeschlossen,2026-10-29
A01393,E10162,T-004,2026-06-11,2026-08-10,In Bearbeitung,
A01394,E10162,T-005,2026-05-27,2026-08-25,Abgeschlossen,2026-08-02
A01395,E10162,T-010,2026-02-18,2026-04-19,Abgeschlossen,2026-04-02
A01396,E10162,T-006,2026-08-30,2026-11-28,Zugewiesen,
A01397,E10162,T-008,2026-07-14,2026-08-13,Abgeschlossen,2026-07-23
A01398,E10162,T-016,2026-01-20,2026-04-20,Abgeschlossen,2026-07-17
A01399,E10163,T-001,2026-07-25,2026-08-24,Abgeschlossen,2026-08-03
A01400,E10163,T-002,2026-03-26,2026-05-25,Abgeschlossen,2026-04-06
A01401,E10163,T-003,2026-04-25,2026-06-24,Abgeschlossen,2026-06-26
A01402,E10163,T-004,2026-06-07,2026-07-22,In Bearbeitung,
A01403,E10163,T-005,2025-12-28,2026-03-28,Abgeschlossen,2026-03-06
A01404,E10163,T-010,2019-01-12,2019-03-13,Abgeschlossen,2019-03-07
A01405,E10163,T-006,2026-01-04,2026-04-04,Abgeschlossen,2026-01-13
A01406,E10163,T-008,2026-01-19,2026-03-20,In Bearbeitung,
A01407,E10164,T-001,2026-01-22,2026-02-21,Abgeschlossen,2026-01-31
A01408,E10164,T-002,2026-07-31,2026-10-29,Abgeschlossen,2026-10-02
A01409,E10164,T-003,2026-04-01,2026-06-30,Abgeschlossen,2026-07-07
A01410,E10164,T-004,2026-06-12,2026-07-12,Abgeschlossen,2026-07-05
A01411,E10164,T-005,2026-03-01,2026-03-31,Abgeschlossen,2026-03-10
A01412,E10164,T-010,2019-01-04,2019-03-05,Abgeschlossen,2019-03-02
A01413,E10164,T-006,2026-10-03,2026-12-02,Abgeschlossen,2026-10-08
A01414,E10164,T-008,2026-02-08,2026-04-09,Abgeschlossen,2026-02-22
A01415,E10165,T-001,2026-02-28,2026-05-29,Abgeschlossen,2026-06-02
A01416,E10165,T-002,2026-10-06,2026-12-05,Abgeschlossen,2026-10-10
A01417,E10165,T-003,2026-01-19,2026-02-18,Abgeschlossen,2026-02-21
A01418,E10165,T-004,2026-06-08,2026-07-08,Abgeschlossen,2026-07-15
A01419,E10165,T-005,2026-06-08,2026-09-06,Abgeschlossen,2026-07-28
A01420,E10165,T-010,2023-01-08,2023-03-09,Abgeschlossen,2023-01-19
A01421,E10165,T-006,2026-05-27,2026-06-26,Abgeschlossen,2026-06-17
A01422,E10165,T-008,2026-05-14,2026-06-13,Abgeschlossen,2026-05-20
A01423,E10166,T-001,2025-12-05,2026-01-04,Abgeschlossen,2026-01-13
A01424,E10166,T-002,2026-07-24,2026-08-23,Abgeschlossen,2026-08-06
A01425,E10166,T-003,2026-09-27,2026-11-26,Abgeschlossen,2026-10-01
A01426,E10166,T-004,2026-06-12,2026-08-11,In Bearbeitung,
A01427,E10166,T-005,2026-01-04,2026-04-04,Abgeschlossen,2026-04-04
A01428,E10166,T-010,2019-01-08,2019-03-09,Abgeschlossen,2019-03-04
A01429,E10166,T-006,2026-04-22,2026-05-22,Abgeschlossen,2026-05-12
A01430,E10166,T-008,2026-01-21,2026-02-20,Abgeschlossen,2026-02-10
A01431,E10167,T-001,2026-02-24,2026-04-25,Abgeschlossen,2026-04-30
A01432,E10167,T-002,2026-02-06,2026-04-07,Abgeschlossen,2026-03-25
A01433,E10167,T-003,2026-04-18,2026-06-17,Abgeschlossen,2026-04-29
A01434,E10167,T-004,2026-06-08,2026-08-07,Abgeschlossen,2026-08-10
A01435,E10167,T-005,2026-02-02,2026-05-03,Abgeschlossen,2026-03-10
A01436,E10167,T-010,2019-01-11,2019-03-12,Abgeschlossen,2019-01-15
A01437,E10167,T-006,2026-09-22,2026-10-22,Abgeschlossen,2026-10-03
A01438,E10167,T-008,2026-05-26,2026-07-25,Abgeschlossen,2026-06-03
A01439,E10167,T-016,2026-07-23,2026-11-20,Zugewiesen,
A01440,E10168,T-001,2026-04-16,2026-05-16,Abgeschlossen,2026-05-10
A01441,E10168,T-002,2026-02-15,2026-03-17,Abgeschlossen,2026-02-20
A01442,E10168,T-003,2026-08-25,2026-11-23,Abgeschlossen,2026-09-05
A01443,E10168,T-004,2026-06-11,2026-07-11,Zugewiesen,
A01444,E10168,T-005,2026-01-25,2026-04-25,Abgeschlossen,2026-03-23
A01445,E10168,T-010,2019-01-01,2019-03-02,Abgeschlossen,2019-02-25
A01446,E10168,T-006,2026-09-14,2026-10-14,Abgeschlossen,2026-10-20
A01447,E10168,T-008,2026-09-10,2026-11-09,In Bearbeitung,
A01448,E10169,T-001,2026-06-29,2026-08-28,Abgeschlossen,2026-08-01
A01449,E10169,T-002,2025-12-12,2026-01-11,Abgeschlossen,2026-01-04
A01450,E10169,T-003,2025-12-27,2026-02-25,Abgeschlossen,2026-02-09
A01451,E10169,T-004,2026-06-06,2026-07-06,In Bearbeitung,
A01452,E10169,T-005,2026-02-26,2026-05-27,Abgeschlossen,2026-03-05
A01453,E10169,T-010,2019-01-05,2019-03-06,Abgeschlossen,2019-02-25
A01454,E10169,T-006,2026-09-04,2026-11-03,Abgeschlossen,2026-09-18
A01455,E10169,T-008,2026-09-05,2026-11-04,In Bearbeitung,
A01456,E10170,T-001,2026-03-09,2026-05-08,Zugewiesen,
A01457,E10170,T-002,2026-10-05,2027-01-03,Abgeschlossen,2026-10-11
A01458,E10170,T-003,2026-05-25,2026-06-24,Abgeschlossen,2026-06-23
A01459,E10170,T-004,2026-06-09,2026-07-24,In Bearbeitung,
A01460,E10170,T-005,2026-03-23,2026-05-22,Zugewiesen,
A01461,E10170,T-010,2019-01-11,2019-03-12,Abgeschlossen,2019-02-11
A01462,E10170,T-006,2026-02-14,2026-03-16,Abgeschlossen,2026-03-05
A01463,E10170,T-008,2026-06-18,2026-09-16,Abgeschlossen,2026-08-12
A01464,E10170,T-015,2025-12-24,2026-02-22,Abgeschlossen,2026-02-22
A01465,E10170,T-017,2026-04-28,2026-07-27,In Bearbeitung,
A01466,E10171,T-001,2026-02-22,2026-05-23,Abgeschlossen,2026-04-18
A01467,E10171,T-002,2026-02-27,2026-04-28,Abgeschlossen,2026-04-27
A01468,E10171,T-003,2026-02-02,2026-05-03,Abgeschlossen,2026-02-13
A01469,E10171,T-004,2026-06-12,2026-08-11,Zugewiesen,
A01470,E10171,T-005,2026-02-25,2026-05-26,Abgeschlossen,2026-03-28
A01471,E10171,T-010,2023-07-26,2023-09-24,Abgeschlossen,2023-09-18
A01472,E10171,T-006,2025-12-07,2026-01-06,Abgeschlossen,2025-12-21
A01473,E10171,T-008,2026-04-20,2026-05-20,Abgeschlossen,2026-05-27
A01474,E10171,T-016,2026-10-01,2026-11-30,In Bearbeitung,
A01475,E10172,T-001,2026-07-01,2026-08-30,Abgeschlossen,2026-07-26
A01476,E10172,T-002,2026-03-08,2026-05-07,Abgeschlossen,2026-04-18
A01477,E10172,T-003,2026-02-11,2026-05-12,Abgeschlossen,2026-04-21
A01478,E10172,T-004,2026-06-08,2026-07-23,In Bearbeitung,
A01479,E10172,T-005,2026-07-08,2026-10-06,Abgeschlossen,2026-09-05
A01480,E10172,T-010,2019-01-02,2019-03-03,Abgeschlossen,2019-01-27
A01481,E10172,T-006,2026-03-31,2026-04-30,Abgeschlossen,2026-04-20
A01482,E10172,T-008,2026-02-02,2026-04-03,Abgeschlossen,2026-02-10
A01483,E10173,T-001,2026-09-07,2026-10-07,Abgeschlossen,2026-09-12
A01484,E10173,T-002,2026-02-17,2026-04-18,Abgeschlossen,2026-04-15
A01485,E10173,T-003,2026-05-03,2026-08-01,Abgeschlossen,2026-05-31
A01486,E10173,T-004,2026-06-06,2026-08-05,In Bearbeitung,
A01487,E10173,T-005,2026-10-11,2027-01-09,In Bearbeitung,
A01488,E10173,T-010,2019-01-08,2019-03-09,Abgeschlossen,2019-01-30
A01489,E10173,T-006,2026-06-22,2026-08-21,Abgeschlossen,2026-07-25
A01490,E10173,T-008,2026-01-12,2026-04-12,Zugewiesen,
A01491,E10173,T-015,2026-03-08,2026-05-07,Abgeschlossen,2026-03-22
A01492,E10174,T-001,2026-07-13,2026-08-12,Abgeschlossen,2026-07-22
A01493,E10174,T-002,2026-08-13,2026-10-12,Abgeschlossen,2026-08-25
A01494,E10174,T-003,2026-10-01,2026-11-30,Abgeschlossen,2026-10-28
A01495,E10174,T-004,2026-06-12,2026-08-11,In Bearbeitung,
A01496,E10174,T-005,2026-05-25,2026-07-24,Abgeschlossen,2026-07-25
A01497,E10174,T-010,2019-04-10,2019-06-09,Abgeschlossen,2019-06-05
A01498,E10174,T-006,2026-04-15,2026-05-15,Abgeschlossen,2026-04-30
A01499,E10174,T-008,2026-09-15,2026-11-14,Abgeschlossen,2026-10-04
A01500,E10174,T-014,2026-03-07,2026-07-05,Abgeschlossen,2026-08-06
A01501,E10175,T-001,2026-08-24,2026-09-23,Abgeschlossen,2026-09-13
A01502,E10175,T-002,2025-12-15,2026-02-13,Abgeschlossen,2026-01-05
A01503,E10175,T-003,2026-02-15,2026-04-16,Abgeschlossen,2026-03-12
A01504,E10175,T-004,2026-06-08,2026-07-08,Abgeschlossen,2026-06-24
A01505,E10175,T-005,2026-07-08,2026-10-06,Abgeschlossen,2026-10-03
A01506,E10175,T-010,2022-12-02,2023-01-31,Abgeschlossen,2023-01-30
A01507,E10175,T-006,2026-08-25,2026-11-23,Abgeschlossen,2026-10-20
A01508,E10175,T-008,2026-04-23,2026-05-23,Zugewiesen,
A01509,E10176,T-001,2026-03-07,2026-05-06,Abgeschlossen,2026-04-26
A01510,E10176,T-002,2025-12-10,2026-02-08,Abgeschlossen,2025-12-28
A01511,E10176,T-003,2026-08-30,2026-11-28,Zugewiesen,
A01512,E10176,T-004,2026-06-11,2026-08-10,Abgeschlossen,2026-06-21
A01513,E10176,T-005,2026-09-07,2026-12-06,Zugewiesen,
A01514,E10176,T-010,2019-01-06,2019-03-07,Abgeschlossen,2019-01-07
A01515,E10176,T-006,2026-05-09,2026-08-07,Abgeschlossen,2026-05-19
A01516,E10176,T-008,2026-07-17,2026-09-15,Abgeschlossen,2026-09-10
A01517,E10177,T-001,2026-10-01,2026-11-30,Zugewiesen,
A01518,E10177,T-002,2026-06-24,2026-09-22,Abgeschlossen,2026-09-13
A01519,E10177,T-003,2026-08-28,2026-09-27,Abgeschlossen,2026-10-02
A01520,E10177,T-004,2026-06-08,2026-07-08,Abgeschlossen,2026-06-26
A01521,E10177,T-005,2026-07-24,2026-08-23,Abgeschlossen,2026-08-12
A01522,E10177,T-010,2019-01-05,2019-03-06,Abgeschlossen,2019-03-15
A01523,E10177,T-006,2026-05-29,2026-07-28,Abgeschlossen,2026-06-12
A01524,E10177,T-008,2026-05-15,2026-07-14,Abgeschlossen,2026-06-10
A01525,E10178,T-001,2026-01-01,2026-01-31,Abgeschlossen,2026-01-04
A01526,E10178,T-002,2025-12-24,2026-01-23,Abgeschlossen,2026-01-29
A01527,E10178,T-003,2026-01-11,2026-04-11,Abgeschlossen,2026-04-16
A01528,E10178,T-004,2026-06-07,2026-07-22,Zugewiesen,
A01529,E10178,T-005,2026-02-19,2026-05-20,Abgeschlossen,2026-03-07
A01530,E10178,T-010,2019-01-06,2019-03-07,Abgeschlossen,2019-01-13
A01531,E10178,T-006,2026-03-28,2026-04-27,Zugewiesen,
A01532,E10178,T-008,2026-09-22,2026-11-21,In Bearbeitung,
A01533,E10179,T-001,2026-09-29,2026-10-29,Abgeschlossen,2026-10-09
A01534,E10179,T-002,2026-10-04,2026-11-03,Abgeschlossen,2026-10-23
A01535,E10179,T-003,2026-05-20,2026-06-19,Abgeschlossen,2026-05-25
A01536,E10179,T-004,2026-06-06,2026-08-05,Abgeschlossen,2026-06-10
A01537,E10179,T-005,2026-09-15,2026-11-14,In Bearbeitung,
A01538,E10179,T-010,2021-03-02,2021-05-01,Abgeschlossen,2021-03-11
A01539,E10179,T-006,2026-01-09,2026-02-08,Abgeschlossen,2026-02-04
A01540,E10179,T-008,2026-07-27,2026-10-25,Abgeschlossen,2026-10-28
A01541,E10179,T-016,2026-07-19,2026-09-17,In Bearbeitung,
A01542,E10180,T-001,2026-09-02,2026-10-02,Abgeschlossen,2026-09-22
A01543,E10180,T-002,2026-01-02,2026-04-02,Abgeschlossen,2026-01-16
A01544,E10180,T-003,2026-08-19,2026-09-18,Abgeschlossen,2026-08-21
A01545,E10180,T-004,2026-06-12,2026-07-27,Abgeschlossen,2026-06-28
A01546,E10180,T-005,2026-10-12,2027-01-10,Zugewiesen,
A01547,E10180,T-010,2021-12-13,2022-02-11,Abgeschlossen,2022-02-20
A01548,E10180,T-006,2026-03-19,2026-06-17,Abgeschlossen,2026-03-22
A01549,E10180,T-008,2026-09-16,2026-12-15,Zugewiesen,
A01550,E10181,T-001,2026-05-02,2026-07-31,Abgeschlossen,2026-05-26
A01551,E10181,T-002,2026-07-13,2026-08-12,Abgeschlossen,2026-07-14
A01552,E10181,T-003,2026-04-10,2026-05-10,Abgeschlossen,2026-05-16
A01553,E10181,T-004,2026-06-06,2026-08-05,Zugewiesen,
A01554,E10181,T-005,2026-09-03,2026-10-03,Abgeschlossen,2026-10-02
A01555,E10181,T-010,2019-01-12,2019-03-13,Abgeschlossen,2019-03-22
A01556,E10181,T-006,2026-08-15,2026-10-14,Abgeschlossen,2026-09-28
A01557,E10181,T-008,2026-04-20,2026-06-19,Abgeschlossen,2026-05-26
A01558,E10181,T-016,2025-12-25,2026-04-24,Abgeschlossen,2026-05-17
A01559,E10182,T-001,2026-01-27,2026-04-27,In Bearbeitung,
A01560,E10182,T-002,2026-01-05,2026-03-06,Abgeschlossen,2026-01-25
A01561,E10182,T-003,2026-05-23,2026-08-21,Abgeschlossen,2026-07-14
A01562,E10182,T-004,2026-06-10,2026-07-25,Zugewiesen,
A01563,E10182,T-005,2026-09-15,2026-11-14,In Bearbeitung,
A01564,E10182,T-010,2026-01-11,2026-03-12,Abgeschlossen,2026-02-04
A01565,E10182,T-006,2026-04-25,2026-05-25,Abgeschlossen,2026-05-15
A01566,E10182,T-008,2026-04-05,2026-05-05,Abgeschlossen,2026-05-10
A01567,E10182,T-014,2025-12-05,2026-03-05,Zugewiesen,
A01568,E10183,T-001,2026-01-11,2026-02-10,Abgeschlossen,2026-01-17
A01569,E10183,T-002,2026-05-01,2026-06-30,Abgeschlossen,2026-05-30
A01570,E10183,T-003,2026-07-03,2026-08-02,Abgeschlossen,2026-07-13
A01571,E10183,T-004,2026-06-12,2026-08-11,In Bearbeitung,
A01572,E10183,T-005,2026-09-06,2026-10-06,Zugewiesen,
A01573,E10183,T-010,2019-01-08,2019-03-09,Abgeschlossen,2019-01-12
A01574,E10183,T-006,2026-01-24,2026-02-23,Abgeschlossen,2026-02-25
A01575,E10183,T-008,2026-07-18,2026-10-16,Abgeschlossen,2026-10-20
A01576,E10183,T-015,2026-01-27,2026-05-27,In Bearbeitung,
A01577,E10184,T-001,2026-10-04,2027-01-02,Abgeschlossen,2026-10-29
A01578,E10184,T-002,2026-10-12,2027-01-10,Abgeschlossen,2026-10-27
A01579,E10184,T-003,2026-02-12,2026-03-14,Abgeschlossen,2026-03-21
A01580,E10184,T-004,2026-06-08,2026-08-07,Abgeschlossen,2026-07-14
A01581,E10184,T-005,2026-03-29,2026-06-27,Abgeschlossen,2026-06-28
A01582,E10184,T-010,2019-01-14,2019-03-15,Abgeschlossen,2019-02-07
A01583,E10184,T-006,2026-07-31,2026-08-30,Abgeschlossen,2026-08-23
A01584,E10184,T-008,2026-02-19,2026-03-21,Abgeschlossen,2026-02-27
A01585,E10184,T-017,2026-02-28,2026-04-29,Zugewiesen,
A01586,E10185,T-001,2026-07-29,2026-10-27,Abgeschlossen,2026-07-30
A01587,E10185,T-002,2026-04-23,2026-05-23,In Bearbeitung,
A01588,E10185,T-003,2026-03-18,2026-04-17,Abgeschlossen,2026-03-28
A01589,E10185,T-004,2026-06-09,2026-07-09,In Bearbeitung,
A01590,E10185,T-005,2025-12-17,2026-02-15,Abgeschlossen,2026-02-13
A01591,E10185,T-010,2019-01-01,2019-03-02,Abgeschlossen,2019-02-06
A01592,E10185,T-006,2026-08-05,2026-11-03,Abgeschlossen,2026-10-29
A01593,E10185,T-008,2025-12-26,2026-03-26,Zugewiesen,
A01594,E10185,T-015,2026-06-05,2026-09-03,Abgeschlossen,2026-10-15
A01595,E10185,T-017,2026-09-15,2026-12-14,Zugewiesen,
A01596,E10186,T-001,2026-03-29,2026-06-27,Abgeschlossen,2026-05-26
A01597,E10186,T-002,2026-04-05,2026-06-04,Abgeschlossen,2026-04-07
A01598,E10186,T-003,2026-08-27,2026-11-25,In Bearbeitung,
A01599,E10186,T-004,2026-06-07,2026-07-07,Abgeschlossen,2026-07-02
A01600,E10186,T-005,2026-07-01,2026-07-31,Abgeschlossen,2026-07-07
A01601,E10186,T-010,2026-03-29,2026-05-28,Abgeschlossen,2026-05-18
A01602,E10186,T-006,2026-08-25,2026-09-24,Abgeschlossen,2026-08-30
A01603,E10186,T-008,2026-09-19,2026-10-19,Abgeschlossen,2026-09-28
A01604,E10186,T-016,2026-04-28,2026-07-27,Abgeschlossen,2026-08-07
A01605,E10187,T-001,2026-02-24,2026-04-25,Abgeschlossen,2026-05-05
A01606,E10187,T-002,2026-05-28,2026-06-27,Abgeschlossen,2026-06-06
A01607,E10187,T-003,2026-03-06,2026-05-05,Zugewiesen,
A01608,E10187,T-004,2026-06-11,2026-07-11,In Bearbeitung,
A01609,E10187,T-005,2026-05-07,2026-07-06,Abgeschlossen,2026-05-28
A01610,E10187,T-010,2019-01-01,2019-03-02,Abgeschlossen,2019-03-09
A01611,E10187,T-006,2026-04-09,2026-05-09,Abgeschlossen,2026-04-28
A01612,E10187,T-008,2026-09-04,2026-11-03,In Bearbeitung,
A01613,E10188,T-001,2026-03-19,2026-06-17,Abgeschlossen,2026-04-12
A01614,E10188,T-002,2026-04-06,2026-05-06,Abgeschlossen,2026-05-04
A01615,E10188,T-003,2026-01-24,2026-02-23,Abgeschlossen,2026-02-22
A01616,E10188,T-004,2026-06-06,2026-07-06,In Bearbeitung,
A01617,E10188,T-005,2026-04-20,2026-06-19,Abgeschlossen,2026-05-15
A01618,E10188,T-010,2019-01-04,2019-03-05,Abgeschlossen,2019-02-19
A01619,E10188,T-006,2026-05-24,2026-08-22,Abgeschlossen,2026-08-01
A01620,E10188,T-008,2025-12-11,2026-02-09,Abgeschlossen,2026-01-29
A01621,E10189,T-001,2026-10-07,2026-12-06,Abgeschlossen,2026-10-11
A01622,E10189,T-002,2026-07-07,2026-08-06,Abgeschlossen,2026-07-29
A01623,E10189,T-003,2026-05-15,2026-06-14,Abgeschlossen,2026-06-20
A01624,E10189,T-004,2026-06-10,2026-08-09,In Bearbeitung,
A01625,E10189,T-005,2026-06-19,2026-07-19,Abgeschlossen,2026-07-17
A01626,E10189,T-010,2019-01-11,2019-03-12,Abgeschlossen,2019-02-02
A01627,E10189,T-006,2026-09-09,2026-12-08,In Bearbeitung,
A01628,E10189,T-008,2026-04-23,2026-06-22,Abgeschlossen,2026-07-01
A01629,E10190,T-001,2026-07-20,2026-10-18,Abgeschlossen,2026-09-01
A01630,E10190,T-002,2026-05-26,2026-08-24,Abgeschlossen,2026-07-11
A01631,E10190,T-003,2025-12-02,2026-01-01,Abgeschlossen,2026-01-04
A01632,E10190,T-004,2026-06-08,2026-07-23,Abgeschlossen,2026-07-08
A01633,E10190,T-005,2026-09-13,2026-11-12,Zugewiesen,
A01634,E10190,T-010,2019-01-03,2019-03-04,Abgeschlossen,2019-02-21
A01635,E10190,T-006,2026-03-30,2026-05-29,Abgeschlossen,2026-04-02
A01636,E10190,T-008,2026-05-31,2026-08-29,Abgeschlossen,2026-07-27
A01637,E10191,T-001,2026-09-16,2026-12-15,Abgeschlossen,2026-09-18
A01638,E10191,T-002,2026-06-08,2026-08-07,Abgeschlossen,2026-08-07
A01639,E10191,T-003,2026-03-21,2026-04-20,Abgeschlossen,2026-04-29
A01640,E10191,T-004,2026-06-08,2026-07-08,In Bearbeitung,
A01641,E10191,T-005,2026-04-23,2026-06-22,Zugewiesen,
A01642,E10191,T-010,2019-01-04,2019-03-05,Abgeschlossen,2019-03-04
A01643,E10191,T-006,2026-06-06,2026-08-05,Abgeschlossen,2026-07-22
A01644,E10191,T-008,2026-08-31,2026-10-30,Abgeschlossen,2026-10-13
A01645,E10191,T-016,2026-03-11,2026-07-09,In Bearbeitung,
A01646,E10192,T-001,2026-08-02,2026-09-01,Abgeschlossen,2026-08-30
A01647,E10192,T-002,2025-12-30,2026-02-28,Abgeschlossen,2026-01-14
A01648,E10192,T-003,2026-01-20,2026-04-20,Abgeschlossen,2026-03-10
A01649,E10192,T-004,2026-06-08,2026-07-23,Abgeschlossen,2026-06-16
A01650,E10192,T-005,2026-03-08,2026-05-07,Abgeschlossen,2026-04-23
A01651,E10192,T-010,2020-02-06,2020-04-06,Abgeschlossen,2020-02-29
A01652,E10192,T-006,2026-03-24,2026-04-23,Abgeschlossen,2026-04-28
A01653,E10192,T-008,2026-09-14,2026-12-13,In Bearbeitung,
A01654,E10193,T-001,2026-08-04,2026-11-02,In Bearbeitung,
A01655,E10193,T-002,2026-03-31,2026-06-29,Abgeschlossen,2026-06-03
A01656,E10193,T-003,2026-03-24,2026-06-22,Abgeschlossen,2026-03-26
A01657,E10193,T-004,2026-06-05,2026-07-20,Abgeschlossen,2026-07-04
A01658,E10193,T-005,2026-03-03,2026-05-02,Abgeschlossen,2026-05-08
A01659,E10193,T-010,2020-12-01,2021-01-30,Abgeschlossen,2020-12-10
A01660,E10193,T-006,2026-02-13,2026-03-15,Abgeschlossen,2026-03-09
A01661,E10193,T-008,2026-07-04,2026-10-02,Zugewiesen,
A01662,E10193,T-014,2025-12-07,2026-04-06,Zugewiesen,
A01663,E10194,T-001,2026-03-17,2026-04-16,Abgeschlossen,2026-03-28
A01664,E10194,T-002,2026-09-15,2026-11-14,In Bearbeitung,
A01665,E10194,T-003,2026-02-17,2026-04-18,Abgeschlossen,2026-03-02
A01666,E10194,T-004,2026-06-07,2026-07-07,Abgeschlossen,2026-06-27
A01667,E10194,T-005,2026-04-06,2026-06-05,Abgeschlossen,2026-05-29
A01668,E10194,T-010,2019-01-15,2019-03-16,Abgeschlossen,2019-01-22
A01669,E10194,T-006,2026-05-19,2026-08-17,Zugewiesen,
A01670,E10194,T-008,2026-05-08,2026-07-07,Abgeschlossen,2026-05-10
A01671,E10194,T-015,2026-10-03,2027-01-31,In Bearbeitung,
A01672,E10194,T-016,2026-08-25,2026-10-24,Abgeschlossen,2026-11-01
A01673,E10195,T-001,2026-08-19,2026-11-17,Zugewiesen,
A01674,E10195,T-002,2026-07-12,2026-10-10,Abgeschlossen,2026-09-16
A01675,E10195,T-003,2025-12-17,2026-02-15,Abgeschlossen,2026-01-11
A01676,E10195,T-004,2026-06-08,2026-07-08,In Bearbeitung,
A01677,E10195,T-005,2026-09-25,2026-10-25,Abgeschlossen,2026-10-05
A01678,E10195,T-010,2020-08-26,2020-10-25,Abgeschlossen,2020-09-22
A01679,E10195,T-006,2026-02-26,2026-04-27,Abgeschlossen,2026-03-07
A01680,E10195,T-008,2026-05-02,2026-06-01,Abgeschlossen,2026-06-04
A01681,E10195,T-015,2026-02-17,2026-05-18,Abgeschlossen,2026-09-08
A01682,E10196,T-001,2026-06-27,2026-07-27,Abgeschlossen,2026-07-14
A01683,E10196,T-002,2025-12-15,2026-02-13,Abgeschlossen,2025-12-29
A01684,E10196,T-003,2026-03-12,2026-06-10,Abgeschlossen,2026-04-04
A01685,E10196,T-004,2026-06-08,2026-08-07,Zugewiesen,
A01686,E10196,T-005,2026-04-05,2026-07-04,Abgeschlossen,2026-04-12
A01687,E10196,T-010,2019-01-12,2019-03-13,Abgeschlossen,2019-02-15
A01688,E10196,T-006,2026-03-11,2026-04-10,Abgeschlossen,2026-04-06
A01689,E10196,T-008,2026-02-15,2026-04-16,Abgeschlossen,2026-04-18
A01690,E10197,T-001,2026-07-07,2026-10-05,Abgeschlossen,2026-09-30
A01691,E10197,T-002,2026-06-25,2026-08-24,Abgeschlossen,2026-09-01
A01692,E10197,T-003,2026-02-19,2026-05-20,Abgeschlossen,2026-05-02
A01693,E10197,T-004,2026-06-07,2026-07-22,Abgeschlossen,2026-07-11
A01694,E10197,T-005,2026-06-14,2026-07-14,Abgeschlossen,2026-07-17
A01695,E10197,T-010,2019-03-10,2019-05-09,Zugewiesen,
A01696,E10197,T-006,2026-02-22,2026-05-23,Abgeschlossen,2026-05-13
A01697,E10197,T-008,2026-10-02,2026-12-31,In Bearbeitung,
A01698,E10198,T-001,2026-08-28,2026-11-26,Abgeschlossen,2026-09-27
A01699,E10198,T-002,2026-10-08,2026-12-07,In Bearbeitung,
A01700,E10198,T-003,2026-02-01,2026-05-02,Abgeschlossen,2026-05-11
A01701,E10198,T-004,2026-06-07,2026-07-22,In Bearbeitung,
A01702,E10198,T-005,2026-10-10,2026-11-09,Zugewiesen,
A01703,E10198,T-010,2019-01-03,2019-03-04,Abgeschlossen,2019-01-06
A01704,E10198,T-006,2026-03-02,2026-05-31,Zugewiesen,
A01705,E10198,T-008,2026-01-30,2026-04-30,Abgeschlossen,2026-02-05
A01706,E10199,T-001,2026-05-19,2026-06-18,Abgeschlossen,2026-06-18
A01707,E10199,T-002,2026-04-09,2026-05-09,Abgeschlossen,2026-05-12
A01708,E10199,T-003,2026-09-27,2026-12-26,Zugewiesen,
A01709,E10199,T-004,2026-06-06,2026-08-05,In Bearbeitung,
A01710,E10199,T-005,2025-12-16,2026-01-15,Abgeschlossen,2026-01-08
A01711,E10199,T-010,2019-10-21,2019-12-20,Abgeschlossen,2019-10-24
A01712,E10199,T-006,2026-10-11,2026-12-10,In Bearbeitung,
A01713,E10199,T-008,2025-12-20,2026-02-18,Abgeschlossen,2026-02-24
A01714,E10200,T-001,2026-01-29,2026-04-29,Abgeschlossen,2026-03-15
A01715,E10200,T-002,2026-09-16,2026-11-15,Abgeschlossen,2026-10-08
A01716,E10200,T-003,2026-01-17,2026-02-16,Abgeschlossen,2026-02-24
A01717,E10200,T-004,2026-06-12,2026-07-12,Zugewiesen,
A01718,E10200,T-005,2026-01-17,2026-04-17,Abgeschlossen,2026-03-28
A01719,E10200,T-010,2020-10-17,2020-12-16,Abgeschlossen,2020-11-28
A01720,E10200,T-006,2026-02-10,2026-05-11,Abgeschlossen,2026-04-20
A01721,E10200,T-008,2026-07-11,2026-08-10,Abgeschlossen,2026-07-18
A01722,E10201,T-001,2026-03-03,2026-06-01,Abgeschlossen,2026-03-18
A01723,E10201,T-002,2026-04-21,2026-06-20,Abgeschlossen,2026-06-07
A01724,E10201,T-003,2026-03-07,2026-04-06,Abgeschlossen,2026-04-09
A01725,E10201,T-004,2026-06-11,2026-07-26,In Bearbeitung,
A01726,E10201,T-005,2026-05-06,2026-06-05,Abgeschlossen,2026-05-29
A01727,E10201,T-010,2021-03-10,2021-05-09,Abgeschlossen,2021-04-13
A01728,E10201,T-006,2026-01-25,2026-04-25,Abgeschlossen,2026-02-04
A01729,E10201,T-008,2026-08-10,2026-10-09,Abgeschlossen,2026-08-30
A01730,E10202,T-001,2026-09-28,2026-10-28,Abgeschlossen,2026-10-06
A01731,E10202,T-002,2026-07-20,2026-08-19,Abgeschlossen,2026-08-26
A01732,E10202,T-003,2026-08-10,2026-09-09,Abgeschlossen,2026-09-02
A01733,E10202,T-004,2026-06-05,2026-07-20,Zugewiesen,
A01734,E10202,T-005,2026-05-05,2026-07-04,Abgeschlossen,2026-06-04
A01735,E10202,T-010,2019-01-01,2019-03-02,Abgeschlossen,2019-02-03
A01736,E10202,T-006,2026-01-15,2026-02-14,Abgeschlossen,2026-01-20
A01737,E10202,T-008,2025-12-27,2026-02-25,Abgeschlossen,2026-01-04
A01738,E10202,T-014,2025-11-18,2026-01-17,Abgeschlossen,2026-07-13
A01739,E10203,T-001,2026-02-14,2026-04-15,Abgeschlossen,2026-04-01
A01740,E10203,T-002,2026-09-16,2026-11-15,Zugewiesen,
A01741,E10203,T-003,2026-09-02,2026-11-01,Abgeschlossen,2026-09-18
A01742,E10203,T-004,2026-06-10,2026-08-09,Zugewiesen,
A01743,E10203,T-005,2026-08-07,2026-11-05,In Bearbeitung,
A01744,E10203,T-010,2024-11-12,2025-01-11,Abgeschlossen,2025-01-06
A01745,E10203,T-006,2026-05-03,2026-07-02,In Bearbeitung,
A01746,E10203,T-008,2026-09-07,2026-11-06,Zugewiesen,
A01747,E10203,T-016,2026-07-30,2026-11-27,Zugewiesen,
A01748,E10203,T-017,2026-01-02,2026-04-02,Zugewiesen,
A01749,E10204,T-001,2026-05-23,2026-08-21,Abgeschlossen,2026-07-02
A01750,E10204,T-002,2025-12-03,2026-02-01,Abgeschlossen,2026-01-01
A01751,E10204,T-003,2026-03-05,2026-04-04,Abgeschlossen,2026-04-13
A01752,E10204,T-004,2026-06-11,2026-07-11,Abgeschlossen,2026-07-14
A01753,E10204,T-005,2026-02-02,2026-05-03,Abgeschlossen,2026-05-01
A01754,E10204,T-010,2021-01-02,2021-03-03,Abgeschlossen,2021-03-12
A01755,E10204,T-006,2026-01-14,2026-03-15,Abgeschlossen,2026-02-09
A01756,E10204,T-008,2026-05-06,2026-08-04,Abgeschlossen,2026-05-30
A01757,E10205,T-001,2025-12-07,2026-02-05,Abgeschlossen,2026-01-06
A01758,E10205,T-002,2026-05-11,2026-07-10,Abgeschlossen,2026-06-25
A01759,E10205,T-003,2026-03-11,2026-05-10,Abgeschlossen,2026-04-13
A01760,E10205,T-004,2026-06-11,2026-07-11,Abgeschlossen,2026-07-16
A01761,E10205,T-005,2026-02-03,2026-03-05,Abgeschlossen,2026-02-21
A01762,E10205,T-010,2021-07-29,2021-09-27,Abgeschlossen,2021-10-02
A01763,E10205,T-006,2026-05-02,2026-07-01,Abgeschlossen,2026-05-06
A01764,E10205,T-008,2026-07-09,2026-09-07,Zugewiesen,
A01765,E10205,T-016,2025-11-24,2026-01-23,Abgeschlossen,2026-02-13
A01766,E10206,T-001,2026-07-22,2026-10-20,Abgeschlossen,2026-08-05
A01767,E10206,T-002,2026-05-13,2026-07-12,Abgeschlossen,2026-06-24
A01768,E10206,T-003,2026-07-05,2026-10-03,Zugewiesen,
A01769,E10206,T-004,2026-06-07,2026-07-22,Abgeschlossen,2026-06-27
A01770,E10206,T-005,2026-06-29,2026-07-29,Abgeschlossen,2026-07-19
A01771,E10206,T-010,2019-02-19,2019-04-20,Abgeschlossen,2019-02-23
A01772,E10206,T-006,2026-09-09,2026-10-09,Abgeschlossen,2026-09-13
A01773,E10206,T-008,2026-06-07,2026-09-05,Zugewiesen,
A01774,E10207,T-001,2026-09-11,2026-11-10,Abgeschlossen,2026-10-07
A01775,E10207,T-002,2026-08-02,2026-10-01,Abgeschlossen,2026-08-24
A01776,E10207,T-003,2026-09-10,2026-10-10,Abgeschlossen,2026-09-24
A01777,E10207,T-004,2026-06-09,2026-07-24,In Bearbeitung,
A01778,E10207,T-005,2026-04-13,2026-06-12,Abgeschlossen,2026-05-26
A01779,E10207,T-010,2019-01-02,2019-03-03,Abgeschlossen,2019-03-11
A01780,E10207,T-006,2026-04-14,2026-05-14,Abgeschlossen,2026-05-03
A01781,E10207,T-008,2026-06-01,2026-08-30,Abgeschlossen,2026-06-30
A01782,E10208,T-001,2026-05-18,2026-08-16,Abgeschlossen,2026-06-24
A01783,E10208,T-002,2026-03-17,2026-04-16,Abgeschlossen,2026-03-25
A01784,E10208,T-003,2026-04-23,2026-05-23,Abgeschlossen,2026-04-24
A01785,E10208,T-004,2026-06-05,2026-07-20,Abgeschlossen,2026-06-27
A01786,E10208,T-005,2026-08-15,2026-09-14,Zugewiesen,
A01787,E10208,T-010,2019-01-05,2019-03-06,Abgeschlossen,2019-02-20
A01788,E10208,T-006,2026-03-31,2026-06-29,Abgeschlossen,2026-06-10
A01789,E10208,T-008,2026-01-17,2026-02-16,Abgeschlossen,2026-02-15
A01790,E10209,T-001,2026-07-07,2026-08-06,Abgeschlossen,2026-07-25
A01791,E10209,T-002,2026-02-05,2026-04-06,Abgeschlossen,2026-02-17
A01792,E10209,T-003,2026-06-29,2026-08-28,Abgeschlossen,2026-09-07
A01793,E10209,T-004,2026-06-10,2026-07-25,In Bearbeitung,
A01794,E10209,T-005,2025-12-18,2026-03-18,Abgeschlossen,2026-02-26
A01795,E10209,T-010,2019-01-15,2019-03-16,Abgeschlossen,2019-01-16
A01796,E10209,T-006,2026-07-21,2026-10-19,Abgeschlossen,2026-07-24
A01797,E10209,T-008,2026-01-09,2026-02-08,Abgeschlossen,2026-02-04
A01798,E10209,T-016,2025-12-31,2026-04-30,In Bearbeitung,
A01799,E10210,T-001,2026-05-10,2026-06-09,Abgeschlossen,2026-05-17
A01800,E10210,T-002,2026-01-30,2026-03-01,Abgeschlossen,2026-02-15
A01801,E10210,T-003,2026-03-03,2026-06-01,Abgeschlossen,2026-03-24
A01802,E10210,T-004,2026-06-06,2026-07-21,Zugewiesen,
A01803,E10210,T-005,2026-06-17,2026-09-15,Abgeschlossen,2026-07-21
A01804,E10210,T-010,2019-01-12,2019-03-13,Abgeschlossen,2019-03-19
A01805,E10210,T-006,2026-02-04,2026-04-05,Abgeschlossen,2026-04-01
A01806,E10210,T-008,2026-03-17,2026-04-16,Abgeschlossen,2026-04-04
A01807,E10211,T-001,2025-12-05,2026-02-03,Abgeschlossen,2026-01-13
A01808,E10211,T-002,2026-06-10,2026-07-10,Abgeschlossen,2026-07-07
A01809,E10211,T-003,2026-09-13,2026-12-12,In Bearbeitung,
A01810,E10211,T-004,2026-06-10,2026-08-09,Zugewiesen,
A01811,E10211,T-005,2026-02-16,2026-03-18,Abgeschlossen,2026-03-09
A01812,E10211,T-010,2019-01-13,2019-03-14,Abgeschlossen,2019-02-05
A01813,E10211,T-006,2026-07-06,2026-09-04,Abgeschlossen,2026-07-19
A01814,E10211,T-008,2026-02-28,2026-04-29,Abgeschlossen,2026-04-02
A01815,E10212,T-001,2026-06-12,2026-07-12,Abgeschlossen,2026-06-28
A01816,E10212,T-002,2026-01-14,2026-04-14,Abgeschlossen,2026-04-09
A01817,E10212,T-003,2025-12-16,2026-03-16,Abgeschlossen,2026-03-24
A01818,E10212,T-004,2026-06-11,2026-08-10,In Bearbeitung,
A01819,E10212,T-005,2025-12-09,2026-02-07,Abgeschlossen,2025-12-29
A01820,E10212,T-010,2019-01-14,2019-03-15,Abgeschlossen,2019-02-07
A01821,E10212,T-006,2026-04-05,2026-07-04,Abgeschlossen,2026-06-09
A01822,E10212,T-008,2026-07-19,2026-08-18,Abgeschlossen,2026-07-21
A01823,E10213,T-001,2026-07-13,2026-08-12,Abgeschlossen,2026-08-04
A01824,E10213,T-002,2026-03-25,2026-05-24,Abgeschlossen,2026-05-21
A01825,E10213,T-003,2026-05-16,2026-06-15,Abgeschlossen,2026-06-05
A01826,E10213,T-004,2026-06-08,2026-07-08,In Bearbeitung,
A01827,E10213,T-005,2026-01-06,2026-03-07,Abgeschlossen,2026-01-10
A01828,E10213,T-010,2019-01-04,2019-03-05,Abgeschlossen,2019-01-21
A01829,E10213,T-006,2026-05-28,2026-07-27,Abgeschlossen,2026-07-13
A01830,E10213,T-008,2026-04-04,2026-07-03,Abgeschlossen,2026-06-23
A01831,E10214,T-001,2026-04-26,2026-07-25,Abgeschlossen,2026-07-09
A01832,E10214,T-002,2026-08-07,2026-10-06,Abgeschlossen,2026-08-23
A01833,E10214,T-003,2026-09-01,2026-11-30,Abgeschlossen,2026-09-06
A01834,E10214,T-004,2026-06-10,2026-07-25,Abgeschlossen,2026-07-20
A01835,E10214,T-005,2026-02-28,2026-03-30,In Bearbeitung,
A01836,E10214,T-010,2019-01-11,2019-03-12,Abgeschlossen,2019-02-25
A01837,E10214,T-006,2026-02-25,2026-04-26,Abgeschlossen,2026-04-28
A01838,E10214,T-008,2026-04-30,2026-05-30,Zugewiesen,
A01839,E10214,T-015,2026-09-04,2026-12-03,In Bearbeitung,
A01840,E10215,T-001,2026-06-16,2026-09-14,Abgeschlossen,2026-09-23
A01841,E10215,T-002,2026-05-09,2026-07-08,Abgeschlossen,2026-07-06
A01842,E10215,T-003,2026-10-02,2026-12-31,In Bearbeitung,
A01843,E10215,T-004,2026-06-09,2026-07-24,In Bearbeitung,
A01844,E10215,T-005,2025-12-15,2026-03-15,Abgeschlossen,2026-02-23
A01845,E10215,T-010,2019-01-03,2019-03-04,Abgeschlossen,2019-01-30
A01846,E10215,T-006,2026-08-10,2026-09-09,Abgeschlossen,2026-08-22
A01847,E10215,T-008,2026-02-20,2026-03-22,Abgeschlossen,2026-03-30
A01848,E10215,T-014,2026-06-12,2026-10-10,Abgeschlossen,2026-09-26
A01849,E10216,T-001,2026-01-26,2026-04-26,Abgeschlossen,2026-02-18
A01850,E10216,T-002,2026-03-13,2026-05-12,Abgeschlossen,2026-03-29
A01851,E10216,T-003,2025-12-06,2026-02-04,Abgeschlossen,2025-12-24
A01852,E10216,T-004,2026-06-09,2026-08-08,In Bearbeitung,
A01853,E10216,T-005,2026-04-13,2026-07-12,Abgeschlossen,2026-05-02
A01854,E10216,T-010,2019-07-10,2019-09-08,Abgeschlossen,2019-07-15
A01855,E10216,T-006,2026-08-19,2026-09-18,Abgeschlossen,2026-09-17
A01856,E10216,T-008,2026-07-10,2026-09-08,Abgeschlossen,2026-08-08
A01857,E10217,T-001,2025-12-23,2026-02-21,Abgeschlossen,2026-01-16
A01858,E10217,T-002,2026-04-29,2026-06-28,Abgeschlossen,2026-05-08
A01859,E10217,T-003,2026-02-21,2026-04-22,Abgeschlossen,2026-03-08
A01860,E10217,T-004,2026-06-08,2026-07-23,In Bearbeitung,
A01861,E10217,T-005,2026-03-27,2026-06-25,Abgeschlossen,2026-04-07
A01862,E10217,T-010,2019-01-01,2019-03-02,Abgeschlossen,2019-02-28
A01863,E10217,T-006,2026-07-30,2026-08-29,Abgeschlossen,2026-08-26
A01864,E10217,T-008,2026-05-21,2026-07-20,Abgeschlossen,2026-06-18
A01865,E10218,T-001,2026-05-18,2026-08-16,Abgeschlossen,2026-07-16
A01866,E10218,T-002,2026-09-07,2026-11-06,Abgeschlossen,2026-09-10
A01867,E10218,T-003,2026-06-17,2026-09-15,Abgeschlossen,2026-08-17
A01868,E10218,T-004,2026-06-06,2026-07-21,Abgeschlossen,2026-07-02
A01869,E10218,T-005,2026-10-02,2026-12-31,Abgeschlossen,2026-11-01
A01870,E10218,T-010,2024-01-08,2024-03-08,Abgeschlossen,2024-01-24
A01871,E10218,T-006,2025-12-28,2026-02-26,Abgeschlossen,2025-12-30
A01872,E10218,T-008,2026-07-29,2026-10-27,Abgeschlossen,2026-08-27
A01873,E10219,T-001,2026-06-28,2026-07-28,Abgeschlossen,2026-07-01
A01874,E10219,T-002,2025-12-05,2026-01-04,Abgeschlossen,2025-12-22
A01875,E10219,T-003,2026-08-16,2026-10-15,Abgeschlossen,2026-08-21
A01876,E10219,T-004,2026-06-09,2026-07-24,Abgeschlossen,2026-07-30
A01877,E10219,T-005,2026-03-03,2026-04-02,Abgeschlossen,2026-03-06
A01878,E10219,T-010,2019-07-08,2019-09-06,Abgeschlossen,2019-08-06
A01879,E10219,T-006,2026-07-08,2026-08-07,Abgeschlossen,2026-08-10
A01880,E10219,T-008,2026-05-25,2026-08-23,Abgeschlossen,2026-07-26
A01881,E10220,T-001,2026-08-10,2026-11-08,Abgeschlossen,2026-10-18
A01882,E10220,T-002,2025-12-15,2026-03-15,Abgeschlossen,2025-12-18
A01883,E10220,T-003,2026-01-30,2026-03-31,Abgeschlossen,2026-02-04
A01884,E10220,T-004,2026-06-09,2026-07-24,Abgeschlossen,2026-07-14
A01885,E10220,T-005,2026-08-13,2026-11-11,In Bearbeitung,
A01886,E10220,T-010,2025-06-30,2025-08-29,Abgeschlossen,2025-07-09
A01887,E10220,T-006,2026-01-11,2026-02-10,Abgeschlossen,2026-02-20
A01888,E10220,T-008,2026-05-07,2026-07-06,Abgeschlossen,2026-07-02
A01889,E10221,T-001,2026-06-17,2026-09-15,Abgeschlossen,2026-06-26
A01890,E10221,T-002,2026-02-26,2026-03-28,Abgeschlossen,2026-03-27
A01891,E10221,T-003,2026-07-01,2026-09-29,Abgeschlossen,2026-07-26
A01892,E10221,T-004,2026-06-09,2026-07-09,In Bearbeitung,
A01893,E10221,T-005,2026-08-19,2026-10-18,Abgeschlossen,2026-10-18
A01894,E10221,T-010,2019-01-12,2019-03-13,Abgeschlossen,2019-02-17
A01895,E10221,T-006,2025-12-08,2026-03-08,Abgeschlossen,2026-02-23
A01896,E10221,T-008,2026-06-04,2026-07-04,Zugewiesen,
A01897,E10222,T-001,2026-07-28,2026-09-26,Abgeschlossen,2026-08-04
A01898,E10222,T-002,2025-12-08,2026-02-06,Abgeschlossen,2025-12-22
A01899,E10222,T-003,2026-08-05,2026-10-04,Abgeschlossen,2026-10-10
A01900,E10222,T-004,2026-06-11,2026-07-11,Zugewiesen,
A01901,E10222,T-005,2026-03-19,2026-05-18,Abgeschlossen,2026-04-18
A01902,E10222,T-010,2021-06-26,2021-08-25,Abgeschlossen,2021-08-29
A01903,E10222,T-006,2026-05-22,2026-06-21,Abgeschlossen,2026-06-02
A01904,E10222,T-008,2026-06-05,2026-09-03,Abgeschlossen,2026-07-03
A01905,E10222,T-015,2026-06-10,2026-09-08,Abgeschlossen,2026-08-13
A01906,E10223,T-001,2026-07-13,2026-09-11,Abgeschlossen,2026-08-04
A01907,E10223,T-002,2026-06-06,2026-07-06,Abgeschlossen,2026-06-16
A01908,E10223,T-003,2026-05-26,2026-07-25,Abgeschlossen,2026-07-15
A01909,E10223,T-004,2026-06-08,2026-08-07,In Bearbeitung,
A01910,E10223,T-005,2026-06-12,2026-09-10,Abgeschlossen,2026-08-06
A01911,E10223,T-010,2019-01-04,2019-03-05,Abgeschlossen,2019-01-14
A01912,E10223,T-006,2026-04-03,2026-07-02,Abgeschlossen,2026-04-23
A01913,E10223,T-008,2026-03-29,2026-05-28,Abgeschlossen,2026-06-02
A01914,E10224,T-001,2026-01-26,2026-02-25,Abgeschlossen,2026-02-16
A01915,E10224,T-002,2026-05-20,2026-07-19,Abgeschlossen,2026-06-27
A01916,E10224,T-003,2026-05-18,2026-06-17,Abgeschlossen,2026-06-10
A01917,E10224,T-004,2026-06-11,2026-07-11,In Bearbeitung,
A01918,E10224,T-005,2026-02-17,2026-03-19,Abgeschlossen,2026-03-23
A01919,E10224,T-010,2019-01-21,2019-03-22,Abgeschlossen,2019-02-01
A01920,E10224,T-006,2026-06-12,2026-07-12,Abgeschlossen,2026-06-16
A01921,E10224,T-008,2026-09-16,2026-11-15,In Bearbeitung,
A01922,E10225,T-001,2026-08-15,2026-10-14,Abgeschlossen,2026-09-13
A01923,E10225,T-002,2026-07-03,2026-09-01,Abgeschlossen,2026-08-31
A01924,E10225,T-003,2026-01-10,2026-02-09,Abgeschlossen,2026-01-20
A01925,E10225,T-004,2026-06-05,2026-07-20,Abgeschlossen,2026-07-19
A01926,E10225,T-005,2026-09-16,2026-11-15,Zugewiesen,
A01927,E10225,T-010,2019-01-10,2019-03-11,Abgeschlossen,2019-01-22
A01928,E10225,T-006,2026-01-14,2026-03-15,Abgeschlossen,2026-02-03
A01929,E10225,T-008,2026-05-25,2026-07-24,Abgeschlossen,2026-07-14
A01930,E10226,T-001,2026-08-07,2026-10-06,Abgeschlossen,2026-09-17
A01931,E10226,T-002,2026-05-24,2026-07-23,Abgeschlossen,2026-06-26
A01932,E10226,T-003,2026-03-18,2026-04-17,Abgeschlossen,2026-04-06
A01933,E10226,T-004,2026-06-07,2026-08-06,Zugewiesen,
A01934,E10226,T-005,2026-04-11,2026-07-10,Abgeschlossen,2026-04-26
A01935,E10226,T-010,2019-01-14,2019-03-15,Abgeschlossen,2019-02-25
A01936,E10226,T-006,2026-05-19,2026-07-18,Abgeschlossen,2026-05-27
A01937,E10226,T-008,2026-10-02,2026-12-31,In Bearbeitung,
A01938,E10227,T-001,2026-07-07,2026-09-05,Abgeschlossen,2026-08-29
A01939,E10227,T-002,2026-07-20,2026-09-18,Zugewiesen,
A01940,E10227,T-003,2026-04-06,2026-07-05,Abgeschlossen,2026-05-15
A01941,E10227,T-004,2026-06-11,2026-07-26,In Bearbeitung,
A01942,E10227,T-005,2026-01-12,2026-04-12,Zugewiesen,
A01943,E10227,T-010,2019-01-14,2019-03-15,Abgeschlossen,2019-01-31
A01944,E10227,T-006,2026-09-28,2026-11-27,Zugewiesen,
A01945,E10227,T-008,2026-08-29,2026-11-27,Abgeschlossen,2026-09-04
A01946,E10227,T-013,2026-01-15,2026-03-16,In Bearbeitung,
A01947,E10228,T-001,2026-07-17,2026-08-16,Abgeschlossen,2026-08-02
A01948,E10228,T-002,2026-01-01,2026-01-31,In Bearbeitung,
A01949,E10228,T-003,2026-05-28,2026-07-27,Zugewiesen,
A01950,E10228,T-004,2026-06-05,2026-07-05,Zugewiesen,
A01951,E10228,T-005,2026-08-23,2026-10-22,Abgeschlossen,2026-10-13
A01952,E10228,T-010,2019-01-04,2019-03-05,Zugewiesen,
A01953,E10228,T-006,2026-08-10,2026-11-08,Zugewiesen,
A01954,E10228,T-008,2025-12-30,2026-01-29,In Bearbeitung,
A01955,E10228,T-013,2025-11-15,2026-02-13,Zugewiesen,
A01956,E10229,T-001,2026-02-19,2026-03-21,Abgeschlossen,2026-03-23
A01957,E10229,T-002,2026-02-28,2026-04-29,Abgeschlossen,2026-05-03
A01958,E10229,T-003,2026-07-13,2026-08-12,Abgeschlossen,2026-08-16
A01959,E10229,T-004,2026-06-06,2026-08-05,Zugewiesen,
A01960,E10229,T-005,2026-05-26,2026-07-25,In Bearbeitung,
A01961,E10229,T-010,2019-01-07,2019-03-08,Abgeschlossen,2019-02-04
A01962,E10229,T-006,2026-01-02,2026-03-03,Zugewiesen,
A01963,E10229,T-008,2026-01-26,2026-02-25,In Bearbeitung,
A01964,E10229,T-016,2026-10-01,2026-11-30,Zugewiesen,
A01965,E10230,T-001,2026-06-11,2026-07-11,Abgeschlossen,2026-07-21
A01966,E10230,T-002,2026-03-22,2026-05-21,Zugewiesen,
A01967,E10230,T-003,2026-06-21,2026-07-21,Zugewiesen,
A01968,E10230,T-004,2026-06-08,2026-07-23,In Bearbeitung,
A01969,E10230,T-005,2025-12-13,2026-03-13,Zugewiesen,
A01970,E10230,T-010,2019-01-05,2019-03-06,Abgeschlossen,2019-02-05
A01971,E10230,T-006,2026-01-05,2026-03-06,Abgeschlossen,2026-02-17
A01972,E10230,T-008,2026-09-10,2026-12-09,Zugewiesen,
A01973,E10230,T-013,2026-05-17,2026-08-15,Zugewiesen,
A01974,E10231,T-001,2026-09-23,2026-12-22,In Bearbeitung,
A01975,E10231,T-002,2026-09-22,2026-12-21,In Bearbeitung,
A01976,E10231,T-003,2026-06-25,2026-08-24,Abgeschlossen,2026-07-08
A01977,E10231,T-004,2026-06-07,2026-08-06,Abgeschlossen,2026-06-29
A01978,E10231,T-005,2026-03-05,2026-05-04,Abgeschlossen,2026-05-05
A01979,E10231,T-010,2019-01-14,2019-03-15,Abgeschlossen,2019-02-14
A01980,E10231,T-006,2026-08-09,2026-09-08,Abgeschlossen,2026-08-12
A01981,E10231,T-008,2026-01-18,2026-04-18,Abgeschlossen,2026-03-02
A01982,E10232,T-001,2026-10-02,2026-12-01,In Bearbeitung,
A01983,E10232,T-002,2026-06-30,2026-07-30,Zugewiesen,
A01984,E10232,T-003,2026-08-21,2026-11-19,Abgeschlossen,2026-10-04
A01985,E10232,T-004,2026-06-05,2026-07-05,Zugewiesen,
A01986,E10232,T-005,2026-07-19,2026-08-18,Abgeschlossen,2026-08-08
A01987,E10232,T-010,2019-01-11,2019-03-12,Zugewiesen,
A01988,E10232,T-006,2026-08-04,2026-10-03,Zugewiesen,
A01989,E10232,T-008,2026-08-14,2026-09-13,In Bearbeitung,
A01990,E10232,T-014,2025-12-29,2026-02-27,Zugewiesen,
A01991,E10232,T-016,2026-08-09,2026-12-07,Zugewiesen,
A01992,E10233,T-001,2026-08-04,2026-09-03,Zugewiesen,
A01993,E10233,T-002,2026-02-05,2026-03-07,Abgeschlossen,2026-02-16
A01994,E10233,T-003,2026-04-08,2026-07-07,Zugewiesen,
A01995,E10233,T-004,2026-06-12,2026-08-11,Abgeschlossen,2026-06-26
A01996,E10233,T-005,2026-08-08,2026-11-06,Abgeschlossen,2026-08-16
A01997,E10233,T-010,2025-06-18,2025-08-17,Abgeschlossen,2025-06-21
A01998,E10233,T-006,2026-05-28,2026-08-26,Zugewiesen,
A01999,E10233,T-008,2026-06-19,2026-09-17,Abgeschlossen,2026-08-30
A02000,E10234,T-001,2026-02-07,2026-03-09,Zugewiesen,
A02001,E10234,T-002,2026-08-21,2026-10-20,Abgeschlossen,2026-09-28
A02002,E10234,T-003,2026-03-17,2026-06-15,Zugewiesen,
A02003,E10234,T-004,2026-06-08,2026-08-07,In Bearbeitung,
A02004,E10234,T-005,2026-09-27,2026-11-26,Abgeschlossen,2026-10-05
A02005,E10234,T-010,2019-01-11,2019-03-12,Abgeschlossen,2019-03-15
A02006,E10234,T-006,2026-08-26,2026-09-25,Abgeschlossen,2026-10-05
A02007,E10234,T-008,2026-06-12,2026-07-12,Abgeschlossen,2026-07-16
A02008,E10235,T-001,2026-03-29,2026-06-27,Abgeschlossen,2026-06-08
A02009,E10235,T-002,2026-06-19,2026-08-18,Zugewiesen,
A02010,E10235,T-003,2026-09-08,2026-11-07,In Bearbeitung,
A02011,E10235,T-004,2026-06-07,2026-08-06,Abgeschlossen,2026-07-08
A02012,E10235,T-005,2026-05-27,2026-07-26,Abgeschlossen,2026-07-13
A02013,E10235,T-010,2020-02-25,2020-04-25,In Bearbeitung,
A02014,E10235,T-006,2026-05-24,2026-06-23,Abgeschlossen,2026-06-23
A02015,E10235,T-008,2026-01-22,2026-04-22,Abgeschlossen,2026-03-25
A02016,E10235,T-016,2026-03-26,2026-06-24,Zugewiesen,
A02017,E10236,T-001,2026-04-01,2026-06-30,Abgeschlossen,2026-06-04
A02018,E10236,T-002,2026-05-01,2026-06-30,Zugewiesen,
A02019,E10236,T-003,2025-12-03,2026-01-02,Abgeschlossen,2025-12-05
A02020,E10236,T-004,2026-06-07,2026-08-06,Zugewiesen,
A02021,E10236,T-005,2026-07-01,2026-09-29,Abgeschlossen,2026-07-23
A02022,E10236,T-010,2019-01-07,2019-03-08,Zugewiesen,
A02023,E10236,T-006,2026-02-10,2026-05-11,Zugewiesen,
A02024,E10236,T-008,2026-07-28,2026-10-26,Abgeschlossen,2026-09-01
A02025,E10236,T-014,2026-02-27,2026-05-28,Abgeschlossen,2026-06-19
A02026,E10236,T-015,2026-05-31,2026-09-28,Zugewiesen,
A02027,E10237,T-001,2026-05-09,2026-08-07,Zugewiesen,
A02028,E10237,T-002,2026-01-31,2026-03-02,Abgeschlossen,2026-02-17
A02029,E10237,T-003,2026-03-26,2026-04-25,Zugewiesen,
A02030,E10237,T-004,2026-06-09,2026-07-24,Zugewiesen,
A02031,E10237,T-005,2026-02-10,2026-04-11,Abgeschlossen,2026-03-10
A02032,E10237,T-010,2019-01-04,2019-03-05,Abgeschlossen,2019-02-05
A02033,E10237,T-006,2026-10-06,2026-12-05,Abgeschlossen,2026-10-22
A02034,E10237,T-008,2026-06-08,2026-08-07,Abgeschlossen,2026-08-12
A02035,E10238,T-001,2026-08-26,2026-10-25,Abgeschlossen,2026-09-08
A02036,E10238,T-002,2026-06-09,2026-07-09,In Bearbeitung,
A02037,E10238,T-003,2026-07-10,2026-10-08,Abgeschlossen,2026-10-04
A02038,E10238,T-004,2026-06-06,2026-08-05,In Bearbeitung,
A02039,E10238,T-005,2026-03-15,2026-05-14,Abgeschlossen,2026-04-01
A02040,E10238,T-010,2019-01-09,2019-03-10,Abgeschlossen,2019-03-08
A02041,E10238,T-006,2026-02-17,2026-04-18,Zugewiesen,
A02042,E10238,T-008,2026-05-16,2026-07-15,Zugewiesen,
A02043,E10239,T-001,2026-08-16,2026-10-15,In Bearbeitung,
A02044,E10239,T-002,2026-10-10,2026-12-09,Abgeschlossen,2026-10-30
A02045,E10239,T-003,2026-03-10,2026-06-08,Zugewiesen,
A02046,E10239,T-004,2026-06-08,2026-07-23,Abgeschlossen,2026-07-08
A02047,E10239,T-005,2026-07-18,2026-09-16,Zugewiesen,
A02048,E10239,T-010,2019-01-02,2019-03-03,Abgeschlossen,2019-02-10
A02049,E10239,T-006,2026-08-15,2026-09-14,Abgeschlossen,2026-09-20
A02050,E10239,T-008,2026-06-24,2026-07-24,Abgeschlossen,2026-07-30
A02051,E10240,T-001,2025-12-05,2026-01-04,Abgeschlossen,2025-12-06
A02052,E10240,T-002,2026-01-23,2026-02-22,Zugewiesen,
A02053,E10240,T-003,2025-12-16,2026-03-16,Abgeschlossen,2026-03-01
A02054,E10240,T-004,2026-06-12,2026-08-11,Zugewiesen,
A02055,E10240,T-005,2026-09-27,2026-12-26,Zugewiesen,
A02056,E10240,T-010,2023-08-21,2023-10-20,Abgeschlossen,2023-10-26
A02057,E10240,T-006,2026-01-18,2026-03-19,Abgeschlossen,2026-03-02
A02058,E10240,T-008,2026-08-30,2026-11-28,In Bearbeitung,
A02059,E10240,T-016,2026-04-02,2026-07-31,In Bearbeitung,
A02060,E10241,T-001,2025-12-15,2026-02-13,Zugewiesen,
A02061,E10241,T-002,2026-09-05,2026-10-05,Zugewiesen,
A02062,E10241,T-003,2026-05-24,2026-06-23,Abgeschlossen,2026-06-24
A02063,E10241,T-004,2026-06-12,2026-08-11,In Bearbeitung,
A02064,E10241,T-005,2025-12-25,2026-03-25,Zugewiesen,
A02065,E10241,T-010,2019-01-11,2019-03-12,Abgeschlossen,2019-01-18
A02066,E10241,T-006,2026-08-29,2026-09-28,Abgeschlossen,2026-10-03
A02067,E10241,T-008,2026-01-31,2026-04-01,Zugewiesen,
A02068,E10242,T-001,2026-01-09,2026-04-09,Abgeschlossen,2026-04-16
A02069,E10242,T-002,2026-02-22,2026-03-24,Abgeschlossen,2026-03-25
A02070,E10242,T-003,2026-06-08,2026-07-08,Zugewiesen,
A02071,E10242,T-004,2026-06-06,2026-07-21,Abgeschlossen,2026-06-18
A02072,E10242,T-005,2026-06-30,2026-09-28,Zugewiesen,
A02073,E10242,T-010,2024-05-21,2024-07-20,Abgeschlossen,2024-07-26
A02074,E10242,T-006,2026-09-28,2026-11-27,Abgeschlossen,2026-10-01
A02075,E10242,T-008,2026-03-29,2026-04-28,Abgeschlossen,2026-03-31
A02076,E10242,T-015,2026-05-15,2026-08-13,In Bearbeitung,
A02077,E10243,T-001,2026-06-18,2026-08-17,Abgeschlossen,2026-08-12
A02078,E10243,T-002,2026-03-04,2026-06-02,Zugewiesen,
A02079,E10243,T-003,2026-01-12,2026-03-13,Abgeschlossen,2026-03-10
A02080,E10243,T-004,2026-06-07,2026-07-07,Zugewiesen,
A02081,E10243,T-005,2026-02-12,2026-04-13,Abgeschlossen,2026-02-26
A02082,E10243,T-010,2025-09-05,2025-11-04,Abgeschlossen,2025-11-13
A02083,E10243,T-006,2026-01-20,2026-04-20,Abgeschlossen,2026-02-21
A02084,E10243,T-008,2026-06-24,2026-09-22,In Bearbeitung,
A02085,E10244,T-001,2026-06-26,2026-08-25,Abgeschlossen,2026-07-28
A02086,E10244,T-002,2026-10-06,2026-12-05,In Bearbeitung,
A02087,E10244,T-003,2026-02-22,2026-05-23,In Bearbeitung,
A02088,E10244,T-004,2026-06-09,2026-07-24,In Bearbeitung,
A02089,E10244,T-005,2026-09-18,2026-10-18,Abgeschlossen,2026-10-18
A02090,E10244,T-010,2019-01-13,2019-03-14,Abgeschlossen,2019-02-24
A02091,E10244,T-006,2026-06-30,2026-09-28,Abgeschlossen,2026-08-15
A02092,E10244,T-008,2026-01-11,2026-04-11,Abgeschlossen,2026-01-25
A02093,E10244,T-014,2026-03-24,2026-05-23,Zugewiesen,
A02094,E10245,T-001,2026-01-01,2026-04-01,Zugewiesen,
A02095,E10245,T-002,2026-01-01,2026-04-01,Abgeschlossen,2026-03-05
A02096,E10245,T-003,2026-02-24,2026-03-26,In Bearbeitung,
A02097,E10245,T-004,2026-06-10,2026-08-09,In Bearbeitung,
A02098,E10245,T-005,2026-08-06,2026-09-05,Abgeschlossen,2026-08-25
A02099,E10245,T-010,2021-11-14,2022-01-13,Abgeschlossen,2021-12-01
A02100,E10245,T-006,2026-04-23,2026-06-22,In Bearbeitung,
A02101,E10245,T-008,2026-04-05,2026-06-04,Abgeschlossen,2026-05-03
A02102,E10246,T-001,2026-09-11,2026-12-10,Zugewiesen,
A02103,E10246,T-002,2026-07-20,2026-08-19,Zugewiesen,
A02104,E10246,T-003,2026-01-05,2026-02-04,In Bearbeitung,
A02105,E10246,T-004,2026-06-06,2026-07-21,Zugewiesen,
A02106,E10246,T-005,2026-04-25,2026-06-24,Abgeschlossen,2026-06-20
A02107,E10246,T-010,2019-01-10,2019-03-11,Abgeschlossen,2019-02-25
A02108,E10246,T-006,2026-09-19,2026-10-19,Abgeschlossen,2026-10-08
A02109,E10246,T-008,2025-12-26,2026-03-26,Zugewiesen,
A02110,E10247,T-001,2026-09-08,2026-10-08,Zugewiesen,
A02111,E10247,T-002,2026-05-29,2026-08-27,Abgeschlossen,2026-07-13
A02112,E10247,T-003,2026-02-07,2026-04-08,In Bearbeitung,
A02113,E10247,T-004,2026-06-05,2026-08-04,In Bearbeitung,
A02114,E10247,T-005,2026-09-02,2026-10-02,Abgeschlossen,2026-09-06
A02115,E10247,T-010,2023-10-27,2023-12-26,In Bearbeitung,
A02116,E10247,T-006,2026-07-20,2026-09-18,Abgeschlossen,2026-09-22
A02117,E10247,T-008,2026-03-03,2026-05-02,Abgeschlossen,2026-05-04
A02118,E10248,T-001,2026-07-04,2026-10-02,Zugewiesen,
A02119,E10248,T-002,2026-07-26,2026-09-24,In Bearbeitung,
A02120,E10248,T-003,2026-01-13,2026-03-14,Zugewiesen,
A02121,E10248,T-004,2026-06-07,2026-07-22,Zugewiesen,
A02122,E10248,T-005,2026-03-08,2026-04-07,Zugewiesen,
A02123,E10248,T-010,2023-07-22,2023-09-20,Zugewiesen,
A02124,E10248,T-006,2026-03-12,2026-04-11,Abgeschlossen,2026-03-26
A02125,E10248,T-008,2026-07-24,2026-10-22,Abgeschlossen,2026-08-22
A02126,E10248,T-015,2025-11-24,2026-01-23,Abgeschlossen,2026-07-19
A02127,E10249,T-001,2026-09-23,2026-12-22,Zugewiesen,
A02128,E10249,T-002,2026-05-20,2026-06-19,Zugewiesen,
A02129,E10249,T-003,2026-08-18,2026-09-17,Zugewiesen,
A02130,E10249,T-004,2026-06-07,2026-08-06,In Bearbeitung,
A02131,E10249,T-005,2026-03-13,2026-05-12,Zugewiesen,
A02132,E10249,T-010,2021-11-09,2022-01-08,Abgeschlossen,2021-12-20
A02133,E10249,T-006,2026-10-08,2026-11-07,In Bearbeitung,
A02134,E10249,T-008,2026-03-14,2026-04-13,Abgeschlossen,2026-03-27
A02135,E10250,T-001,2026-08-10,2026-10-09,Abgeschlossen,2026-08-26
A02136,E10250,T-002,2026-10-08,2026-11-07,Abgeschlossen,2026-10-25
A02137,E10250,T-003,2026-08-15,2026-11-13,Zugewiesen,
A02138,E10250,T-004,2026-06-09,2026-08-08,Abgeschlossen,2026-08-07
A02139,E10250,T-005,2026-05-15,2026-07-14,Abgeschlossen,2026-06-26
A02140,E10250,T-010,2019-01-11,2019-03-12,Abgeschlossen,2019-01-17
A02141,E10250,T-006,2026-02-08,2026-05-09,In Bearbeitung,
A02142,E10250,T-008,2026-04-03,2026-06-02,Abgeschlossen,2026-06-02
A02143,E10251,T-001,2026-09-08,2026-10-08,Zugewiesen,
A02144,E10251,T-002,2026-03-20,2026-04-19,Zugewiesen,
A02145,E10251,T-003,2026-04-25,2026-07-24,Abgeschlossen,2026-05-19
A02146,E10251,T-004,2026-06-07,2026-07-22,In Bearbeitung,
A02147,E10251,T-005,2026-01-10,2026-03-11,In Bearbeitung,
A02148,E10251,T-010,2024-01-14,2024-03-14,Abgeschlossen,2024-03-20
A02149,E10251,T-006,2026-10-01,2026-11-30,Zugewiesen,
A02150,E10251,T-008,2026-01-25,2026-03-26,Abgeschlossen,2026-03-10
A02151,E10251,T-015,2026-05-07,2026-07-06,Abgeschlossen,2026-06-24
A02152,E10252,T-001,2026-10-10,2026-11-09,In Bearbeitung,
A02153,E10252,T-002,2026-07-25,2026-08-24,Zugewiesen,
A02154,E10252,T-003,2026-07-11,2026-08-10,Zugewiesen,
A02155,E10252,T-004,2026-06-07,2026-08-06,Zugewiesen,
A02156,E10252,T-005,2026-04-10,2026-05-10,Zugewiesen,
A02157,E10252,T-010,2019-07-17,2019-09-15,Abgeschlossen,2019-09-14
A02158,E10252,T-006,2026-06-20,2026-09-18,Abgeschlossen,2026-07-24
A02159,E10252,T-008,2025-12-24,2026-03-24,Abgeschlossen,2026-01-14
A02160,E10252,T-017,2026-06-26,2026-09-24,Abgeschlossen,2026-08-02
A02161,E10253,T-001,2026-10-01,2026-11-30,In Bearbeitung,
A02162,E10253,T-002,2025-12-25,2026-03-25,Zugewiesen,
A02163,E10253,T-003,2026-06-15,2026-09-13,Abgeschlossen,2026-07-26
A02164,E10253,T-004,2026-06-08,2026-07-08,Abgeschlossen,2026-07-09
A02165,E10253,T-005,2026-07-05,2026-09-03,Abgeschlossen,2026-08-05
A02166,E10253,T-010,2021-05-26,2021-07-25,Abgeschlossen,2021-07-10
A02167,E10253,T-006,2026-04-09,2026-07-08,Abgeschlossen,2026-06-07
A02168,E10253,T-008,2026-05-22,2026-06-21,Abgeschlossen,2026-06-06
A02169,E10253,T-016,2026-09-16,2026-12-15,Zugewiesen,
A02170,E10254,T-001,2026-06-10,2026-07-10,Abgeschlossen,2026-07-17
A02171,E10254,T-002,2026-09-22,2026-12-21,Zugewiesen,
A02172,E10254,T-003,2026-09-18,2026-12-17,In Bearbeitung,
A02173,E10254,T-004,2026-06-06,2026-08-05,In Bearbeitung,
A02174,E10254,T-005,2026-07-21,2026-10-19,Abgeschlossen,2026-07-23
A02175,E10254,T-010,2019-01-07,2019-03-08,Zugewiesen,
A02176,E10254,T-006,2026-09-23,2026-12-22,Abgeschlossen,2026-10-27
A02177,E10254,T-008,2025-12-22,2026-03-22,Abgeschlossen,2026-03-27
A02178,E10255,T-001,2026-03-19,2026-04-18,Zugewiesen,
A02179,E10255,T-002,2026-04-26,2026-06-25,Abgeschlossen,2026-05-17
A02180,E10255,T-003,2026-04-28,2026-05-28,Zugewiesen,
A02181,E10255,T-004,2026-06-05,2026-08-04,In Bearbeitung,
A02182,E10255,T-005,2026-08-11,2026-10-10,Abgeschlossen,2026-08-17
A02183,E10255,T-010,2019-01-04,2019-03-05,Abgeschlossen,2019-01-11
A02184,E10255,T-006,2026-04-24,2026-06-23,Abgeschlossen,2026-05-17
A02185,E10255,T-008,2026-07-02,2026-08-31,Abgeschlossen,2026-07-26
A02186,E10256,T-001,2026-02-22,2026-03-24,Zugewiesen,
A02187,E10256,T-002,2025-12-16,2026-03-16,Zugewiesen,
A02188,E10256,T-003,2026-05-29,2026-07-28,Abgeschlossen,2026-06-07
A02189,E10256,T-004,2026-06-09,2026-08-08,In Bearbeitung,
A02190,E10256,T-005,2026-10-01,2026-11-30,Abgeschlossen,2026-10-29
A02191,E10256,T-010,2019-01-06,2019-03-07,Abgeschlossen,2019-03-08
A02192,E10256,T-006,2026-08-07,2026-11-05,Abgeschlossen,2026-10-18
A02193,E10256,T-008,2025-12-05,2026-01-04,Abgeschlossen,2025-12-26
A02194,E10256,T-015,2026-03-25,2026-07-23,Abgeschlossen,2026-04-18
A02195,E10257,T-001,2026-07-21,2026-09-19,Abgeschlossen,2026-08-24
A02196,E10257,T-002,2026-05-27,2026-07-26,Abgeschlossen,2026-06-10
A02197,E10257,T-003,2026-02-25,2026-03-27,Abgeschlossen,2026-03-09
A02198,E10257,T-004,2026-06-08,2026-08-07,Zugewiesen,
A02199,E10257,T-005,2026-06-12,2026-07-12,In Bearbeitung,
A02200,E10257,T-010,2019-01-11,2019-03-12,Abgeschlossen,2019-03-14
A02201,E10257,T-006,2026-09-08,2026-11-07,Abgeschlossen,2026-09-24
A02202,E10257,T-008,2026-02-15,2026-03-17,Zugewiesen,
A02203,E10257,T-015,2026-09-26,2026-11-25,In Bearbeitung,
A02204,E10257,T-016,2025-12-03,2026-04-02,Zugewiesen,
A02205,E10258,T-001,2026-02-04,2026-03-06,Zugewiesen,
A02206,E10258,T-002,2026-01-07,2026-04-07,Abgeschlossen,2026-04-10
A02207,E10258,T-003,2026-01-06,2026-03-07,Zugewiesen,
A02208,E10258,T-004,2026-06-12,2026-08-11,Zugewiesen,
A02209,E10258,T-005,2025-12-08,2026-03-08,Zugewiesen,
A02210,E10258,T-010,2019-01-13,2019-03-14,Abgeschlossen,2019-02-26
A02211,E10258,T-006,2025-12-09,2026-03-09,Abgeschlossen,2025-12-12
A02212,E10258,T-008,2026-05-05,2026-08-03,Abgeschlossen,2026-07-28
A02213,E10258,T-017,2026-06-05,2026-09-03,Zugewiesen,
A02214,E10259,T-001,2026-07-01,2026-07-31,Abgeschlossen,2026-08-04
A02215,E10259,T-002,2026-03-25,2026-06-23,Abgeschlossen,2026-06-02
A02216,E10259,T-003,2026-09-04,2026-11-03,Abgeschlossen,2026-09-26
A02217,E10259,T-004,2026-06-06,2026-07-06,Zugewiesen,
A02218,E10259,T-005,2026-09-01,2026-10-01,Zugewiesen,
A02219,E10259,T-010,2019-01-09,2019-03-10,Abgeschlossen,2019-02-14
A02220,E10259,T-006,2026-05-03,2026-06-02,Abgeschlossen,2026-05-24
A02221,E10259,T-008,2026-06-08,2026-09-06,Zugewiesen,
A02222,E10260,T-001,2026-07-12,2026-08-11,Zugewiesen,
A02223,E10260,T-002,2026-04-21,2026-06-20,Abgeschlossen,2026-04-29
A02224,E10260,T-003,2025-12-11,2026-03-11,Zugewiesen,
A02225,E10260,T-004,2026-06-06,2026-07-21,Abgeschlossen,2026-07-18
A02226,E10260,T-005,2026-06-04,2026-09-02,In Bearbeitung,
A02227,E10260,T-010,2020-03-28,2020-05-27,Abgeschlossen,2020-05-22
A02228,E10260,T-006,2025-12-21,2026-01-20,Zugewiesen,
A02229,E10260,T-008,2026-09-24,2026-11-23,Abgeschlossen,2026-10-14
A02230,E10261,T-001,2026-02-11,2026-05-12,Zugewiesen,
A02231,E10261,T-002,2026-01-14,2026-02-13,Zugewiesen,
A02232,E10261,T-003,2026-02-02,2026-04-03,Zugewiesen,
A02233,E10261,T-004,2026-06-10,2026-08-09,Abgeschlossen,2026-07-18
A02234,E10261,T-005,2026-08-29,2026-11-27,Zugewiesen,
A02235,E10261,T-010,2019-01-10,2019-03-11,Abgeschlossen,2019-03-05
A02236,E10261,T-006,2026-07-21,2026-09-19,Abgeschlossen,2026-09-23
A02237,E10261,T-008,2025-12-02,2026-01-01,Zugewiesen,
A02238,E10261,T-015,2026-01-07,2026-03-08,Zugewiesen,
A02239,E10261,T-017,2026-07-11,2026-10-09,Zugewiesen,
A02240,E10262,T-001,2025-12-27,2026-01-26,Abgeschlossen,2026-01-01
A02241,E10262,T-002,2026-05-16,2026-08-14,Abgeschlossen,2026-08-16
A02242,E10262,T-003,2026-02-21,2026-03-23,Abgeschlossen,2026-03-19
A02243,E10262,T-004,2026-06-09,2026-08-08,Abgeschlossen,2026-08-10
A02244,E10262,T-005,2026-06-21,2026-07-21,Abgeschlossen,2026-06-26
A02245,E10262,T-010,2021-10-07,2021-12-06,Abgeschlossen,2021-11-18
A02246,E10262,T-006,2026-07-16,2026-08-15,In Bearbeitung,
A02247,E10262,T-008,2026-04-11,2026-07-10,Abgeschlossen,2026-06-11
A02248,E10263,T-001,2026-02-20,2026-04-21,Zugewiesen,
A02249,E10263,T-002,2026-09-01,2026-11-30,Abgeschlossen,2026-09-28
A02250,E10263,T-003,2025-12-19,2026-03-19,In Bearbeitung,
A02251,E10263,T-004,2026-06-06,2026-07-21,In Bearbeitung,
A02252,E10263,T-005,2026-06-15,2026-09-13,In Bearbeitung,
A02253,E10263,T-010,2019-01-03,2019-03-04,In Bearbeitung,
A02254,E10263,T-006,2026-01-02,2026-04-02,Abgeschlossen,2026-03-02
A02255,E10263,T-008,2025-12-29,2026-03-29,Zugewiesen,
A02256,E10263,T-014,2026-06-03,2026-08-02,Abgeschlossen,2026-07-22
A02257,E10264,T-001,2026-07-06,2026-09-04,Abgeschlossen,2026-08-30
A02258,E10264,T-002,2026-10-09,2026-11-08,In Bearbeitung,
A02259,E10264,T-003,2026-07-08,2026-09-06,Zugewiesen,
A02260,E10264,T-004,2026-06-07,2026-08-06,Zugewiesen,
A02261,E10264,T-005,2026-03-17,2026-04-16,Zugewiesen,
A02262,E10264,T-010,2025-12-10,2026-02-08,Abgeschlossen,2026-02-01
A02263,E10264,T-006,2026-09-17,2026-10-17,Abgeschlossen,2026-09-27
A02264,E10264,T-008,2026-07-15,2026-08-14,In Bearbeitung,
A02265,E10265,T-001,2026-05-08,2026-08-06,Abgeschlossen,2026-05-15
A02266,E10265,T-002,2026-05-09,2026-06-08,Abgeschlossen,2026-06-12
A02267,E10265,T-003,2026-04-02,2026-06-01,Zugewiesen,
A02268,E10265,T-004,2026-06-08,2026-08-07,Zugewiesen,
A02269,E10265,T-005,2025-12-27,2026-03-27,Abgeschlossen,2026-03-05
A02270,E10265,T-010,2019-01-10,2019-03-11,Zugewiesen,
A02271,E10265,T-006,2026-03-23,2026-06-21,In Bearbeitung,
A02272,E10265,T-008,2026-05-18,2026-08-16,Abgeschlossen,2026-06-01
A02273,E10266,T-001,2026-09-15,2026-12-14,Zugewiesen,
A02274,E10266,T-002,2026-05-01,2026-05-31,Abgeschlossen,2026-05-29
A02275,E10266,T-003,2026-02-07,2026-04-08,Abgeschlossen,2026-02-21
A02276,E10266,T-004,2026-06-12,2026-07-27,Zugewiesen,
A02277,E10266,T-005,2026-10-01,2026-10-31,Zugewiesen,
A02278,E10266,T-010,2019-01-08,2019-03-09,Abgeschlossen,2019-02-10
A02279,E10266,T-006,2026-02-17,2026-05-18,Abgeschlossen,2026-03-09
A02280,E10266,T-008,2026-09-13,2026-12-12,In Bearbeitung,
A02281,E10267,T-001,2026-03-29,2026-04-28,Zugewiesen,
A02282,E10267,T-002,2026-06-15,2026-09-13,Zugewiesen,
A02283,E10267,T-003,2026-05-02,2026-06-01,In Bearbeitung,
A02284,E10267,T-004,2026-06-07,2026-08-06,In Bearbeitung,
A02285,E10267,T-005,2025-12-25,2026-02-23,Abgeschlossen,2025-12-29
A02286,E10267,T-010,2019-01-10,2019-03-11,Abgeschlossen,2019-02-06
A02287,E10267,T-006,2026-08-30,2026-10-29,Zugewiesen,
A02288,E10267,T-008,2026-04-20,2026-06-19,Abgeschlossen,2026-06-17
A02289,E10268,T-001,2026-07-23,2026-08-22,Abgeschlossen,2026-08-18
A02290,E10268,T-002,2026-03-17,2026-06-15,Abgeschlossen,2026-04-07
A02291,E10268,T-003,2026-07-21,2026-08-20,Zugewiesen,
A02292,E10268,T-004,2026-06-08,2026-08-07,Abgeschlossen,2026-07-21
A02293,E10268,T-005,2026-02-12,2026-05-13,Abgeschlossen,2026-04-04
A02294,E10268,T-010,2019-01-12,2019-03-13,Abgeschlossen,2019-02-23
A02295,E10268,T-006,2026-01-13,2026-03-14,Zugewiesen,
A02296,E10268,T-008,2025-12-20,2026-02-18,Zugewiesen,
A02297,E10269,T-001,2026-01-13,2026-04-13,Abgeschlossen,2026-04-11
A02298,E10269,T-002,2026-02-08,2026-03-10,Abgeschlossen,2026-03-19
A02299,E10269,T-003,2026-08-11,2026-10-10,Zugewiesen,
A02300,E10269,T-004,2026-06-10,2026-07-10,Abgeschlossen,2026-06-12
A02301,E10269,T-005,2026-01-18,2026-02-17,Zugewiesen,
A02302,E10269,T-010,2022-07-15,2022-09-13,Abgeschlossen,2022-08-14
A02303,E10269,T-006,2026-06-13,2026-08-12,Abgeschlossen,2026-08-09
A02304,E10269,T-008,2026-10-08,2027-01-06,In Bearbeitung,
A02305,E10269,T-016,2026-03-02,2026-06-30,Zugewiesen,
A02306,E10270,T-001,2025-12-17,2026-01-16,Zugewiesen,
A02307,E10270,T-002,2026-03-17,2026-05-16,Zugewiesen,
A02308,E10270,T-003,2026-03-01,2026-05-30,In Bearbeitung,
A02309,E10270,T-004,2026-06-10,2026-07-25,Zugewiesen,
A02310,E10270,T-005,2026-03-11,2026-05-10,Zugewiesen,
A02311,E10270,T-010,2019-01-04,2019-03-05,Abgeschlossen,2019-02-08
A02312,E10270,T-006,2026-09-13,2026-12-12,Zugewiesen,
A02313,E10270,T-008,2026-03-09,2026-05-08,Zugewiesen,
A02314,E10271,T-001,2026-10-01,2026-10-31,In Bearbeitung,
A02315,E10271,T-002,2026-07-30,2026-10-28,Abgeschlossen,2026-08-11
A02316,E10271,T-003,2026-09-22,2026-11-21,Zugewiesen,
A02317,E10271,T-004,2026-06-07,2026-08-06,In Bearbeitung,
A02318,E10271,T-005,2026-03-20,2026-04-19,Abgeschlossen,2026-04-15
A02319,E10271,T-010,2026-03-28,2026-05-27,Abgeschlossen,2026-04-16
A02320,E10271,T-006,2026-09-18,2026-11-17,Abgeschlossen,2026-10-15
A02321,E10271,T-008,2026-09-20,2026-11-19,In Bearbeitung,
A02322,E10272,T-001,2026-07-16,2026-08-15,Abgeschlossen,2026-07-22
A02323,E10272,T-002,2026-06-29,2026-07-29,Abgeschlossen,2026-07-12
A02324,E10272,T-003,2026-08-08,2026-10-07,Abgeschlossen,2026-10-17
A02325,E10272,T-004,2026-06-07,2026-08-06,In Bearbeitung,
A02326,E10272,T-005,2026-04-02,2026-07-01,Abgeschlossen,2026-05-07
A02327,E10272,T-010,2019-01-13,2019-03-14,Abgeschlossen,2019-03-10
A02328,E10272,T-006,2026-03-26,2026-04-25,Zugewiesen,
A02329,E10272,T-008,2026-01-24,2026-04-24,In Bearbeitung,
A02330,E10273,T-001,2026-01-21,2026-03-22,Abgeschlossen,2026-03-06
A02331,E10273,T-002,2026-09-14,2026-10-14,Abgeschlossen,2026-10-12
A02332,E10273,T-003,2026-09-19,2026-11-18,Abgeschlossen,2026-09-21
A02333,E10273,T-004,2026-06-10,2026-07-25,In Bearbeitung,
A02334,E10273,T-005,2025-12-18,2026-02-16,Zugewiesen,
A02335,E10273,T-010,2019-01-09,2019-03-10,Abgeschlossen,2019-01-17
A02336,E10273,T-006,2026-09-29,2026-11-28,Zugewiesen,
A02337,E10273,T-008,2026-01-27,2026-03-28,Zugewiesen,
A02338,E10274,T-001,2026-07-06,2026-08-05,Zugewiesen,
A02339,E10274,T-002,2026-08-04,2026-09-03,In Bearbeitung,
A02340,E10274,T-003,2026-02-15,2026-03-17,Abgeschlossen,2026-03-12
A02341,E10274,T-004,2026-06-07,2026-07-07,In Bearbeitung,
A02342,E10274,T-005,2026-06-01,2026-08-30,Abgeschlossen,2026-09-08
A02343,E10274,T-010,2019-01-06,2019-03-07,Abgeschlossen,2019-03-15
A02344,E10274,T-006,2026-09-21,2026-10-21,Zugewiesen,
A02345,E10274,T-008,2026-07-08,2026-09-06,Zugewiesen,
A02346,E10274,T-015,2026-08-06,2026-11-04,Zugewiesen,
A02347,E10274,T-016,2026-08-02,2026-10-01,Zugewiesen,
A02348,E10275,T-001,2026-06-22,2026-08-21,Abgeschlossen,2026-08-09
A02349,E10275,T-002,2026-03-25,2026-05-24,Zugewiesen,
A02350,E10275,T-003,2026-05-17,2026-07-16,Abgeschlossen,2026-05-23
A02351,E10275,T-004,2026-06-05,2026-07-20,In Bearbeitung,
A02352,E10275,T-005,2026-06-11,2026-08-10,Zugewiesen,
A02353,E10275,T-010,2019-01-15,2019-03-16,Abgeschlossen,2019-02-13
A02354,E10275,T-006,2026-02-02,2026-03-04,Abgeschlossen,2026-02-25
A02355,E10275,T-008,2026-07-06,2026-09-04,Zugewiesen,
A02356,E10276,T-001,2026-02-06,2026-03-08,Abgeschlossen,2026-02-14
A02357,E10276,T-002,2026-07-05,2026-08-04,Abgeschlossen,2026-07-18
A02358,E10276,T-003,2026-09-02,2026-10-02,Abgeschlossen,2026-09-12
A02359,E10276,T-004,2026-06-08,2026-08-07,Abgeschlossen,2026-07-13
A02360,E10276,T-005,2026-08-22,2026-09-21,Zugewiesen,
A02361,E10276,T-010,2019-01-13,2019-03-14,Abgeschlossen,2019-01-19
A02362,E10276,T-006,2026-06-12,2026-07-12,Zugewiesen,
A02363,E10276,T-008,2026-01-30,2026-03-31,Abgeschlossen,2026-04-02
A02364,E10277,T-001,2026-04-17,2026-06-16,Abgeschlossen,2026-05-20
A02365,E10277,T-002,2025-12-30,2026-01-29,Abgeschlossen,2026-01-14
A02366,E10277,T-003,2026-05-30,2026-07-29,Abgeschlossen,2026-06-12
A02367,E10277,T-004,2026-06-08,2026-07-08,In Bearbeitung,
A02368,E10277,T-005,2026-03-06,2026-06-04,Zugewiesen,
A02369,E10277,T-010,2024-10-30,2024-12-29,Abgeschlossen,2024-11-27
A02370,E10277,T-006,2026-06-01,2026-07-01,Abgeschlossen,2026-06-08
A02371,E10277,T-008,2026-05-04,2026-08-02,In Bearbeitung,
A02372,E10277,T-017,2026-04-16,2026-08-14,In Bearbeitung,
A02373,E10278,T-001,2026-07-07,2026-10-05,Zugewiesen,
A02374,E10278,T-002,2026-09-27,2026-10-27,Abgeschlossen,2026-11-01
A02375,E10278,T-003,2025-12-29,2026-03-29,Zugewiesen,
A02376,E10278,T-004,2026-06-08,2026-07-23,Abgeschlossen,2026-08-01
A02377,E10278,T-005,2026-03-15,2026-06-13,Zugewiesen,
A02378,E10278,T-010,2019-01-01,2019-03-02,Abgeschlossen,2019-02-22
A02379,E10278,T-006,2026-02-04,2026-03-06,Abgeschlossen,2026-03-13
A02380,E10278,T-008,2025-12-25,2026-02-23,Zugewiesen,
A02381,E10279,T-001,2026-03-01,2026-03-31,Abgeschlossen,2026-03-14
A02382,E10279,T-002,2026-06-01,2026-08-30,Abgeschlossen,2026-08-22
A02383,E10279,T-003,2026-07-13,2026-10-11,Abgeschlossen,2026-10-18
A02384,E10279,T-004,2026-06-10,2026-08-09,In Bearbeitung,
A02385,E10279,T-005,2026-09-09,2026-11-08,Abgeschlossen,2026-10-04
A02386,E10279,T-010,2019-06-19,2019-08-18,Abgeschlossen,2019-07-03
A02387,E10279,T-006,2026-09-05,2026-11-04,In Bearbeitung,
A02388,E10279,T-008,2026-05-22,2026-07-21,Abgeschlossen,2026-07-17
A02389,E10279,T-016,2026-02-21,2026-05-22,Zugewiesen,
A02390,E10280,T-001,2026-06-30,2026-07-30,Abgeschlossen,2026-07-13
A02391,E10280,T-002,2026-01-16,2026-03-17,Zugewiesen,
A02392,E10280,T-003,2026-02-17,2026-04-18,Zugewiesen,
A02393,E10280,T-004,2026-06-11,2026-07-11,Abgeschlossen,2026-06-16
A02394,E10280,T-005,2026-05-02,2026-07-01,Abgeschlossen,2026-05-26
A02395,E10280,T-010,2019-01-10,2019-03-11,Abgeschlossen,2019-03-09
A02396,E10280,T-006,2026-08-21,2026-10-20,Abgeschlossen,2026-08-23
A02397,E10280,T-008,2026-05-29,2026-08-27,Zugewiesen,
A02398,E10281,T-001,2026-03-13,2026-05-12,In Bearbeitung,
A02399,E10281,T-002,2026-03-28,2026-04-27,Abgeschlossen,2026-04-24
A02400,E10281,T-003,2026-06-29,2026-08-28,Abgeschlossen,2026-07-18
A02401,E10281,T-004,2026-06-07,2026-07-22,Abgeschlossen,2026-07-22
A02402,E10281,T-005,2026-06-11,2026-08-10,Zugewiesen,
A02403,E10281,T-010,2023-10-11,2023-12-10,Abgeschlossen,2023-11-24
A02404,E10281,T-006,2026-06-13,2026-07-13,Abgeschlossen,2026-06-21
A02405,E10281,T-008,2026-05-25,2026-08-23,Abgeschlossen,2026-08-21
A02406,E10281,T-015,2026-01-14,2026-04-14,Zugewiesen,
A02407,E10281,T-017,2026-08-26,2026-11-24,Zugewiesen,
A02408,E10282,T-001,2026-08-20,2026-11-18,Zugewiesen,
A02409,E10282,T-002,2026-03-02,2026-04-01,In Bearbeitung,
A02410,E10282,T-003,2026-01-27,2026-02-26,In Bearbeitung,
A02411,E10282,T-004,2026-06-07,2026-07-07,In Bearbeitung,
A02412,E10282,T-005,2026-01-17,2026-03-18,Zugewiesen,
A02413,E10282,T-010,2019-01-11,2019-03-12,Abgeschlossen,2019-02-19
A02414,E10282,T-006,2026-05-26,2026-06-25,Abgeschlossen,2026-06-06
A02415,E10282,T-008,2026-01-30,2026-03-01,Abgeschlossen,2026-03-08
A02416,E10282,T-017,2026-04-15,2026-08-13,Zugewiesen,
A02417,E10283,T-001,2026-01-27,2026-04-27,Abgeschlossen,2026-03-29
A02418,E10283,T-002,2026-01-03,2026-02-02,Zugewiesen,
A02419,E10283,T-003,2026-03-21,2026-05-20,In Bearbeitung,
A02420,E10283,T-004,2026-06-11,2026-08-10,Abgeschlossen,2026-07-16
A02421,E10283,T-005,2026-03-07,2026-05-06,Abgeschlossen,2026-04-17
A02422,E10283,T-010,2019-01-08,2019-03-09,Abgeschlossen,2019-01-16
A02423,E10283,T-006,2026-08-08,2026-10-07,Abgeschlossen,2026-08-10
A02424,E10283,T-008,2026-06-30,2026-09-28,Abgeschlossen,2026-07-05
A02425,E10283,T-016,2026-01-13,2026-03-14,Zugewiesen,
A02426,E10284,T-001,2026-10-08,2026-12-07,Abgeschlossen,2026-10-12
A02427,E10284,T-002,2026-03-16,2026-05-15,Abgeschlossen,2026-04-17
A02428,E10284,T-003,2026-07-05,2026-08-04,Abgeschlossen,2026-08-01
A02429,E10284,T-004,2026-06-06,2026-08-05,Zugewiesen,
A02430,E10284,T-005,2026-09-07,2026-10-07,Abgeschlossen,2026-09-11
A02431,E10284,T-010,2019-01-02,2019-03-03,Abgeschlossen,2019-01-27
A02432,E10284,T-006,2026-03-09,2026-06-07,Abgeschlossen,2026-04-19
A02433,E10284,T-008,2026-06-15,2026-07-15,In Bearbeitung,
A02434,E10285,T-001,2026-06-07,2026-07-07,Zugewiesen,
A02435,E10285,T-002,2026-02-03,2026-04-04,Zugewiesen,
A02436,E10285,T-003,2026-07-03,2026-10-01,Abgeschlossen,2026-10-04
A02437,E10285,T-004,2026-06-09,2026-07-09,In Bearbeitung,
A02438,E10285,T-005,2026-01-08,2026-03-09,In Bearbeitung,
A02439,E10285,T-010,2019-01-14,2019-03-15,Abgeschlossen,2019-03-25
A02440,E10285,T-006,2026-08-06,2026-11-04,In Bearbeitung,
A02441,E10285,T-008,2026-01-22,2026-02-21,Abgeschlossen,2026-01-25
A02442,E10286,T-001,2026-01-10,2026-04-10,Zugewiesen,
A02443,E10286,T-002,2026-08-10,2026-10-09,Abgeschlossen,2026-09-01
A02444,E10286,T-003,2026-04-17,2026-06-16,Abgeschlossen,2026-06-06
A02445,E10286,T-004,2026-06-06,2026-07-06,Abgeschlossen,2026-06-07
A02446,E10286,T-005,2026-04-15,2026-05-15,Abgeschlossen,2026-05-17
A02447,E10286,T-010,2019-01-06,2019-03-07,Abgeschlossen,2019-03-05
A02448,E10286,T-006,2026-02-11,2026-04-12,Zugewiesen,
A02449,E10286,T-008,2026-08-09,2026-10-08,Abgeschlossen,2026-09-30
A02450,E10287,T-001,2026-07-14,2026-09-12,Abgeschlossen,2026-08-21
A02451,E10287,T-002,2026-06-10,2026-08-09,Abgeschlossen,2026-07-01
A02452,E10287,T-003,2026-09-27,2026-11-26,Zugewiesen,
A02453,E10287,T-004,2026-06-08,2026-08-07,In Bearbeitung,
A02454,E10287,T-005,2026-08-05,2026-09-04,Zugewiesen,
A02455,E10287,T-010,2019-01-11,2019-03-12,Abgeschlossen,2019-02-11
A02456,E10287,T-006,2025-12-03,2026-03-03,Zugewiesen,
A02457,E10287,T-008,2026-03-25,2026-06-23,In Bearbeitung,
A02458,E10287,T-015,2026-01-18,2026-03-19,In Bearbeitung,
A02459,E10287,T-017,2026-08-23,2026-11-21,Zugewiesen,
A02460,E10288,T-001,2026-06-19,2026-09-17,Abgeschlossen,2026-09-17
A02461,E10288,T-002,2026-08-04,2026-11-02,Abgeschlossen,2026-09-29
A02462,E10288,T-003,2025-12-22,2026-01-21,In Bearbeitung,
A02463,E10288,T-004,2026-06-10,2026-07-25,Zugewiesen,
A02464,E10288,T-005,2026-07-06,2026-08-05,Abgeschlossen,2026-07-25
A02465,E10288,T-010,2019-01-09,2019-03-10,Abgeschlossen,2019-01-29
A02466,E10288,T-006,2026-02-09,2026-05-10,Zugewiesen,
A02467,E10288,T-008,2026-09-04,2026-12-03,Abgeschlossen,2026-10-23
A02468,E10288,T-016,2026-09-27,2026-12-26,Zugewiesen,
A02469,E10289,T-001,2026-03-20,2026-06-18,Abgeschlossen,2026-06-25
A02470,E10289,T-002,2026-07-03,2026-10-01,Abgeschlossen,2026-07-25
A02471,E10289,T-003,2026-07-17,2026-08-16,Abgeschlossen,2026-08-07
A02472,E10289,T-004,2026-06-10,2026-07-10,In Bearbeitung,
A02473,E10289,T-005,2026-09-26,2026-11-25,In Bearbeitung,
A02474,E10289,T-010,2019-01-01,2019-03-02,Abgeschlossen,2019-02-21
A02475,E10289,T-006,2026-01-15,2026-03-16,Abgeschlossen,2026-03-17
A02476,E10289,T-014,2025-11-06,2026-02-04,Abgeschlossen,2026-07-30
A02477,E10289,T-013,2026-06-14,2026-10-12,Abgeschlossen,2026-10-09
A02478,E10290,T-001,2026-08-02,2026-10-31,Abgeschlossen,2026-09-12
A02479,E10290,T-002,2026-01-04,2026-03-05,Abgeschlossen,2026-01-10
A02480,E10290,T-003,2026-03-21,2026-04-20,Abgeschlossen,2026-04-19
A02481,E10290,T-004,2026-06-08,2026-07-23,Abgeschlossen,2026-07-16
A02482,E10290,T-005,2026-09-18,2026-12-17,Zugewiesen,
A02483,E10290,T-010,2019-01-12,2019-03-13,Abgeschlossen,2019-03-22
A02484,E10290,T-006,2026-03-09,2026-05-08,Abgeschlossen,2026-03-16
A02485,E10290,T-017,2026-09-13,2026-11-12,In Bearbeitung,
A02486,E10290,T-013,2026-05-03,2026-08-31,Abgeschlossen,2026-10-22
A02487,E10291,T-001,2026-03-27,2026-05-26,Abgeschlossen,2026-05-09
A02488,E10291,T-002,2025-12-02,2026-01-31,Abgeschlossen,2025-12-17
A02489,E10291,T-003,2026-08-16,2026-09-15,Abgeschlossen,2026-09-25
A02490,E10291,T-004,2026-06-10,2026-07-10,Abgeschlossen,2026-07-01
A02491,E10291,T-005,2026-08-22,2026-09-21,Abgeschlossen,2026-09-03
A02492,E10291,T-010,2019-01-02,2019-03-03,Abgeschlossen,2019-02-13
A02493,E10291,T-006,2026-08-29,2026-09-28,Abgeschlossen,2026-09-22
A02494,E10291,T-016,2026-04-24,2026-08-22,Abgeschlossen,2026-07-25
A02495,E10292,T-001,2026-05-04,2026-07-03,Zugewiesen,
A02496,E10292,T-002,2026-06-09,2026-08-08,Abgeschlossen,2026-07-16
A02497,E10292,T-003,2026-10-10,2026-12-09,Abgeschlossen,2026-10-19
A02498,E10292,T-004,2026-06-12,2026-08-11,Zugewiesen,
A02499,E10292,T-005,2026-05-09,2026-08-07,Abgeschlossen,2026-08-01
A02500,E10292,T-010,2019-01-01,2019-03-02,Abgeschlossen,2019-02-21
A02501,E10292,T-006,2026-01-30,2026-03-01,Abgeschlossen,2026-02-18
A02502,E10292,T-013,2026-06-19,2026-08-18,In Bearbeitung,
A02503,E10293,T-001,2026-01-24,2026-03-25,Abgeschlossen,2026-02-20
A02504,E10293,T-002,2026-05-27,2026-06-26,Abgeschlossen,2026-07-04
A02505,E10293,T-003,2026-07-12,2026-09-10,Abgeschlossen,2026-09-16
A02506,E10293,T-004,2026-06-09,2026-07-24,In Bearbeitung,
A02507,E10293,T-005,2026-04-17,2026-05-17,Zugewiesen,
A02508,E10293,T-010,2019-01-03,2019-03-04,Abgeschlossen,2019-03-13
A02509,E10293,T-006,2026-07-15,2026-08-14,Abgeschlossen,2026-07-21
A02510,E10293,T-007,2026-03-05,2026-06-03,Abgeschlossen,2026-03-19
A02511,E10293,T-015,2026-01-21,2026-03-22,Abgeschlossen,2026-10-22
A02512,E10293,T-013,2026-05-08,2026-08-06,Abgeschlossen,2026-05-26
A02513,E10294,T-001,2025-12-15,2026-02-13,Abgeschlossen,2026-02-04
A02514,E10294,T-002,2026-01-11,2026-02-10,Abgeschlossen,2026-02-17
A02515,E10294,T-003,2025-12-06,2026-02-04,Abgeschlossen,2026-02-09
A02516,E10294,T-004,2026-06-10,2026-07-10,In Bearbeitung,
A02517,E10294,T-005,2026-01-22,2026-02-21,Zugewiesen,
A02518,E10294,T-010,2019-01-01,2019-03-02,Abgeschlossen,2019-02-09
A02519,E10294,T-006,2026-08-29,2026-11-27,Zugewiesen,
A02520,E10294,T-007,2026-04-11,2026-07-10,Abgeschlossen,2026-05-04
A02521,E10294,T-013,2025-12-05,2026-04-04,In Bearbeitung,
A02522,E10295,T-001,2026-01-19,2026-02-18,Abgeschlossen,2026-02-16
A02523,E10295,T-002,2026-06-16,2026-09-14,Abgeschlossen,2026-08-17
A02524,E10295,T-003,2026-07-15,2026-08-14,Abgeschlossen,2026-08-17
A02525,E10295,T-004,2026-06-07,2026-07-07,Abgeschlossen,2026-06-28
A02526,E10295,T-005,2026-09-06,2026-10-06,Abgeschlossen,2026-09-26
A02527,E10295,T-010,2019-01-13,2019-03-14,Abgeschlossen,2019-01-28
A02528,E10295,T-006,2026-01-05,2026-03-06,Abgeschlossen,2026-03-03
A02529,E10295,T-007,2026-09-20,2026-11-19,In Bearbeitung,
A02530,E10295,T-015,2026-02-28,2026-04-29,Zugewiesen,
A02531,E10295,T-016,2025-11-30,2026-02-28,Zugewiesen,
A02532,E10296,T-001,2026-07-18,2026-08-17,Abgeschlossen,2026-08-09
A02533,E10296,T-002,2026-01-09,2026-02-08,Abgeschlossen,2026-01-28
A02534,E10296,T-003,2026-09-21,2026-12-20,Abgeschlossen,2026-10-10
A02535,E10296,T-004,2026-06-08,2026-07-08,Abgeschlossen,2026-07-05
A02536,E10296,T-005,2026-03-19,2026-05-18,Abgeschlossen,2026-04-03
A02537,E10296,T-010,2019-01-04,2019-03-05,Abgeschlossen,2019-02-18
A02538,E10296,T-006,2026-02-08,2026-04-09,Abgeschlossen,2026-02-23
A02539,E10296,T-007,2026-07-15,2026-08-14,Abgeschlossen,2026-08-12
A02540,E10297,T-001,2026-05-23,2026-07-22,Abgeschlossen,2026-06-19
A02541,E10297,T-002,2025-12-17,2026-01-16,Abgeschlossen,2026-01-21
A02542,E10297,T-003,2026-03-08,2026-06-06,Abgeschlossen,2026-05-14
A02543,E10297,T-004,2026-06-08,2026-07-08,Abgeschlossen,2026-06-09
A02544,E10297,T-005,2026-04-17,2026-06-16,Zugewiesen,
A02545,E10297,T-010,2019-01-10,2019-03-11,Abgeschlossen,2019-01-11
A02546,E10297,T-006,2026-03-29,2026-04-28,Abgeschlossen,2026-05-06
A02547,E10297,T-007,2026-02-07,2026-04-08,Abgeschlossen,2026-02-15
A02548,E10298,T-001,2025-12-02,2026-03-02,Abgeschlossen,2026-01-29
A02549,E10298,T-002,2026-09-11,2026-11-10,Zugewiesen,
A02550,E10298,T-003,2026-08-20,2026-11-18,Abgeschlossen,2026-10-05
A02551,E10298,T-004,2026-06-12,2026-07-27,Zugewiesen,
A02552,E10298,T-005,2026-05-19,2026-06-18,Abgeschlossen,2026-06-05
A02553,E10298,T-010,2019-01-02,2019-03-03,Abgeschlossen,2019-02-11
A02554,E10298,T-006,2026-08-18,2026-11-16,In Bearbeitung,
A02555,E10298,T-007,2026-07-28,2026-09-26,Abgeschlossen,2026-07-31
A02556,E10299,T-001,2026-09-09,2026-10-09,Abgeschlossen,2026-09-15
A02557,E10299,T-002,2026-05-07,2026-07-06,Abgeschlossen,2026-06-01
A02558,E10299,T-003,2026-04-26,2026-05-26,Abgeschlossen,2026-04-30
A02559,E10299,T-004,2026-06-10,2026-08-09,In Bearbeitung,
A02560,E10299,T-005,2026-01-01,2026-04-01,Abgeschlossen,2026-04-04
A02561,E10299,T-010,2025-05-04,2025-07-03,Abgeschlossen,2025-05-30
A02562,E10299,T-006,2026-02-10,2026-04-11,Abgeschlossen,2026-02-20
A02563,E10300,T-001,2026-10-06,2026-11-05,In Bearbeitung,
A02564,E10300,T-002,2026-02-18,2026-03-20,Abgeschlossen,2026-03-26
A02565,E10300,T-003,2026-04-01,2026-05-31,Abgeschlossen,2026-04-29
A02566,E10300,T-004,2026-06-12,2026-08-11,Abgeschlossen,2026-07-07
A02567,E10300,T-005,2026-07-28,2026-09-26,Abgeschlossen,2026-08-24
A02568,E10300,T-010,2019-01-06,2019-03-07,Abgeschlossen,2019-02-25
A02569,E10300,T-006,2026-05-27,2026-06-26,Abgeschlossen,2026-06-09
A02570,E10300,T-007,2026-04-25,2026-05-25,In Bearbeitung,
A02571,E10301,T-001,2026-03-26,2026-06-24,Abgeschlossen,2026-06-12
A02572,E10301,T-002,2025-12-18,2026-03-18,Abgeschlossen,2026-01-15
A02573,E10301,T-003,2026-03-11,2026-04-10,Abgeschlossen,2026-03-30
A02574,E10301,T-004,2026-06-12,2026-07-27,Zugewiesen,
A02575,E10301,T-005,2026-05-02,2026-07-31,Abgeschlossen,2026-06-06
A02576,E10301,T-010,2020-10-24,2020-12-23,Abgeschlossen,2020-11-26
A02577,E10301,T-006,2026-05-08,2026-06-07,Abgeschlossen,2026-05-17
A02578,E10302,T-001,2026-03-02,2026-05-01,Abgeschlossen,2026-03-06
A02579,E10302,T-002,2026-08-29,2026-10-28,Abgeschlossen,2026-09-06
A02580,E10302,T-003,2026-04-02,2026-07-01,Abgeschlossen,2026-04-05
A02581,E10302,T-004,2026-06-07,2026-07-22,Abgeschlossen,2026-07-02
A02582,E10302,T-005,2026-07-14,2026-08-13,Abgeschlossen,2026-08-09
A02583,E10302,T-010,2019-01-09,2019-03-10,Abgeschlossen,2019-01-13
A02584,E10302,T-006,2026-06-11,2026-08-10,Abgeschlossen,2026-07-04
A02585,E10303,T-001,2025-12-17,2026-02-15,Abgeschlossen,2025-12-30
A02586,E10303,T-002,2026-01-14,2026-02-13,Abgeschlossen,2026-02-22
A02587,E10303,T-003,2026-02-09,2026-05-10,Abgeschlossen,2026-02-10
A02588,E10303,T-004,2026-06-09,2026-07-09,In Bearbeitung,
A02589,E10303,T-005,2025-12-29,2026-01-28,Abgeschlossen,2026-01-07
A02590,E10303,T-010,2019-01-06,2019-03-07,Abgeschlossen,2019-01-07
A02591,E10303,T-006,2026-07-04,2026-08-03,Abgeschlossen,2026-08-05
A02592,E10303,T-007,2026-04-30,2026-05-30,Abgeschlossen,2026-05-13
A02593,E10304,T-001,2026-09-01,2026-10-31,Abgeschlossen,2026-09-07
A02594,E10304,T-002,2026-01-07,2026-03-08,Abgeschlossen,2026-02-28
A02595,E10304,T-003,2026-04-18,2026-05-18,Abgeschlossen,2026-05-26
A02596,E10304,T-004,2026-06-11,2026-07-11,Zugewiesen,
A02597,E10304,T-005,2026-01-13,2026-04-13,Abgeschlossen,2026-03-10
A02598,E10304,T-010,2019-01-12,2019-03-13,Abgeschlossen,2019-01-21
A02599,E10304,T-006,2026-02-09,2026-05-10,Abgeschlossen,2026-05-16
A02600,E10304,T-014,2026-05-04,2026-08-02,Zugewiesen,
A02601,E10304,T-017,2026-04-28,2026-07-27,Abgeschlossen,2026-10-08
A02602,E10305,T-001,2026-08-02,2026-10-01,Abgeschlossen,2026-09-17
A02603,E10305,T-002,2026-01-02,2026-03-03,Abgeschlossen,2026-01-09
A02604,E10305,T-003,2026-08-21,2026-09-20,Zugewiesen,
A02605,E10305,T-004,2026-06-11,2026-08-10,Abgeschlossen,2026-08-20
A02606,E10305,T-005,2026-06-13,2026-09-11,Abgeschlossen,2026-06-23
A02607,E10305,T-010,2025-05-29,2025-07-28,Abgeschlossen,2025-06-23
A02608,E10305,T-006,2026-08-01,2026-08-31,Abgeschlossen,2026-09-03
A02609,E10305,T-007,2026-03-13,2026-05-12,Abgeschlossen,2026-04-11
A02610,E10305,T-017,2026-01-09,2026-04-09,Abgeschlossen,2026-06-14
A02611,E10306,T-001,2025-12-31,2026-03-01,Abgeschlossen,2026-01-26
A02612,E10306,T-002,2026-02-25,2026-04-26,Abgeschlossen,2026-03-14
A02613,E10306,T-003,2026-03-05,2026-05-04,In Bearbeitung,
A02614,E10306,T-004,2026-06-08,2026-08-07,Zugewiesen,
A02615,E10306,T-005,2026-06-02,2026-08-31,In Bearbeitung,
A02616,E10306,T-010,2019-01-04,2019-03-05,Abgeschlossen,2019-03-10
A02617,E10306,T-006,2026-09-25,2026-12-24,Abgeschlossen,2026-10-22
A02618,E10306,T-007,2026-06-15,2026-08-14,Abgeschlossen,2026-08-06
A02619,E10307,T-001,2026-07-09,2026-09-07,In Bearbeitung,
A02620,E10307,T-002,2026-08-21,2026-09-20,Zugewiesen,
A02621,E10307,T-003,2026-03-31,2026-04-30,Abgeschlossen,2026-04-08
A02622,E10307,T-004,2026-06-07,2026-07-22,Abgeschlossen,2026-07-16
A02623,E10307,T-005,2026-09-11,2026-11-10,Abgeschlossen,2026-10-12
A02624,E10307,T-010,2025-03-04,2025-05-03,Abgeschlossen,2025-04-29
A02625,E10307,T-006,2026-06-18,2026-09-16,Abgeschlossen,2026-09-17
A02626,E10307,T-016,2026-05-30,2026-07-29,Abgeschlossen,2026-08-27
A02627,E10307,T-017,2025-11-21,2026-01-20,Zugewiesen,
A02628,E10308,T-001,2026-10-01,2026-12-30,Abgeschlossen,2026-10-07
A02629,E10308,T-002,2026-09-23,2026-12-22,Abgeschlossen,2026-10-21
A02630,E10308,T-003,2025-12-02,2026-01-01,Abgeschlossen,2025-12-04
A02631,E10308,T-004,2026-06-07,2026-07-22,Zugewiesen,
A02632,E10308,T-005,2025-12-06,2026-03-06,In Bearbeitung,
A02633,E10308,T-010,2019-01-04,2019-03-05,Abgeschlossen,2019-01-20
A02634,E10308,T-006,2026-10-09,2026-12-08,Zugewiesen,
A02635,E10308,T-007,2025-12-07,2026-02-05,Abgeschlossen,2026-02-13
A02636,E10309,T-001,2026-05-29,2026-06-28,Abgeschlossen,2026-06-09
A02637,E10309,T-002,2026-06-17,2026-08-16,Zugewiesen,
A02638,E10309,T-003,2026-06-05,2026-09-03,Abgeschlossen,2026-08-06
A02639,E10309,T-004,2026-06-12,2026-07-27,Abgeschlossen,2026-08-04
A02640,E10309,T-005,2026-09-04,2026-11-03,Abgeschlossen,2026-11-01
A02641,E10309,T-010,2019-01-02,2019-03-03,Abgeschlossen,2019-03-06
A02642,E10309,T-006,2025-12-04,2026-03-04,Abgeschlossen,2026-01-23
A02643,E10309,T-007,2026-07-18,2026-10-16,Abgeschlossen,2026-09-30
A02644,E10309,T-017,2026-02-11,2026-05-12,Abgeschlossen,2026-02-16
A02645,E10310,T-001,2026-02-16,2026-03-18,Abgeschlossen,2026-02-21
A02646,E10310,T-002,2026-09-02,2026-11-01,Abgeschlossen,2026-10-29
A02647,E10310,T-003,2026-03-03,2026-04-02,Abgeschlossen,2026-04-01
A02648,E10310,T-004,2026-06-07,2026-07-07,Abgeschlossen,2026-07-05
A02649,E10310,T-005,2026-04-14,2026-06-13,Abgeschlossen,2026-05-17
A02650,E10310,T-010,2019-01-08,2019-03-09,Abgeschlossen,2019-03-15
A02651,E10310,T-006,2026-09-20,2026-12-19,Abgeschlossen,2026-10-20
A02652,E10310,T-007,2026-08-17,2026-11-15,Zugewiesen,
A02653,E10310,T-014,2026-07-09,2026-11-06,Zugewiesen,
A02654,E10311,T-001,2026-02-19,2026-05-20,Abgeschlossen,2026-03-20
A02655,E10311,T-002,2026-08-17,2026-09-16,Abgeschlossen,2026-09-18
A02656,E10311,T-003,2026-07-30,2026-09-28,Abgeschlossen,2026-08-03
A02657,E10311,T-004,2026-06-06,2026-07-21,In Bearbeitung,
A02658,E10311,T-005,2026-06-30,2026-08-29,Abgeschlossen,2026-08-24
A02659,E10311,T-010,2022-06-02,2022-08-01,Abgeschlossen,2022-08-07
A02660,E10311,T-006,2026-09-03,2026-10-03,Abgeschlossen,2026-09-11
A02661,E10311,T-007,2026-08-05,2026-09-04,Abgeschlossen,2026-08-12
A02662,E10312,T-001,2026-03-18,2026-04-17,Abgeschlossen,2026-03-23
A02663,E10312,T-002,2026-01-08,2026-03-09,Abgeschlossen,2026-02-23
A02664,E10312,T-003,2026-04-12,2026-05-12,Abgeschlossen,2026-04-17
A02665,E10312,T-004,2026-06-09,2026-08-08,In Bearbeitung,
A02666,E10312,T-005,2026-06-26,2026-07-26,Abgeschlossen,2026-06-30
A02667,E10312,T-010,2019-01-08,2019-03-09,Abgeschlossen,2019-01-15
A02668,E10312,T-006,2025-12-26,2026-01-25,Abgeschlossen,2026-01-14
A02669,E10312,T-007,2026-10-11,2026-11-10,Zugewiesen,
A02670,E10312,T-014,2026-07-07,2026-10-05,Zugewiesen,
A02671,E10312,T-017,2026-09-06,2026-12-05,In Bearbeitung,
A02672,E10313,T-001,2026-02-08,2026-05-09,Abgeschlossen,2026-03-12
A02673,E10313,T-002,2026-02-19,2026-04-20,Abgeschlossen,2026-03-25
A02674,E10313,T-003,2026-05-21,2026-06-20,Abgeschlossen,2026-06-20
A02675,E10313,T-004,2026-06-06,2026-07-21,Abgeschlossen,2026-06-30
A02676,E10313,T-005,2026-06-11,2026-09-09,Abgeschlossen,2026-08-25
A02677,E10313,T-010,2019-01-13,2019-03-14,Abgeschlossen,2019-03-03
A02678,E10313,T-006,2026-03-20,2026-06-18,Abgeschlossen,2026-05-14
A02679,E10313,T-015,2026-01-20,2026-04-20,In Bearbeitung,
A02680,E10314,T-001,2026-03-24,2026-06-22,In Bearbeitung,
A02681,E10314,T-002,2026-04-01,2026-05-01,Abgeschlossen,2026-05-11
A02682,E10314,T-003,2026-06-20,2026-09-18,Abgeschlossen,2026-07-26
A02683,E10314,T-004,2026-06-07,2026-08-06,Abgeschlossen,2026-07-02
A02684,E10314,T-005,2026-03-18,2026-06-16,Abgeschlossen,2026-03-26
A02685,E10314,T-010,2019-01-13,2019-03-14,Abgeschlossen,2019-01-21
A02686,E10314,T-006,2026-05-12,2026-07-11,Abgeschlossen,2026-06-26
A02687,E10314,T-007,2026-04-09,2026-05-09,Abgeschlossen,2026-05-13
A02688,E10315,T-001,2026-04-27,2026-06-26,Abgeschlossen,2026-05-06
A02689,E10315,T-002,2026-09-06,2026-10-06,Abgeschlossen,2026-10-06
A02690,E10315,T-003,2025-12-24,2026-02-22,Abgeschlossen,2026-01-13
A02691,E10315,T-004,2026-06-09,2026-08-08,In Bearbeitung,
A02692,E10315,T-005,2026-09-04,2026-11-03,In Bearbeitung,
A02693,E10315,T-010,2020-05-02,2020-07-01,Abgeschlossen,2020-07-03
A02694,E10315,T-006,2026-05-07,2026-06-06,Abgeschlossen,2026-05-08
A02695,E10315,T-007,2026-02-06,2026-04-07,Zugewiesen,
A02696,E10315,T-016,2025-12-03,2026-02-01,Zugewiesen,
A02697,E10316,T-001,2026-10-02,2026-12-31,Abgeschlossen,2026-10-28
A02698,E10316,T-002,2026-02-18,2026-03-20,Abgeschlossen,2026-02-26
A02699,E10316,T-003,2026-08-02,2026-10-01,Abgeschlossen,2026-09-30
A02700,E10316,T-004,2026-06-09,2026-07-09,In Bearbeitung,
A02701,E10316,T-005,2026-08-27,2026-10-26,Abgeschlossen,2026-09-21
A02702,E10316,T-010,2021-03-25,2021-05-24,Abgeschlossen,2021-04-02
A02703,E10316,T-006,2026-05-12,2026-08-10,Abgeschlossen,2026-06-19
A02704,E10317,T-001,2026-09-19,2026-10-19,Zugewiesen,
A02705,E10317,T-002,2026-03-27,2026-06-25,Abgeschlossen,2026-06-15
A02706,E10317,T-003,2026-06-21,2026-07-21,Abgeschlossen,2026-07-02
A02707,E10317,T-004,2026-06-10,2026-07-25,Abgeschlossen,2026-06-29
A02708,E10317,T-005,2026-08-27,2026-09-26,Abgeschlossen,2026-09-20
A02709,E10317,T-010,2019-01-15,2019-03-16,Abgeschlossen,2019-01-17
A02710,E10317,T-006,2026-07-26,2026-10-24,Abgeschlossen,2026-10-31
A02711,E10317,T-007,2026-08-15,2026-11-13,In Bearbeitung,
A02712,E10318,T-001,2026-03-08,2026-05-07,Abgeschlossen,2026-04-04
A02713,E10318,T-002,2026-03-09,2026-04-08,Abgeschlossen,2026-04-05
A02714,E10318,T-003,2025-12-08,2026-02-06,Abgeschlossen,2026-02-12
A02715,E10318,T-004,2026-06-09,2026-07-09,Abgeschlossen,2026-06-17
A02716,E10318,T-005,2026-01-16,2026-02-15,In Bearbeitung,
A02717,E10318,T-010,2019-01-05,2019-03-06,Abgeschlossen,2019-02-27
A02718,E10318,T-006,2026-04-03,2026-07-02,Abgeschlossen,2026-06-03
A02719,E10318,T-007,2026-08-30,2026-10-29,Abgeschlossen,2026-10-06
A02720,E10318,T-014,2025-12-12,2026-04-11,Abgeschlossen,2026-09-07
A02721,E10319,T-001,2026-09-28,2026-10-28,Abgeschlossen,2026-09-30
A02722,E10319,T-002,2026-07-29,2026-09-27,Abgeschlossen,2026-08-23
A02723,E10319,T-003,2026-07-12,2026-09-10,Abgeschlossen,2026-08-04
A02724,E10319,T-004,2026-06-06,2026-07-21,Zugewiesen,
A02725,E10319,T-005,2026-06-03,2026-09-01,Abgeschlossen,2026-06-18
A02726,E10319,T-010,2026-03-15,2026-05-14,Abgeschlossen,2026-05-10
A02727,E10319,T-006,2026-03-22,2026-06-20,Abgeschlossen,2026-04-15
A02728,E10319,T-017,2026-09-28,2026-11-27,In Bearbeitung,
A02729,E10320,T-001,2026-02-17,2026-03-19,Abgeschlossen,2026-03-10
A02730,E10320,T-002,2026-07-26,2026-08-25,Abgeschlossen,2026-08-01
A02731,E10320,T-003,2026-02-08,2026-05-09,Abgeschlossen,2026-02-09
A02732,E10320,T-004,2026-06-12,2026-07-12,Zugewiesen,
A02733,E10320,T-005,2026-06-25,2026-08-24,Abgeschlossen,2026-08-24
A02734,E10320,T-010,2019-01-15,2019-03-16,Abgeschlossen,2019-01-26
A02735,E10320,T-006,2026-09-07,2026-10-07,Abgeschlossen,2026-09-15
A02736,E10320,T-007,2026-04-15,2026-06-14,Abgeschlossen,2026-04-19
A02737,E10320,T-016,2026-10-02,2026-12-01,In Bearbeitung,
A02738,E10321,T-001,2025-12-20,2026-02-18,Abgeschlossen,2026-01-13
A02739,E10321,T-002,2026-01-19,2026-04-19,Abgeschlossen,2026-03-25
A02740,E10321,T-003,2026-08-22,2026-11-20,In Bearbeitung,
A02741,E10321,T-004,2026-06-06,2026-07-21,Zugewiesen,
A02742,E10321,T-005,2026-03-22,2026-04-21,Abgeschlossen,2026-04-14
A02743,E10321,T-010,2020-05-18,2020-07-17,Abgeschlossen,2020-07-12
A02744,E10321,T-006,2026-04-03,2026-06-02,Abgeschlossen,2026-04-08
A02745,E10321,T-007,2026-08-14,2026-10-13,Abgeschlossen,2026-10-18
A02746,E10322,T-001,2025-12-06,2026-01-05,Zugewiesen,
A02747,E10322,T-002,2026-09-27,2026-10-27,Abgeschlossen,2026-10-25
A02748,E10322,T-003,2026-06-25,2026-08-24,Abgeschlossen,2026-08-30
A02749,E10322,T-004,2026-06-12,2026-07-27,Zugewiesen,
A02750,E10322,T-005,2026-09-19,2026-12-18,In Bearbeitung,
A02751,E10322,T-010,2019-01-01,2019-03-02,Abgeschlossen,2019-03-09
A02752,E10322,T-006,2026-02-07,2026-05-08,Zugewiesen,
A02753,E10322,T-007,2026-01-10,2026-03-11,Abgeschlossen,2026-02-24
A02754,E10322,T-016,2026-05-09,2026-07-08,In Bearbeitung,
A02755,E10323,T-001,2026-08-02,2026-10-01,Abgeschlossen,2026-09-11
A02756,E10323,T-002,2026-09-04,2026-12-03,Zugewiesen,
A02757,E10323,T-003,2026-08-15,2026-09-14,Abgeschlossen,2026-09-21
A02758,E10323,T-004,2026-06-12,2026-08-11,In Bearbeitung,
A02759,E10323,T-005,2026-01-31,2026-04-01,Abgeschlossen,2026-03-13
A02760,E10323,T-010,2022-05-19,2022-07-18,Abgeschlossen,2022-07-19
A02761,E10323,T-006,2026-05-31,2026-08-29,Abgeschlossen,2026-08-31
A02762,E10323,T-007,2026-01-30,2026-04-30,Abgeschlossen,2026-02-15
A02763,E10324,T-001,2026-05-13,2026-08-11,Abgeschlossen,2026-05-28
A02764,E10324,T-002,2026-06-24,2026-08-23,Abgeschlossen,2026-08-13
A02765,E10324,T-003,2026-08-04,2026-11-02,Abgeschlossen,2026-09-16
A02766,E10324,T-004,2026-06-05,2026-07-20,In Bearbeitung,
A02767,E10324,T-005,2026-06-28,2026-09-26,Abgeschlossen,2026-10-03
A02768,E10324,T-010,2023-04-28,2023-06-27,Abgeschlossen,2023-05-02
A02769,E10324,T-006,2026-01-19,2026-04-19,Abgeschlossen,2026-02-27
A02770,E10324,T-014,2025-11-27,2026-03-27,Abgeschlossen,2026-03-04
A02771,E10324,T-016,2026-01-14,2026-03-15,Zugewiesen,
A02772,E10325,T-001,2026-04-21,2026-05-21,Abgeschlossen,2026-05-17
A02773,E10325,T-002,2025-12-07,2026-01-06,Abgeschlossen,2025-12-09
A02774,E10325,T-003,2026-06-15,2026-07-15,Abgeschlossen,2026-06-21
A02775,E10325,T-004,2026-06-07,2026-07-07,In Bearbeitung,
A02776,E10325,T-005,2026-05-08,2026-08-06,Abgeschlossen,2026-06-10
A02777,E10325,T-010,2019-01-12,2019-03-13,Abgeschlossen,2019-01-27
A02778,E10325,T-006,2026-07-30,2026-10-28,Abgeschlossen,2026-08-12
A02779,E10325,T-017,2026-07-27,2026-09-25,Zugewiesen,
A02780,E10326,T-001,2026-06-01,2026-07-31,Abgeschlossen,2026-06-12
A02781,E10326,T-002,2026-05-29,2026-06-28,Abgeschlossen,2026-06-30
A02782,E10326,T-003,2026-06-17,2026-09-15,Abgeschlossen,2026-06-22
A02783,E10326,T-004,2026-06-08,2026-07-08,Abgeschlossen,2026-07-06
A02784,E10326,T-005,2026-04-16,2026-06-15,Abgeschlossen,2026-05-09
A02785,E10326,T-010,2019-01-06,2019-03-07,Abgeschlossen,2019-01-26
A02786,E10326,T-006,2026-06-16,2026-08-15,Abgeschlossen,2026-08-08
A02787,E10326,T-014,2026-07-08,2026-10-06,Abgeschlossen,2026-10-27
A02788,E10327,T-001,2026-04-07,2026-05-07,Abgeschlossen,2026-05-15
A02789,E10327,T-002,2026-04-09,2026-05-09,Abgeschlossen,2026-04-25
A02790,E10327,T-003,2025-12-07,2026-03-07,Abgeschlossen,2026-03-14
A02791,E10327,T-004,2026-06-06,2026-07-06,Abgeschlossen,2026-07-09
A02792,E10327,T-005,2026-03-14,2026-04-13,Abgeschlossen,2026-04-09
A02793,E10327,T-010,2019-01-15,2019-03-16,Abgeschlossen,2019-02-25
A02794,E10327,T-006,2026-08-17,2026-10-16,Abgeschlossen,2026-10-23
A02795,E10327,T-007,2026-08-05,2026-10-04,Abgeschlossen,2026-09-24
A02796,E10328,T-001,2026-05-02,2026-07-31,Abgeschlossen,2026-05-17
A02797,E10328,T-002,2025-12-28,2026-01-27,Abgeschlossen,2026-01-13
A02798,E10328,T-003,2026-01-27,2026-04-27,Abgeschlossen,2026-03-15
A02799,E10328,T-004,2026-06-07,2026-07-07,Abgeschlossen,2026-06-15
A02800,E10328,T-005,2026-01-21,2026-03-22,Abgeschlossen,2026-02-08
A02801,E10328,T-010,2019-01-02,2019-03-03,Abgeschlossen,2019-02-05
A02802,E10328,T-006,2026-06-16,2026-07-16,Abgeschlossen,2026-07-26
A02803,E10328,T-007,2026-09-17,2026-10-17,Abgeschlossen,2026-10-12
A02804,E10329,T-001,2026-06-05,2026-08-04,Abgeschlossen,2026-08-07
A02805,E10329,T-002,2026-06-29,2026-09-27,Abgeschlossen,2026-08-04
A02806,E10329,T-003,2026-08-18,2026-09-17,Abgeschlossen,2026-09-27
A02807,E10329,T-004,2026-06-05,2026-08-04,In Bearbeitung,
A02808,E10329,T-005,2026-06-28,2026-09-26,Abgeschlossen,2026-09-16
A02809,E10329,T-010,2019-01-11,2019-03-12,Abgeschlossen,2019-01-25
A02810,E10329,T-006,2026-05-05,2026-07-04,Abgeschlossen,2026-05-21
A02811,E10329,T-007,2025-12-19,2026-02-17,Abgeschlossen,2026-02-16
A02812,E10330,T-001,2026-04-05,2026-06-04,Abgeschlossen,2026-06-03
A02813,E10330,T-002,2026-01-16,2026-02-15,Abgeschlossen,2026-01-21
A02814,E10330,T-003,2026-07-09,2026-10-07,Abgeschlossen,2026-10-16
A02815,E10330,T-004,2026-06-05,2026-07-05,Abgeschlossen,2026-07-10
A02816,E10330,T-005,2026-06-29,2026-09-27,Abgeschlossen,2026-08-06
A02817,E10330,T-010,2019-01-12,2019-03-13,Abgeschlossen,2019-01-13
A02818,E10330,T-006,2026-09-03,2026-12-02,Abgeschlossen,2026-09-18
A02819,E10330,T-007,2026-01-21,2026-02-20,Abgeschlossen,2026-01-22
A02820,E10331,T-001,2026-01-02,2026-02-01,In Bearbeitung,
A02821,E10331,T-002,2026-09-22,2026-12-21,Zugewiesen,
A02822,E10331,T-003,2025-12-18,2026-01-17,Abgeschlossen,2026-01-23
A02823,E10331,T-004,2026-06-10,2026-08-09,In Bearbeitung,
A02824,E10331,T-005,2026-08-10,2026-09-09,Abgeschlossen,2026-08-21
A02825,E10331,T-010,2019-01-14,2019-03-15,Abgeschlossen,2019-03-05
A02826,E10331,T-006,2026-09-20,2026-10-20,Abgeschlossen,2026-10-13
A02827,E10331,T-015,2026-03-15,2026-07-13,Abgeschlossen,2026-08-25
A02828,E10332,T-001,2026-01-19,2026-04-19,Abgeschlossen,2026-02-01
A02829,E10332,T-002,2026-05-15,2026-07-14,Abgeschlossen,2026-06-19
A02830,E10332,T-003,2026-02-19,2026-05-20,Zugewiesen,
A02831,E10332,T-004,2026-06-09,2026-07-24,Abgeschlossen,2026-06-27
A02832,E10332,T-005,2026-06-15,2026-07-15,Abgeschlossen,2026-07-16
A02833,E10332,T-010,2020-03-15,2020-05-14,Abgeschlossen,2020-03-16
A02834,E10332,T-006,2026-06-12,2026-09-10,Abgeschlossen,2026-06-14
A02835,E10332,T-007,2026-08-06,2026-09-05,Abgeschlossen,2026-08-12
A02836,E10333,T-001,2026-04-13,2026-05-13,Abgeschlossen,2026-04-29
A02837,E10333,T-002,2026-08-13,2026-09-12,Abgeschlossen,2026-09-18
A02838,E10333,T-003,2026-07-31,2026-08-30,Abgeschlossen,2026-08-10
A02839,E10333,T-004,2026-06-08,2026-07-08,Abgeschlossen,2026-06-12
A02840,E10333,T-005,2026-07-11,2026-09-09,Abgeschlossen,2026-09-09
A02841,E10333,T-010,2019-01-04,2019-03-05,Abgeschlossen,2019-02-04
A02842,E10333,T-006,2026-02-12,2026-03-14,Abgeschlossen,2026-02-18
A02843,E10333,T-007,2026-04-26,2026-05-26,Abgeschlossen,2026-05-15
A02844,E10333,T-014,2026-06-18,2026-08-17,Abgeschlossen,2026-08-31
A02845,E10334,T-001,2026-07-06,2026-10-04,Abgeschlossen,2026-07-07
A02846,E10334,T-002,2026-02-15,2026-05-16,Abgeschlossen,2026-04-06
A02847,E10334,T-003,2026-10-03,2026-11-02,Abgeschlossen,2026-10-29
A02848,E10334,T-004,2026-06-07,2026-07-22,Abgeschlossen,2026-06-19
A02849,E10334,T-005,2026-04-10,2026-05-10,Abgeschlossen,2026-04-16
A02850,E10334,T-010,2019-01-13,2019-03-14,Abgeschlossen,2019-02-10
A02851,E10334,T-006,2025-12-26,2026-02-24,Zugewiesen,
A02852,E10334,T-014,2026-07-07,2026-09-05,Zugewiesen,
A02853,E10335,T-001,2026-09-21,2026-10-21,Abgeschlossen,2026-09-26
A02854,E10335,T-002,2026-02-06,2026-05-07,Abgeschlossen,2026-04-20
A02855,E10335,T-003,2026-09-10,2026-10-10,Abgeschlossen,2026-09-24
A02856,E10335,T-004,2026-06-12,2026-07-12,Abgeschlossen,2026-06-26
A02857,E10335,T-005,2026-03-27,2026-04-26,Abgeschlossen,2026-04-18
A02858,E10335,T-010,2019-01-11,2019-03-12,Abgeschlossen,2019-01-12
A02859,E10335,T-006,2026-03-16,2026-04-15,Abgeschlossen,2026-04-01
A02860,E10335,T-007,2025-12-20,2026-03-20,Abgeschlossen,2026-03-29
A02861,E10336,T-001,2026-06-28,2026-09-26,Abgeschlossen,2026-07-30
A02862,E10336,T-002,2026-06-03,2026-08-02,Abgeschlossen,2026-07-26
A02863,E10336,T-003,2025-12-15,2026-01-14,Abgeschlossen,2025-12-21
A02864,E10336,T-004,2026-06-07,2026-07-22,Abgeschlossen,2026-07-29
A02865,E10336,T-005,2026-03-11,2026-04-10,Abgeschlossen,2026-04-05
A02866,E10336,T-010,2023-07-31,2023-09-29,Abgeschlossen,2023-08-18
A02867,E10336,T-006,2026-07-08,2026-08-07,Abgeschlossen,2026-07-10
A02868,E10336,T-007,2026-08-22,2026-10-21,Abgeschlossen,2026-09-23
A02869,E10336,T-017,2026-01-22,2026-05-22,Abgeschlossen,2026-05-27
A02870,E10337,T-001,2026-09-19,2026-11-18,In Bearbeitung,
A02871,E10337,T-002,2026-02-16,2026-05-17,Abgeschlossen,2026-04-16
A02872,E10337,T-003,2026-02-22,2026-03-24,Abgeschlossen,2026-02-23
A02873,E10337,T-004,2026-06-12,2026-08-11,Zugewiesen,
A02874,E10337,T-005,2026-01-03,2026-03-04,Abgeschlossen,2026-01-14
A02875,E10337,T-010,2019-01-05,2019-03-06,Abgeschlossen,2019-03-08
A02876,E10337,T-006,2026-07-28,2026-10-26,Zugewiesen,
A02877,E10337,T-007,2026-09-09,2026-10-09,Abgeschlossen,2026-10-06
A02878,E10338,T-001,2026-09-08,2026-11-07,In Bearbeitung,
A02879,E10338,T-002,2026-08-15,2026-10-14,Abgeschlossen,2026-10-08
A02880,E10338,T-003,2026-06-27,2026-08-26,Abgeschlossen,2026-08-13
A02881,E10338,T-004,2026-06-12,2026-07-12,In Bearbeitung,
A02882,E10338,T-005,2025-12-12,2026-03-12,Abgeschlossen,2026-01-25
A02883,E10338,T-010,2019-01-07,2019-03-08,Abgeschlossen,2019-03-18
A02884,E10338,T-006,2026-01-02,2026-03-03,Abgeschlossen,2026-01-08
A02885,E10338,T-014,2026-07-09,2026-11-06,In Bearbeitung,
A02886,E10338,T-016,2026-02-11,2026-06-11,Zugewiesen,
A02887,E10339,T-001,2026-01-06,2026-04-06,Abgeschlossen,2026-01-09
A02888,E10339,T-002,2026-02-06,2026-04-07,Abgeschlossen,2026-04-02
A02889,E10339,T-003,2026-07-23,2026-09-21,Abgeschlossen,2026-09-21
A02890,E10339,T-004,2026-06-09,2026-07-24,Abgeschlossen,2026-07-05
A02891,E10339,T-005,2026-10-11,2026-12-10,Zugewiesen,
A02892,E10339,T-010,2019-01-14,2019-03-15,Abgeschlossen,2019-03-10
A02893,E10339,T-006,2026-09-26,2026-12-25,In Bearbeitung,
A02894,E10339,T-015,2026-08-10,2026-10-09,Abgeschlossen,2026-08-28
A02895,E10340,T-001,2026-05-09,2026-08-07,Zugewiesen,
A02896,E10340,T-002,2025-12-03,2026-01-02,Abgeschlossen,2025-12-08
A02897,E10340,T-003,2026-03-29,2026-05-28,Abgeschlossen,2026-05-10
A02898,E10340,T-004,2026-06-11,2026-07-11,Abgeschlossen,2026-06-29
A02899,E10340,T-005,2026-07-14,2026-08-13,Abgeschlossen,2026-07-28
A02900,E10340,T-010,2020-09-08,2020-11-07,Abgeschlossen,2020-10-29
A02901,E10340,T-006,2026-08-17,2026-11-15,Abgeschlossen,2026-10-13
A02902,E10341,T-001,2026-06-09,2026-07-09,Abgeschlossen,2026-07-17
A02903,E10341,T-002,2026-05-12,2026-06-11,Abgeschlossen,2026-05-28
A02904,E10341,T-003,2025-12-12,2026-02-10,Abgeschlossen,2026-02-08
A02905,E10341,T-004,2026-06-06,2026-07-21,Abgeschlossen,2026-07-03
A02906,E10341,T-005,2026-04-23,2026-05-23,Abgeschlossen,2026-04-27
A02907,E10341,T-010,2019-01-13,2019-03-14,Abgeschlossen,2019-02-24
A02908,E10341,T-006,2026-05-25,2026-06-24,Abgeschlossen,2026-06-09
A02909,E10341,T-007,2026-01-21,2026-04-21,Abgeschlossen,2026-04-16
A02910,E10342,T-001,2026-05-02,2026-06-01,Abgeschlossen,2026-06-03
A02911,E10342,T-002,2026-09-05,2026-10-05,Abgeschlossen,2026-10-13
A02912,E10342,T-003,2025-12-03,2026-01-02,Abgeschlossen,2025-12-25
A02913,E10342,T-004,2026-06-09,2026-07-09,Zugewiesen,
A02914,E10342,T-005,2026-02-04,2026-03-06,Abgeschlossen,2026-03-06
A02915,E10342,T-010,2019-01-07,2019-03-08,Abgeschlossen,2019-01-15
A02916,E10342,T-006,2025-12-20,2026-01-19,Abgeschlossen,2025-12-21
A02917,E10342,T-007,2026-08-05,2026-11-03,Abgeschlossen,2026-09-07
A02918,E10342,T-015,2026-01-27,2026-05-27,Zugewiesen,
A02919,E10342,T-017,2026-06-02,2026-08-31,Zugewiesen,
A02920,E10343,T-001,2026-05-09,2026-08-07,Abgeschlossen,2026-06-09
A02921,E10343,T-002,2026-10-02,2026-12-31,Abgeschlossen,2026-11-01
A02922,E10343,T-003,2026-02-07,2026-03-09,Abgeschlossen,2026-03-07
A02923,E10343,T-004,2026-06-07,2026-07-22,In Bearbeitung,
A02924,E10343,T-005,2026-07-30,2026-10-28,Abgeschlossen,2026-09-15
A02925,E10343,T-010,2019-01-07,2019-03-08,Abgeschlossen,2019-02-10
A02926,E10343,T-006,2025-12-07,2026-02-05,Abgeschlossen,2026-02-11
A02927,E10343,T-007,2026-03-22,2026-06-20,Abgeschlossen,2026-04-25
A02928,E10343,T-016,2026-08-12,2026-11-10,Zugewiesen,
A02929,E10344,T-001,2026-07-28,2026-10-26,Abgeschlossen,2026-09-11
A02930,E10344,T-002,2026-01-13,2026-02-12,Abgeschlossen,2026-02-17
A02931,E10344,T-003,2026-08-16,2026-10-15,Abgeschlossen,2026-09-28
A02932,E10344,T-004,2026-06-12,2026-07-12,In Bearbeitung,
A02933,E10344,T-005,2026-07-01,2026-09-29,Abgeschlossen,2026-08-16
A02934,E10344,T-010,2025-07-12,2025-09-10,Abgeschlossen,2025-09-14
A02935,E10344,T-006,2026-09-22,2026-10-22,Abgeschlossen,2026-10-22
A02936,E10344,T-007,2025-12-25,2026-02-23,Abgeschlossen,2025-12-27
A02937,E10344,T-014,2026-02-06,2026-04-07,Abgeschlossen,2026-06-11
A02938,E10345,T-001,2026-05-09,2026-07-08,Abgeschlossen,2026-07-18
A02939,E10345,T-002,2026-05-26,2026-07-25,Abgeschlossen,2026-07-29
A02940,E10345,T-003,2025-12-24,2026-03-24,Abgeschlossen,2026-02-24
A02941,E10345,T-004,2026-06-05,2026-07-05,Abgeschlossen,2026-06-10
A02942,E10345,T-005,2026-09-02,2026-10-02,Abgeschlossen,2026-09-19
A02943,E10345,T-010,2019-01-05,2019-03-06,Abgeschlossen,2019-02-05
A02944,E10345,T-006,2026-07-06,2026-08-05,Abgeschlossen,2026-08-12
A02945,E10345,T-017,2026-04-17,2026-08-15,Zugewiesen,
A02946,E10346,T-001,2026-09-17,2026-11-16,In Bearbeitung,
A02947,E10346,T-002,2026-01-12,2026-03-13,Abgeschlossen,2026-03-08
A02948,E10346,T-003,2026-07-08,2026-09-06,Abgeschlossen,2026-07-13
A02949,E10346,T-004,2026-06-08,2026-08-07,Abgeschlossen,2026-07-09
A02950,E10346,T-005,2026-05-25,2026-08-23,Abgeschlossen,2026-06-23
A02951,E10346,T-010,2024-06-16,2024-08-15,Abgeschlossen,2024-08-09
A02952,E10346,T-006,2026-04-10,2026-05-10,Abgeschlossen,2026-04-21
A02953,E10347,T-001,2025-12-08,2026-02-06,Abgeschlossen,2025-12-20
A02954,E10347,T-002,2026-02-23,2026-03-25,In Bearbeitung,
A02955,E10347,T-003,2026-04-12,2026-07-11,Abgeschlossen,2026-07-04
A02956,E10347,T-004,2026-06-08,2026-07-08,Abgeschlossen,2026-06-24
A02957,E10347,T-005,2026-03-21,2026-05-20,Abgeschlossen,2026-05-17
A02958,E10347,T-010,2023-04-22,2023-06-21,Abgeschlossen,2023-05-17
A02959,E10347,T-006,2026-09-21,2026-10-21,Abgeschlossen,2026-10-10
A02960,E10348,T-001,2026-02-17,2026-04-18,Abgeschlossen,2026-03-31
A02961,E10348,T-002,2026-05-29,2026-08-27,Abgeschlossen,2026-09-06
A02962,E10348,T-003,2026-08-17,2026-11-15,Abgeschlossen,2026-10-21
A02963,E10348,T-004,2026-06-07,2026-07-22,Zugewiesen,
A02964,E10348,T-005,2026-08-07,2026-11-05,Zugewiesen,
A02965,E10348,T-010,2019-01-06,2019-03-07,Abgeschlossen,2019-02-06
A02966,E10348,T-006,2026-06-23,2026-08-22,Abgeschlossen,2026-06-30
A02967,E10348,T-007,2026-02-21,2026-05-22,Abgeschlossen,2026-05-01
A02968,E10348,T-016,2026-03-20,2026-06-18,In Bearbeitung,
A02969,E10349,T-001,2026-05-14,2026-08-12,Abgeschlossen,2026-08-19
A02970,E10349,T-002,2026-09-15,2026-11-14,In Bearbeitung,
A02971,E10349,T-003,2026-02-14,2026-04-15,Abgeschlossen,2026-02-28
A02972,E10349,T-004,2026-06-11,2026-07-11,Abgeschlossen,2026-06-16
A02973,E10349,T-005,2025-12-24,2026-02-22,Abgeschlossen,2026-01-10
A02974,E10349,T-010,2019-01-12,2019-03-13,Abgeschlossen,2019-01-13
A02975,E10349,T-006,2026-05-18,2026-06-17,Abgeschlossen,2026-06-22
A02976,E10349,T-007,2026-01-17,2026-02-16,Abgeschlossen,2026-01-24
A02977,E10350,T-001,2026-07-23,2026-10-21,Abgeschlossen,2026-08-31
A02978,E10350,T-002,2026-03-03,2026-04-02,Abgeschlossen,2026-03-20
A02979,E10350,T-003,2026-06-24,2026-08-23,Abgeschlossen,2026-06-30
A02980,E10350,T-004,2026-06-05,2026-07-05,Zugewiesen,
A02981,E10350,T-005,2026-10-07,2026-11-06,Zugewiesen,
A02982,E10350,T-010,2024-08-08,2024-10-07,Abgeschlossen,2024-09-13
A02983,E10350,T-006,2026-08-17,2026-11-15,Abgeschlossen,2026-09-14
A02984,E10351,T-001,2026-08-21,2026-09-20,Abgeschlossen,2026-09-22
A02985,E10351,T-002,2026-01-06,2026-02-05,In Bearbeitung,
A02986,E10351,T-003,2026-04-25,2026-05-25,Abgeschlossen,2026-05-14
A02987,E10351,T-004,2026-06-10,2026-07-25,Abgeschlossen,2026-07-12
A02988,E10351,T-005,2026-10-10,2026-11-09,In Bearbeitung,
A02989,E10351,T-010,2019-01-15,2019-03-16,Abgeschlossen,2019-01-16
A02990,E10351,T-006,2026-01-29,2026-04-29,Zugewiesen,
A02991,E10351,T-016,2026-08-19,2026-11-17,Zugewiesen,
A02992,E10352,T-001,2026-02-24,2026-04-25,Abgeschlossen,2026-04-05
A02993,E10352,T-002,2026-08-05,2026-10-04,Abgeschlossen,2026-09-08
A02994,E10352,T-003,2026-06-17,2026-09-15,Abgeschlossen,2026-07-15
A02995,E10352,T-004,2026-06-11,2026-08-10,Abgeschlossen,2026-08-01
A02996,E10352,T-005,2026-08-01,2026-08-31,Abgeschlossen,2026-09-04
A02997,E10352,T-010,2019-01-05,2019-03-06,Abgeschlossen,2019-01-25
A02998,E10352,T-006,2026-03-11,2026-06-09,Abgeschlossen,2026-06-07
A02999,E10352,T-007,2026-05-29,2026-07-28,Abgeschlossen,2026-07-19
A03000,E10352,T-015,2026-06-30,2026-08-29,Abgeschlossen,2026-10-25
A03001,E10352,T-017,2026-02-01,2026-06-01,Zugewiesen,
A03002,E10353,T-001,2026-08-28,2026-10-27,Abgeschlossen,2026-09-09
A03003,E10353,T-002,2026-06-30,2026-09-28,In Bearbeitung,
A03004,E10353,T-003,2025-12-11,2026-01-10,Abgeschlossen,2026-01-16
A03005,E10353,T-004,2026-06-06,2026-08-05,Zugewiesen,
A03006,E10353,T-005,2026-07-08,2026-08-07,Abgeschlossen,2026-08-17
A03007,E10353,T-010,2021-01-06,2021-03-07,Abgeschlossen,2021-01-28
A03008,E10353,T-006,2026-08-06,2026-10-05,Abgeschlossen,2026-09-09
A03009,E10353,T-015,2026-01-01,2026-04-01,In Bearbeitung,
A03010,E10354,T-001,2026-08-10,2026-11-08,Abgeschlossen,2026-10-12
A03011,E10354,T-002,2026-04-06,2026-07-05,Abgeschlossen,2026-05-02
A03012,E10354,T-003,2026-05-12,2026-08-10,In Bearbeitung,
A03013,E10354,T-004,2026-06-07,2026-08-06,In Bearbeitung,
A03014,E10354,T-005,2026-09-25,2026-10-25,Abgeschlossen,2026-10-13
A03015,E10354,T-010,2019-01-02,2019-03-03,Abgeschlossen,2019-02-16
A03016,E10354,T-006,2026-09-23,2026-11-22,In Bearbeitung,
A03017,E10354,T-015,2026-02-07,2026-05-08,In Bearbeitung,
A03018,E10355,T-001,2025-12-20,2026-02-18,Abgeschlossen,2026-02-04
A03019,E10355,T-002,2026-04-24,2026-05-24,Abgeschlossen,2026-05-27
A03020,E10355,T-003,2026-08-11,2026-10-10,Abgeschlossen,2026-10-10
A03021,E10355,T-004,2026-06-10,2026-07-25,Zugewiesen,
A03022,E10355,T-005,2026-06-27,2026-09-25,In Bearbeitung,
A03023,E10355,T-010,2023-04-11,2023-06-10,Abgeschlossen,2023-05-10
A03024,E10355,T-006,2026-07-23,2026-09-21,Abgeschlossen,2026-09-01
A03025,E10355,T-014,2025-12-23,2026-02-21,Abgeschlossen,2026-07-24
A03026,E10356,T-001,2026-01-01,2026-01-31,Abgeschlossen,2026-02-01
A03027,E10356,T-002,2026-07-20,2026-09-18,Abgeschlossen,2026-08-26
A03028,E10356,T-003,2026-04-19,2026-06-18,Abgeschlossen,2026-05-25
A03029,E10356,T-004,2026-06-05,2026-07-05,Abgeschlossen,2026-06-19
A03030,E10356,T-005,2026-06-26,2026-09-24,Abgeschlossen,2026-08-23
A03031,E10356,T-010,2019-01-05,2019-03-06,Abgeschlossen,2019-02-20
A03032,E10356,T-006,2026-01-04,2026-02-03,Abgeschlossen,2026-01-25
A03033,E10356,T-007,2026-05-19,2026-06-18,Abgeschlossen,2026-06-18
A03034,E10356,T-015,2026-07-16,2026-11-13,In Bearbeitung,
A03035,E10356,T-017,2026-08-30,2026-12-28,Zugewiesen,
A03036,E10357,T-001,2026-04-24,2026-05-24,Abgeschlossen,2026-05-31
A03037,E10357,T-002,2026-07-24,2026-09-22,Abgeschlossen,2026-08-02
A03038,E10357,T-003,2026-02-28,2026-04-29,Abgeschlossen,2026-04-22
A03039,E10357,T-004,2026-06-10,2026-07-25,In Bearbeitung,
A03040,E10357,T-005,2026-04-12,2026-07-11,Abgeschlossen,2026-07-10
A03041,E10357,T-010,2019-01-11,2019-03-12,Abgeschlossen,2019-02-08
A03042,E10357,T-006,2026-02-13,2026-04-14,Abgeschlossen,2026-03-30
A03043,E10357,T-007,2026-06-19,2026-09-17,Abgeschlossen,2026-07-11
A03044,E10357,T-014,2026-03-09,2026-07-07,Abgeschlossen,2026-06-23
A03045,E10358,T-001,2026-01-05,2026-04-05,Abgeschlossen,2026-02-10
A03046,E10358,T-002,2026-10-06,2026-11-05,Zugewiesen,
A03047,E10358,T-003,2026-01-11,2026-04-11,Abgeschlossen,2026-03-15
A03048,E10358,T-004,2026-06-05,2026-07-20,In Bearbeitung,
A03049,E10358,T-005,2026-09-12,2026-11-11,Zugewiesen,
A03050,E10358,T-010,2019-01-04,2019-03-05,Abgeschlossen,2019-02-20
A03051,E10358,T-006,2026-03-14,2026-05-13,Abgeschlossen,2026-05-19
A03052,E10358,T-007,2026-04-24,2026-07-23,Abgeschlossen,2026-05-09
A03053,E10359,T-001,2026-06-06,2026-09-04,Abgeschlossen,2026-06-07
A03054,E10359,T-002,2026-06-04,2026-08-03,Abgeschlossen,2026-07-06
A03055,E10359,T-003,2025-12-19,2026-02-17,Abgeschlossen,2026-02-05
A03056,E10359,T-004,2026-06-09,2026-08-08,Zugewiesen,
A03057,E10359,T-005,2026-05-16,2026-08-14,Abgeschlossen,2026-08-19
A03058,E10359,T-010,2022-10-14,2022-12-13,Abgeschlossen,2022-11-25
A03059,E10359,T-006,2026-05-31,2026-08-29,Abgeschlossen,2026-06-10
A03060,E10359,T-007,2026-09-12,2026-10-12,Abgeschlossen,2026-10-01
A03061,E10360,T-001,2026-02-24,2026-04-25,Abgeschlossen,2026-04-10
A03062,E10360,T-002,2026-08-27,2026-10-26,Zugewiesen,
A03063,E10360,T-003,2026-01-05,2026-04-05,Abgeschlossen,2026-03-02
A03064,E10360,T-004,2026-06-09,2026-08-08,Zugewiesen,
A03065,E10360,T-005,2026-10-05,2026-12-04,In Bearbeitung,
A03066,E10360,T-010,2019-01-07,2019-03-08,Abgeschlossen,2019-03-11
A03067,E10360,T-006,2026-06-14,2026-07-14,Abgeschlossen,2026-07-12
A03068,E10360,T-007,2026-05-30,2026-07-29,Abgeschlossen,2026-08-02
A03069,E10360,T-015,2026-03-16,2026-05-15,In Bearbeitung,
A03070,E10361,T-001,2026-05-21,2026-06-20,Abgeschlossen,2026-06-15
A03071,E10361,T-002,2025-12-07,2026-03-07,Abgeschlossen,2026-03-15
A03072,E10361,T-003,2026-05-17,2026-08-15,Zugewiesen,
A03073,E10361,T-004,2026-06-10,2026-07-25,Abgeschlossen,2026-06-24
A03074,E10361,T-005,2026-02-05,2026-03-07,Abgeschlossen,2026-03-06
A03075,E10361,T-010,2019-01-07,2019-03-08,Abgeschlossen,2019-02-21
A03076,E10361,T-006,2026-09-12,2026-11-11,Zugewiesen,
A03077,E10362,T-001,2025-12-29,2026-01-28,Abgeschlossen,2026-01-13
A03078,E10362,T-002,2025-12-28,2026-03-28,Abgeschlossen,2026-02-08
A03079,E10362,T-003,2026-09-13,2026-11-12,In Bearbeitung,
A03080,E10362,T-004,2026-06-11,2026-07-11,In Bearbeitung,
A03081,E10362,T-005,2026-09-26,2026-10-26,Abgeschlossen,2026-10-05
A03082,E10362,T-010,2019-01-07,2019-03-08,Abgeschlossen,2019-03-16
A03083,E10362,T-006,2026-07-21,2026-09-19,Abgeschlossen,2026-09-11
A03084,E10362,T-007,2026-04-17,2026-07-16,Zugewiesen,
A03085,E10363,T-001,2026-07-13,2026-08-12,Abgeschlossen,2026-08-11
A03086,E10363,T-002,2025-12-12,2026-03-12,Abgeschlossen,2026-01-29
A03087,E10363,T-003,2025-12-21,2026-02-19,Abgeschlossen,2025-12-22
A03088,E10363,T-004,2026-06-11,2026-07-11,Zugewiesen,
A03089,E10363,T-005,2026-06-05,2026-07-05,Abgeschlossen,2026-06-21
A03090,E10363,T-010,2020-06-05,2020-08-04,Abgeschlossen,2020-07-12
A03091,E10363,T-006,2026-06-15,2026-07-15,Abgeschlossen,2026-07-03
A03092,E10363,T-015,2026-09-21,2026-12-20,Zugewiesen,
A03093,E10364,T-001,2026-07-19,2026-10-17,Abgeschlossen,2026-08-13
A03094,E10364,T-002,2026-10-10,2027-01-08,Abgeschlossen,2026-10-16
A03095,E10364,T-003,2026-06-22,2026-09-20,Abgeschlossen,2026-07-20
A03096,E10364,T-004,2026-06-09,2026-08-08,Zugewiesen,
A03097,E10364,T-005,2026-05-06,2026-06-05,Abgeschlossen,2026-05-29
A03098,E10364,T-010,2019-01-02,2019-03-03,Abgeschlossen,2019-02-10
A03099,E10364,T-006,2026-02-10,2026-03-12,Abgeschlossen,2026-03-12
A03100,E10364,T-007,2026-09-20,2026-10-20,Abgeschlossen,2026-10-25
A03101,E10364,T-014,2026-02-15,2026-04-16,Abgeschlossen,2026-03-06
A03102,E10365,T-001,2026-06-01,2026-07-01,Abgeschlossen,2026-06-30
A03103,E10365,T-002,2026-06-28,2026-09-26,Abgeschlossen,2026-08-16
A03104,E10365,T-003,2026-06-17,2026-09-15,Abgeschlossen,2026-08-17
A03105,E10365,T-004,2026-06-10,2026-07-10,Abgeschlossen,2026-06-25
A03106,E10365,T-005,2026-02-18,2026-03-20,Abgeschlossen,2026-03-17
A03107,E10365,T-010,2019-01-02,2019-03-03,Abgeschlossen,2019-01-04
A03108,E10365,T-006,2026-08-06,2026-09-05,Abgeschlossen,2026-09-03
A03109,E10365,T-007,2026-08-19,2026-09-18,Abgeschlossen,2026-09-07
A03110,E10366,T-001,2026-08-28,2026-10-27,Abgeschlossen,2026-10-18
A03111,E10366,T-002,2026-06-19,2026-09-17,Abgeschlossen,2026-07-04
A03112,E10366,T-003,2026-08-15,2026-09-14,Zugewiesen,
A03113,E10366,T-004,2026-06-05,2026-08-04,Abgeschlossen,2026-07-29
A03114,E10366,T-005,2026-09-06,2026-12-05,In Bearbeitung,
A03115,E10366,T-010,2019-01-10,2019-03-11,Abgeschlossen,2019-01-17
A03116,E10366,T-006,2026-09-05,2026-11-04,Abgeschlossen,2026-09-19
A03117,E10366,T-007,2026-04-04,2026-05-04,Abgeschlossen,2026-04-20
A03118,E10367,T-001,2025-12-20,2026-01-19,Abgeschlossen,2026-01-08
A03119,E10367,T-002,2026-03-09,2026-05-08,Abgeschlossen,2026-04-19
A03120,E10367,T-003,2026-01-14,2026-04-14,Abgeschlossen,2026-03-23
A03121,E10367,T-004,2026-06-12,2026-07-27,Abgeschlossen,2026-08-05
A03122,E10367,T-005,2025-12-07,2026-01-06,Abgeschlossen,2025-12-22
A03123,E10367,T-010,2023-12-20,2024-02-18,Abgeschlossen,2024-02-01
A03124,E10367,T-006,2026-06-23,2026-08-22,Abgeschlossen,2026-07-28
A03125,E10367,T-007,2026-07-13,2026-09-11,Abgeschlossen,2026-08-13
A03126,E10367,T-014,2026-07-14,2026-11-11,Zugewiesen,
A03127,E10367,T-017,2026-09-08,2026-11-07,Zugewiesen,
A03128,E10368,T-001,2026-01-06,2026-03-07,Abgeschlossen,2026-02-15
A03129,E10368,T-002,2026-08-12,2026-10-11,Abgeschlossen,2026-09-24
A03130,E10368,T-003,2026-10-10,2026-11-09,In Bearbeitung,
A03131,E10368,T-004,2026-06-09,2026-08-08,Zugewiesen,
A03132,E10368,T-005,2026-03-13,2026-04-12,Abgeschlossen,2026-03-24
A03133,E10368,T-010,2019-01-02,2019-03-03,Abgeschlossen,2019-02-06
A03134,E10368,T-006,2026-01-10,2026-02-09,Abgeschlossen,2026-02-13
A03135,E10368,T-014,2026-08-03,2026-10-02,In Bearbeitung,
A03136,E10369,T-001,2026-09-22,2026-11-21,Abgeschlossen,2026-10-19
A03137,E10369,T-002,2026-09-08,2026-11-07,In Bearbeitung,
A03138,E10369,T-003,2026-01-08,2026-03-09,Abgeschlossen,2026-01-09
A03139,E10369,T-004,2026-06-10,2026-07-10,Abgeschlossen,2026-06-21
A03140,E10369,T-005,2025-12-07,2026-02-05,Abgeschlossen,2026-02-05
A03141,E10369,T-010,2019-01-06,2019-03-07,Abgeschlossen,2019-02-21
A03142,E10369,T-006,2026-09-29,2026-11-28,In Bearbeitung,
A03143,E10369,T-007,2026-09-08,2026-12-07,Abgeschlossen,2026-09-27
A03144,E10370,T-001,2026-05-21,2026-07-20,Abgeschlossen,2026-06-08
A03145,E10370,T-002,2026-10-03,2027-01-01,Abgeschlossen,2026-10-11
A03146,E10370,T-003,2026-08-19,2026-09-18,Abgeschlossen,2026-09-17
A03147,E10370,T-004,2026-06-05,2026-08-04,In Bearbeitung,
A03148,E10370,T-005,2026-06-11,2026-08-10,Abgeschlossen,2026-07-13
A03149,E10370,T-010,2019-01-09,2019-03-10,Abgeschlossen,2019-01-21
A03150,E10370,T-006,2025-12-26,2026-02-24,Zugewiesen,
A03151,E10370,T-016,2026-02-01,2026-04-02,In Bearbeitung,
A03152,E10371,T-001,2026-01-09,2026-02-08,Abgeschlossen,2026-01-17
A03153,E10371,T-002,2026-02-22,2026-04-23,Abgeschlossen,2026-03-04
A03154,E10371,T-003,2025-12-11,2026-02-09,Zugewiesen,
A03155,E10371,T-004,2026-06-12,2026-08-11,In Bearbeitung,
A03156,E10371,T-005,2026-10-10,2026-11-09,Abgeschlossen,2026-10-15
A03157,E10371,T-010,2019-01-09,2019-03-10,Abgeschlossen,2019-02-13
A03158,E10371,T-006,2026-02-10,2026-03-12,Abgeschlossen,2026-03-01
A03159,E10371,T-007,2025-12-29,2026-02-27,Abgeschlossen,2026-02-19
A03160,E10371,T-017,2026-03-03,2026-06-01,Zugewiesen,
A03161,E10372,T-001,2025-12-08,2026-03-08,Abgeschlossen,2026-02-13
A03162,E10372,T-002,2026-07-05,2026-09-03,Abgeschlossen,2026-08-19
A03163,E10372,T-003,2026-05-08,2026-07-07,Abgeschlossen,2026-06-23
A03164,E10372,T-004,2026-06-08,2026-07-23,In Bearbeitung,
A03165,E10372,T-005,2025-12-03,2026-03-03,Abgeschlossen,2026-03-13
A03166,E10372,T-010,2025-07-09,2025-09-07,Abgeschlossen,2025-08-21
A03167,E10372,T-006,2026-03-16,2026-06-14,Abgeschlossen,2026-03-20
A03168,E10372,T-007,2026-01-01,2026-01-31,Abgeschlossen,2026-01-06
A03169,E10373,T-001,2026-02-12,2026-04-13,Zugewiesen,
A03170,E10373,T-002,2026-03-17,2026-06-15,Abgeschlossen,2026-05-30
A03171,E10373,T-003,2026-02-05,2026-03-07,Abgeschlossen,2026-02-16
A03172,E10373,T-004,2026-06-11,2026-07-26,In Bearbeitung,
A03173,E10373,T-005,2026-01-28,2026-02-27,Abgeschlossen,2026-01-30
A03174,E10373,T-010,2019-01-10,2019-03-11,Abgeschlossen,2019-01-25
A03175,E10373,T-006,2026-10-08,2026-12-07,Abgeschlossen,2026-10-29
A03176,E10373,T-015,2025-12-18,2026-04-17,In Bearbeitung,
A03177,E10374,T-001,2026-03-24,2026-04-23,Zugewiesen,
A03178,E10374,T-002,2026-07-13,2026-10-11,Abgeschlossen,2026-08-13
A03179,E10374,T-003,2026-04-16,2026-06-15,Abgeschlossen,2026-06-02
A03180,E10374,T-004,2026-06-05,2026-07-20,Abgeschlossen,2026-06-15
A03181,E10374,T-005,2026-03-14,2026-04-13,Abgeschlossen,2026-03-21
A03182,E10374,T-010,2023-11-22,2024-01-21,Abgeschlossen,2023-12-03
A03183,E10374,T-006,2026-10-04,2026-12-03,In Bearbeitung,
A03184,E10375,T-001,2026-06-12,2026-08-11,Abgeschlossen,2026-06-22
A03185,E10375,T-002,2026-08-14,2026-09-13,Abgeschlossen,2026-09-03
A03186,E10375,T-003,2026-06-02,2026-08-31,Abgeschlossen,2026-06-27
A03187,E10375,T-004,2026-06-05,2026-08-04,Abgeschlossen,2026-06-14
A03188,E10375,T-005,2026-01-11,2026-03-12,Abgeschlossen,2026-02-12
A03189,E10375,T-010,2019-01-13,2019-03-14,Abgeschlossen,2019-02-03
A03190,E10375,T-006,2026-08-31,2026-11-29,In Bearbeitung,
A03191,E10375,T-007,2026-02-08,2026-05-09,Abgeschlossen,2026-04-29
A03192,E10376,T-001,2026-08-21,2026-09-20,Abgeschlossen,2026-09-28
A03193,E10376,T-002,2026-04-27,2026-05-27,Abgeschlossen,2026-05-17
A03194,E10376,T-003,2026-01-25,2026-03-26,Abgeschlossen,2026-02-24
A03195,E10376,T-004,2026-06-12,2026-08-11,Abgeschlossen,2026-06-16
A03196,E10376,T-005,2026-03-25,2026-05-24,Abgeschlossen,2026-04-25
A03197,E10376,T-010,2019-01-12,2019-03-13,Abgeschlossen,2019-02-09
A03198,E10376,T-006,2025-12-05,2026-03-05,Abgeschlossen,2026-02-15
A03199,E10376,T-007,2026-09-11,2026-10-11,Abgeschlossen,2026-09-27
A03200,E10376,T-016,2025-11-15,2026-03-15,Abgeschlossen,2025-12-18
A03201,E10377,T-001,2026-05-17,2026-06-16,Abgeschlossen,2026-05-19
A03202,E10377,T-002,2026-03-14,2026-05-13,Abgeschlossen,2026-05-11
A03203,E10377,T-003,2026-07-20,2026-08-19,Abgeschlossen,2026-08-06
A03204,E10377,T-004,2026-06-05,2026-07-05,Abgeschlossen,2026-06-20
A03205,E10377,T-005,2026-01-30,2026-03-01,In Bearbeitung,
A03206,E10377,T-010,2019-01-09,2019-03-10,Abgeschlossen,2019-02-17
A03207,E10377,T-006,2026-08-02,2026-10-31,Abgeschlossen,2026-09-08
A03208,E10377,T-014,2026-09-05,2027-01-03,Zugewiesen,
A03209,E10378,T-001,2026-08-28,2026-10-27,Abgeschlossen,2026-09-11
A03210,E10378,T-002,2026-06-14,2026-09-12,Abgeschlossen,2026-07-05
A03211,E10378,T-003,2026-06-03,2026-09-01,Abgeschlossen,2026-06-21
A03212,E10378,T-004,2026-06-07,2026-07-07,Zugewiesen,
A03213,E10378,T-005,2026-08-09,2026-11-07,Zugewiesen,
A03214,E10378,T-010,2019-01-09,2019-03-10,Abgeschlossen,2019-02-23
A03215,E10378,T-006,2026-06-12,2026-07-12,Abgeschlossen,2026-07-05
A03216,E10378,T-007,2026-05-05,2026-08-03,Abgeschlossen,2026-08-09
A03217,E10378,T-014,2026-01-26,2026-04-26,Abgeschlossen,2026-10-23
A03218,E10378,T-015,2026-07-24,2026-09-22,In Bearbeitung,
A03219,E10379,T-001,2026-07-21,2026-08-20,Abgeschlossen,2026-08-17
A03220,E10379,T-002,2026-09-01,2026-11-30,Zugewiesen,
A03221,E10379,T-003,2026-02-17,2026-03-19,Abgeschlossen,2026-03-14
A03222,E10379,T-004,2026-06-12,2026-07-27,In Bearbeitung,
A03223,E10379,T-005,2026-05-28,2026-06-27,Abgeschlossen,2026-06-04
A03224,E10379,T-010,2019-01-11,2019-03-12,Abgeschlossen,2019-02-01
A03225,E10379,T-006,2026-05-15,2026-06-14,Abgeschlossen,2026-06-04
A03226,E10379,T-007,2026-03-29,2026-05-28,Zugewiesen,
A03227,E10380,T-001,2026-02-17,2026-03-19,Abgeschlossen,2026-03-15
A03228,E10380,T-002,2026-07-01,2026-09-29,Abgeschlossen,2026-07-30
A03229,E10380,T-003,2026-03-10,2026-05-09,Abgeschlossen,2026-03-16
A03230,E10380,T-004,2026-06-09,2026-07-24,In Bearbeitung,
A03231,E10380,T-005,2026-03-20,2026-04-19,Abgeschlossen,2026-04-23
A03232,E10380,T-010,2023-02-05,2023-04-06,Abgeschlossen,2023-04-13
A03233,E10380,T-006,2026-06-25,2026-09-23,Abgeschlossen,2026-08-13
A03234,E10380,T-007,2026-04-11,2026-07-10,Abgeschlossen,2026-07-01
A03235,E10380,T-017,2026-07-22,2026-10-20,Abgeschlossen,2026-10-13
A03236,E10381,T-001,2026-02-11,2026-04-12,Abgeschlossen,2026-04-02
A03237,E10381,T-002,2026-10-12,2026-12-11,In Bearbeitung,
A03238,E10381,T-003,2026-03-23,2026-05-22,Abgeschlossen,2026-05-29
A03239,E10381,T-004,2026-06-08,2026-08-07,In Bearbeitung,
A03240,E10381,T-005,2026-06-12,2026-07-12,Abgeschlossen,2026-07-11
A03241,E10381,T-010,2019-01-07,2019-03-08,Abgeschlossen,2019-03-05
A03242,E10381,T-006,2026-09-08,2026-11-07,Abgeschlossen,2026-10-08
A03243,E10382,T-001,2026-06-20,2026-07-20,Abgeschlossen,2026-07-11
A03244,E10382,T-002,2026-01-30,2026-03-31,Abgeschlossen,2026-04-07
A03245,E10382,T-003,2026-07-25,2026-08-24,Abgeschlossen,2026-07-29
A03246,E10382,T-004,2026-06-08,2026-08-07,In Bearbeitung,
A03247,E10382,T-005,2026-04-18,2026-05-18,Abgeschlossen,2026-05-23
A03248,E10382,T-010,2020-02-15,2020-04-15,Abgeschlossen,2020-03-04
A03249,E10382,T-006,2026-08-01,2026-09-30,Abgeschlossen,2026-08-11
A03250,E10382,T-013,2025-12-04,2026-04-03,Abgeschlossen,2026-07-19
A03251,E10383,T-001,2026-06-07,2026-07-07,Abgeschlossen,2026-06-16
A03252,E10383,T-002,2026-07-30,2026-10-28,Abgeschlossen,2026-09-27
A03253,E10383,T-003,2026-03-03,2026-06-01,Abgeschlossen,2026-05-06
A03254,E10383,T-004,2026-06-07,2026-07-07,Abgeschlossen,2026-07-10
A03255,E10383,T-005,2026-06-01,2026-08-30,Abgeschlossen,2026-06-15
A03256,E10383,T-010,2019-01-14,2019-03-15,Abgeschlossen,2019-02-16
A03257,E10383,T-006,2025-12-26,2026-03-26,Abgeschlossen,2026-01-07
A03258,E10383,T-013,2026-01-28,2026-03-29,Abgeschlossen,2026-07-21
A03259,E10384,T-001,2026-09-04,2026-11-03,In Bearbeitung,
A03260,E10384,T-002,2026-04-16,2026-07-15,Zugewiesen,
A03261,E10384,T-003,2026-08-23,2026-10-22,Zugewiesen,
A03262,E10384,T-004,2026-06-06,2026-08-05,Abgeschlossen,2026-07-06
A03263,E10384,T-005,2026-06-14,2026-08-13,Abgeschlossen,2026-07-11
A03264,E10384,T-010,2022-05-23,2022-07-22,Abgeschlossen,2022-07-25
A03265,E10384,T-006,2026-05-15,2026-08-13,Abgeschlossen,2026-06-24
A03266,E10384,T-013,2025-11-14,2026-03-14,Abgeschlossen,2026-03-27
A03267,E10385,T-001,2026-04-05,2026-05-05,Abgeschlossen,2026-04-25
A03268,E10385,T-002,2026-08-09,2026-10-08,Abgeschlossen,2026-08-14
A03269,E10385,T-003,2026-06-03,2026-09-01,Abgeschlossen,2026-07-30
A03270,E10385,T-004,2026-06-08,2026-07-08,Zugewiesen,
A03271,E10385,T-005,2026-01-02,2026-03-03,Abgeschlossen,2026-01-07
A03272,E10385,T-010,2019-01-05,2019-03-06,Abgeschlossen,2019-02-11
A03273,E10385,T-006,2026-09-09,2026-11-08,Abgeschlossen,2026-10-27
A03274,E10385,T-013,2026-08-27,2026-11-25,In Bearbeitung,
A03275,E10386,T-001,2026-01-07,2026-03-08,Abgeschlossen,2026-02-26
A03276,E10386,T-002,2026-08-03,2026-11-01,Abgeschlossen,2026-10-22
A03277,E10386,T-003,2026-09-22,2026-10-22,Abgeschlossen,2026-10-14
A03278,E10386,T-004,2026-06-10,2026-08-09,Zugewiesen,
A03279,E10386,T-005,2026-04-26,2026-05-26,Abgeschlossen,2026-05-29
A03280,E10386,T-010,2019-01-12,2019-03-13,Abgeschlossen,2019-03-15
A03281,E10386,T-006,2026-07-18,2026-09-16,Abgeschlossen,2026-08-09
A03282,E10386,T-015,2026-02-13,2026-05-14,In Bearbeitung,
A03283,E10386,T-016,2026-03-05,2026-07-03,In Bearbeitung,
A03284,E10386,T-013,2026-08-18,2026-12-16,Zugewiesen,
A03285,E10387,T-001,2026-09-03,2026-12-02,Abgeschlossen,2026-10-14
A03286,E10387,T-002,2026-10-07,2027-01-05,Abgeschlossen,2026-10-30
A03287,E10387,T-003,2026-08-20,2026-09-19,Abgeschlossen,2026-09-26
A03288,E10387,T-004,2026-06-12,2026-08-11,In Bearbeitung,
A03289,E10387,T-005,2026-06-15,2026-07-15,Abgeschlossen,2026-07-22
A03290,E10387,T-010,2021-05-13,2021-07-12,Abgeschlossen,2021-05-28
A03291,E10387,T-006,2026-07-12,2026-10-10,Abgeschlossen,2026-09-11
A03292,E10387,T-014,2025-11-24,2026-03-24,In Bearbeitung,
A03293,E10388,T-001,2026-02-10,2026-05-11,Abgeschlossen,2026-03-27
A03294,E10388,T-002,2026-08-31,2026-09-30,Abgeschlossen,2026-09-23
A03295,E10388,T-003,2026-02-28,2026-04-29,Abgeschlossen,2026-04-21
A03296,E10388,T-004,2026-06-05,2026-08-04,In Bearbeitung,
A03297,E10388,T-005,2026-06-21,2026-08-20,Abgeschlossen,2026-07-27
A03298,E10388,T-010,2019-01-04,2019-03-05,Abgeschlossen,2019-02-19
A03299,E10388,T-006,2026-01-25,2026-03-26,Abgeschlossen,2026-03-08
A03300,E10388,T-016,2026-02-10,2026-06-10,Abgeschlossen,2026-07-14
A03301,E10389,T-001,2026-01-11,2026-04-11,Abgeschlossen,2026-01-31
A03302,E10389,T-002,2026-06-25,2026-07-25,Abgeschlossen,2026-07-08
A03303,E10389,T-003,2026-07-13,2026-09-11,Abgeschlossen,2026-08-10
A03304,E10389,T-004,2026-06-12,2026-08-11,In Bearbeitung,
A03305,E10389,T-005,2026-08-29,2026-09-28,Abgeschlossen,2026-10-08
A03306,E10389,T-010,2019-01-09,2019-03-10,Abgeschlossen,2019-03-14
A03307,E10389,T-006,2026-09-16,2026-10-16,Abgeschlossen,2026-10-03
A03308,E10390,T-001,2026-07-05,2026-09-03,Abgeschlossen,2026-07-11
A03309,E10390,T-002,2026-07-05,2026-09-03,Abgeschlossen,2026-07-09
A03310,E10390,T-003,2026-01-12,2026-02-11,Zugewiesen,
A03311,E10390,T-004,2026-06-11,2026-08-10,In Bearbeitung,
A03312,E10390,T-005,2026-05-20,2026-08-18,Abgeschlossen,2026-07-30
A03313,E10390,T-010,2019-01-12,2019-03-13,Abgeschlossen,2019-01-19
A03314,E10390,T-006,2026-06-29,2026-08-28,Abgeschlossen,2026-07-16
A03315,E10390,T-014,2026-01-14,2026-05-14,Zugewiesen,
A03316,E10391,T-001,2026-07-20,2026-10-18,Abgeschlossen,2026-09-18
A03317,E10391,T-002,2026-03-19,2026-05-18,Abgeschlossen,2026-03-23
A03318,E10391,T-003,2026-04-15,2026-06-14,Abgeschlossen,2026-05-08
A03319,E10391,T-004,2026-06-08,2026-07-23,Zugewiesen,
A03320,E10391,T-005,2026-05-03,2026-06-02,Abgeschlossen,2026-05-06
A03321,E10391,T-010,2019-01-12,2019-03-13,Abgeschlossen,2019-02-12
A03322,E10391,T-006,2026-05-14,2026-06-13,Zugewiesen,
A03323,E10392,T-001,2026-02-28,2026-04-29,Abgeschlossen,2026-05-04
A03324,E10392,T-002,2026-02-09,2026-05-10,Abgeschlossen,2026-05-17
A03325,E10392,T-003,2026-02-21,2026-05-22,Abgeschlossen,2026-03-25
A03326,E10392,T-004,2026-06-06,2026-07-21,In Bearbeitung,
A03327,E10392,T-005,2026-03-31,2026-04-30,Abgeschlossen,2026-04-20
A03328,E10392,T-010,2019-01-12,2019-03-13,Abgeschlossen,2019-03-22
A03329,E10392,T-006,2026-04-18,2026-05-18,Abgeschlossen,2026-04-27
A03330,E10393,T-001,2026-02-18,2026-05-19,Zugewiesen,
A03331,E10393,T-002,2026-02-19,2026-03-21,Abgeschlossen,2026-03-10
A03332,E10393,T-003,2026-10-10,2026-12-09,In Bearbeitung,
A03333,E10393,T-004,2026-06-07,2026-08-06,Abgeschlossen,2026-08-10
A03334,E10393,T-005,2026-01-10,2026-02-09,Abgeschlossen,2026-02-19
A03335,E10393,T-010,2019-01-05,2019-03-06,Abgeschlossen,2019-02-07
A03336,E10393,T-006,2026-02-17,2026-04-18,Abgeschlossen,2026-04-13
A03337,E10393,T-014,2026-08-02,2026-10-01,Zugewiesen,
A03338,E10393,T-017,2026-09-10,2026-12-09,In Bearbeitung,
A03339,E10394,T-001,2026-01-14,2026-04-14,Abgeschlossen,2026-03-28
A03340,E10394,T-002,2026-06-22,2026-08-21,Abgeschlossen,2026-08-18
A03341,E10394,T-003,2026-05-20,2026-06-19,Abgeschlossen,2026-05-24
A03342,E10394,T-004,2026-06-05,2026-08-04,In Bearbeitung,
A03343,E10394,T-005,2026-09-01,2026-11-30,Abgeschlossen,2026-10-19
A03344,E10394,T-010,2019-01-04,2019-03-05,Abgeschlossen,2019-02-19
A03345,E10394,T-006,2026-06-19,2026-08-18,Abgeschlossen,2026-08-12
A03346,E10394,T-017,2026-03-01,2026-06-29,In Bearbeitung,
A03347,E10395,T-001,2026-07-18,2026-10-16,Abgeschlossen,2026-09-19
A03348,E10395,T-002,2026-06-10,2026-07-10,Zugewiesen,
A03349,E10395,T-003,2026-04-17,2026-06-16,Abgeschlossen,2026-05-24
A03350,E10395,T-004,2026-06-12,2026-08-11,Zugewiesen,
A03351,E10395,T-005,2026-07-14,2026-10-12,Abgeschlossen,2026-10-03
A03352,E10395,T-010,2021-06-24,2021-08-23,Abgeschlossen,2021-07-02
A03353,E10395,T-006,2026-03-02,2026-05-01,Zugewiesen,
A03354,E10396,T-001,2026-02-01,2026-05-02,Abgeschlossen,2026-02-02
A03355,E10396,T-002,2026-06-19,2026-07-19,Abgeschlossen,2026-06-28
A03356,E10396,T-003,2026-04-25,2026-06-24,Abgeschlossen,2026-04-28
A03357,E10396,T-004,2026-06-10,2026-07-10,Abgeschlossen,2026-07-04
A03358,E10396,T-005,2026-01-24,2026-03-25,Zugewiesen,
A03359,E10396,T-010,2019-01-11,2019-03-12,Abgeschlossen,2019-03-01
A03360,E10396,T-006,2025-12-10,2026-01-09,Abgeschlossen,2026-01-19
A03361,E10397,T-001,2026-03-31,2026-06-29,Abgeschlossen,2026-06-01
A03362,E10397,T-002,2026-10-10,2026-11-09,Abgeschlossen,2026-10-29
A03363,E10397,T-003,2025-12-20,2026-02-18,Abgeschlossen,2025-12-26
A03364,E10397,T-004,2026-06-07,2026-07-22,Abgeschlossen,2026-06-08
A03365,E10397,T-005,2026-09-20,2026-10-20,Abgeschlossen,2026-10-22
A03366,E10397,T-010,2019-01-12,2019-03-13,Abgeschlossen,2019-02-24
A03367,E10397,T-006,2025-12-29,2026-01-28,Zugewiesen,
A03368,E10398,T-001,2026-06-10,2026-08-09,Abgeschlossen,2026-07-01
A03369,E10398,T-002,2026-02-07,2026-05-08,Abgeschlossen,2026-04-22
A03370,E10398,T-003,2026-01-09,2026-02-08,Abgeschlossen,2026-02-16
A03371,E10398,T-004,2026-06-07,2026-08-06,Abgeschlossen,2026-06-12
A03372,E10398,T-005,2026-04-30,2026-06-29,Abgeschlossen,2026-06-21
A03373,E10398,T-010,2024-08-22,2024-10-21,Abgeschlossen,2024-10-30
A03374,E10398,T-006,2026-08-02,2026-10-31,In Bearbeitung,
A03375,E10399,T-001,2026-06-07,2026-09-05,Abgeschlossen,2026-08-17
A03376,E10399,T-002,2026-06-05,2026-08-04,Abgeschlossen,2026-06-10
A03377,E10399,T-003,2026-03-06,2026-04-05,Abgeschlossen,2026-03-30
A03378,E10399,T-004,2026-06-05,2026-07-20,Abgeschlossen,2026-06-26
A03379,E10399,T-005,2026-07-17,2026-09-15,Abgeschlossen,2026-09-21
A03380,E10399,T-010,2019-01-02,2019-03-03,Zugewiesen,
A03381,E10399,T-006,2026-02-16,2026-05-17,Abgeschlossen,2026-02-26
A03382,E10399,T-015,2026-03-12,2026-05-11,Zugewiesen,
A03383,E10400,T-001,2026-07-31,2026-10-29,Abgeschlossen,2026-09-06
A03384,E10400,T-002,2026-07-26,2026-10-24,Abgeschlossen,2026-08-30
A03385,E10400,T-003,2025-12-19,2026-01-18,Abgeschlossen,2026-01-02
A03386,E10400,T-004,2026-06-05,2026-07-05,In Bearbeitung,
A03387,E10400,T-005,2026-07-09,2026-10-07,Abgeschlossen,2026-08-13
A03388,E10400,T-010,2019-01-02,2019-03-03,Abgeschlossen,2019-01-18
A03389,E10400,T-006,2026-08-05,2026-09-04,Abgeschlossen,2026-09-13
A03390,E10401,T-001,2026-10-13,2026-11-12,Zugewiesen,
A03391,E10401,T-002,2026-05-22,2026-06-21,Abgeschlossen,2026-06-26
A03392,E10401,T-003,2026-07-31,2026-08-30,Abgeschlossen,2026-08-19
A03393,E10401,T-004,2026-06-09,2026-07-09,Zugewiesen,
A03394,E10401,T-005,2026-10-08,2026-12-07,Abgeschlossen,2026-10-28
A03395,E10401,T-010,2020-03-09,2020-05-08,Abgeschlossen,2020-05-18
A03396,E10401,T-006,2026-01-02,2026-03-03,Abgeschlossen,2026-03-06
A03397,E10402,T-001,2026-08-04,2026-09-03,Abgeschlossen,2026-08-25
A03398,E10402,T-002,2026-04-21,2026-05-21,Abgeschlossen,2026-04-27
A03399,E10402,T-003,2026-07-27,2026-09-25,Abgeschlossen,2026-07-31
A03400,E10402,T-004,2026-06-06,2026-07-21,Abgeschlossen,2026-07-11
A03401,E10402,T-005,2026-05-14,2026-07-13,Abgeschlossen,2026-06-30
A03402,E10402,T-010,2023-05-29,2023-07-28,Abgeschlossen,2023-07-13
A03403,E10402,T-006,2025-12-07,2026-01-06,Abgeschlossen,2026-01-13
A03404,E10402,T-017,2026-05-15,2026-09-12,In Bearbeitung,
A03405,E10403,T-001,2026-09-21,2026-11-20,Abgeschlossen,2026-10-26
A03406,E10403,T-002,2026-09-12,2026-10-12,Abgeschlossen,2026-10-07
A03407,E10403,T-003,2026-01-31,2026-05-01,Abgeschlossen,2026-05-03
A03408,E10403,T-004,2026-06-08,2026-07-23,In Bearbeitung,
A03409,E10403,T-005,2026-04-18,2026-06-17,Abgeschlossen,2026-05-30
A03410,E10403,T-010,2019-02-09,2019-04-10,Abgeschlossen,2019-04-09
A03411,E10403,T-006,2026-08-12,2026-11-10,In Bearbeitung,
A03412,E10404,T-001,2026-04-04,2026-07-03,Abgeschlossen,2026-05-08
A03413,E10404,T-002,2026-09-05,2026-10-05,Abgeschlossen,2026-09-14
A03414,E10404,T-003,2026-03-05,2026-05-04,Abgeschlossen,2026-03-18
A03415,E10404,T-004,2026-06-08,2026-07-08,Abgeschlossen,2026-07-03
A03416,E10404,T-005,2026-08-18,2026-09-17,Abgeschlossen,2026-09-10
A03417,E10404,T-010,2019-01-13,2019-03-14,Abgeschlossen,2019-01-29
A03418,E10404,T-006,2026-09-02,2026-11-01,Zugewiesen,
A03419,E10404,T-014,2026-02-05,2026-04-06,Zugewiesen,
A03420,E10405,T-001,2025-12-25,2026-03-25,Abgeschlossen,2026-02-21
A03421,E10405,T-002,2025-12-15,2026-03-15,Abgeschlossen,2026-02-28
A03422,E10405,T-003,2026-08-15,2026-11-13,Zugewiesen,
A03423,E10405,T-004,2026-06-07,2026-07-22,In Bearbeitung,
A03424,E10405,T-005,2026-07-31,2026-09-29,Abgeschlossen,2026-08-06
A03425,E10405,T-010,2019-01-02,2019-03-03,Abgeschlossen,2019-02-26
A03426,E10405,T-006,2026-10-01,2026-10-31,Abgeschlossen,2026-10-04
A03427,E10405,T-015,2025-11-04,2026-01-03,In Bearbeitung,
A03428,E10405,T-016,2026-07-29,2026-11-26,In Bearbeitung,
A03429,E10406,T-001,2026-07-31,2026-09-29,Abgeschlossen,2026-09-30
A03430,E10406,T-002,2026-07-06,2026-09-04,Abgeschlossen,2026-08-20
A03431,E10406,T-003,2026-05-17,2026-08-15,Abgeschlossen,2026-05-29
A03432,E10406,T-004,2026-06-10,2026-07-25,In Bearbeitung,
A03433,E10406,T-005,2026-06-17,2026-07-17,Abgeschlossen,2026-06-28
A03434,E10406,T-010,2019-01-03,2019-03-04,Abgeschlossen,2019-02-11
A03435,E10406,T-006,2026-01-07,2026-03-08,Abgeschlossen,2026-01-14
A03436,E10407,T-001,2026-03-10,2026-05-09,Abgeschlossen,2026-05-08
A03437,E10407,T-002,2026-10-09,2026-11-08,In Bearbeitung,
A03438,E10407,T-003,2025-12-03,2026-02-01,Abgeschlossen,2026-01-27
A03439,E10407,T-004,2026-06-07,2026-07-22,In Bearbeitung,
A03440,E10407,T-005,2026-03-24,2026-06-22,Abgeschlossen,2026-05-05
A03441,E10407,T-010,2019-01-06,2019-03-07,Abgeschlossen,2019-02-09
A03442,E10407,T-006,2026-03-12,2026-04-11,Abgeschlossen,2026-03-28
A03443,E10408,T-001,2026-05-26,2026-08-24,Abgeschlossen,2026-06-25
A03444,E10408,T-002,2026-06-24,2026-07-24,Abgeschlossen,2026-07-07
A03445,E10408,T-003,2026-06-29,2026-08-28,Zugewiesen,
A03446,E10408,T-004,2026-06-11,2026-08-10,Abgeschlossen,2026-07-09
A03447,E10408,T-005,2026-01-05,2026-02-04,Abgeschlossen,2026-02-02
A03448,E10408,T-010,2019-01-03,2019-03-04,Abgeschlossen,2019-01-16
A03449,E10408,T-006,2026-05-23,2026-08-21,Abgeschlossen,2026-05-31
A03450,E10409,T-001,2026-09-20,2026-10-20,Abgeschlossen,2026-10-02
A03451,E10409,T-002,2026-02-21,2026-05-22,Abgeschlossen,2026-02-22
A03452,E10409,T-003,2026-06-05,2026-07-05,Abgeschlossen,2026-06-11
A03453,E10409,T-004,2026-06-09,2026-07-24,In Bearbeitung,
A03454,E10409,T-005,2026-07-17,2026-10-15,Abgeschlossen,2026-09-24
A03455,E10409,T-010,2019-01-07,2019-03-08,Abgeschlossen,2019-01-11
A03456,E10409,T-006,2026-03-28,2026-04-27,Abgeschlossen,2026-04-17
A03457,E10410,T-001,2026-02-18,2026-05-19,Zugewiesen,
A03458,E10410,T-002,2026-08-10,2026-10-09,Abgeschlossen,2026-09-30
A03459,E10410,T-003,2026-02-14,2026-03-16,Abgeschlossen,2026-03-13
A03460,E10410,T-004,2026-06-12,2026-07-12,In Bearbeitung,
A03461,E10410,T-005,2026-07-13,2026-08-12,Abgeschlossen,2026-07-18
A03462,E10410,T-010,2019-01-13,2019-03-14,Abgeschlossen,2019-03-09
A03463,E10410,T-006,2026-03-14,2026-05-13,Abgeschlossen,2026-04-21
A03464,E10410,T-014,2026-07-09,2026-11-06,In Bearbeitung,
A03465,E10411,T-001,2026-05-15,2026-08-13,Abgeschlossen,2026-07-12
A03466,E10411,T-002,2026-01-16,2026-03-17,Abgeschlossen,2026-01-20
A03467,E10411,T-003,2026-04-25,2026-07-24,Abgeschlossen,2026-06-25
A03468,E10411,T-004,2026-06-11,2026-07-26,Abgeschlossen,2026-07-11
A03469,E10411,T-005,2026-03-18,2026-04-17,Abgeschlossen,2026-04-04
A03470,E10411,T-010,2022-01-12,2022-03-13,Abgeschlossen,2022-02-01
A03471,E10411,T-006,2026-05-13,2026-07-12,Abgeschlossen,2026-06-22
A03472,E10412,T-001,2026-04-26,2026-06-25,Abgeschlossen,2026-05-31
A03473,E10412,T-002,2026-02-02,2026-03-04,Abgeschlossen,2026-02-15
A03474,E10412,T-003,2026-05-20,2026-08-18,In Bearbeitung,
A03475,E10412,T-004,2026-06-12,2026-08-11,Abgeschlossen,2026-07-20
A03476,E10412,T-005,2026-05-28,2026-06-27,Abgeschlossen,2026-06-25
A03477,E10412,T-010,2019-01-08,2019-03-09,Abgeschlossen,2019-02-22
A03478,E10412,T-006,2026-03-19,2026-04-18,Abgeschlossen,2026-03-21
A03479,E10412,T-016,2026-01-23,2026-04-23,Zugewiesen,
A03480,E10413,T-001,2026-06-28,2026-07-28,Abgeschlossen,2026-07-14
A03481,E10413,T-002,2026-06-27,2026-08-26,Zugewiesen,
A03482,E10413,T-003,2026-03-29,2026-05-28,Abgeschlossen,2026-05-29
A03483,E10413,T-004,2026-06-05,2026-08-04,In Bearbeitung,
A03484,E10413,T-005,2026-01-19,2026-03-20,Abgeschlossen,2026-02-04
A03485,E10413,T-010,2019-01-12,2019-03-13,Abgeschlossen,2019-01-23
A03486,E10413,T-006,2026-04-11,2026-05-11,Abgeschlossen,2026-05-12
A03487,E10413,T-015,2026-09-11,2027-01-09,In Bearbeitung,
A03488,E10413,T-016,2026-07-15,2026-09-13,In Bearbeitung,
A03489,E10414,T-001,2026-02-16,2026-04-17,Abgeschlossen,2026-04-12
A03490,E10414,T-002,2026-01-05,2026-02-04,Abgeschlossen,2026-01-17
A03491,E10414,T-003,2026-09-09,2026-10-09,Abgeschlossen,2026-09-17
A03492,E10414,T-004,2026-06-06,2026-07-21,Zugewiesen,
A03493,E10414,T-005,2026-04-20,2026-07-19,Abgeschlossen,2026-07-12
A03494,E10414,T-010,2019-01-07,2019-03-08,Abgeschlossen,2019-01-08
A03495,E10414,T-006,2026-10-09,2027-01-07,In Bearbeitung,
A03496,E10414,T-017,2026-08-02,2026-11-30,Zugewiesen,
A03497,E10415,T-001,2025-12-28,2026-02-26,Abgeschlossen,2026-01-13
A03498,E10415,T-002,2026-05-18,2026-06-17,Abgeschlossen,2026-06-14
A03499,E10415,T-003,2026-05-30,2026-07-29,Abgeschlossen,2026-07-09
A03500,E10415,T-004,2026-06-11,2026-08-10,Abgeschlossen,2026-08-15
A03501,E10415,T-005,2025-12-15,2026-02-13,Abgeschlossen,2026-02-03
A03502,E10415,T-010,2019-06-27,2019-08-26,Abgeschlossen,2019-07-06
A03503,E10415,T-006,2026-01-08,2026-02-07,Abgeschlossen,2026-02-04
A03504,E10415,T-015,2026-01-03,2026-05-03,Zugewiesen,
A03505,E10416,T-001,2026-01-19,2026-03-20,Abgeschlossen,2026-01-31
A03506,E10416,T-002,2026-05-04,2026-06-03,Abgeschlossen,2026-06-10
A03507,E10416,T-003,2026-05-21,2026-08-19,Abgeschlossen,2026-07-17
A03508,E10416,T-004,2026-06-07,2026-07-07,In Bearbeitung,
A03509,E10416,T-005,2026-09-11,2026-11-10,Abgeschlossen,2026-10-08
A03510,E10416,T-010,2025-01-16,2025-03-17,Abgeschlossen,2025-03-05
A03511,E10416,T-006,2026-10-08,2026-11-07,In Bearbeitung,
A03512,E10416,T-016,2026-01-15,2026-03-16,Abgeschlossen,2026-02-06
A03513,E10417,T-001,2025-12-03,2026-01-02,Abgeschlossen,2026-01-01
A03514,E10417,T-002,2026-09-14,2026-11-13,Abgeschlossen,2026-09-29
A03515,E10417,T-003,2026-07-30,2026-10-28,Abgeschlossen,2026-10-22
A03516,E10417,T-004,2026-06-10,2026-07-25,In Bearbeitung,
A03517,E10417,T-005,2026-08-30,2026-10-29,Abgeschlossen,2026-09-14
A03518,E10417,T-010,2019-01-12,2019-03-13,Abgeschlossen,2019-03-03
A03519,E10417,T-006,2026-03-20,2026-05-19,Abgeschlossen,2026-04-15
A03520,E10417,T-014,2026-09-17,2026-12-16,Zugewiesen,
A03521,E10417,T-015,2026-01-31,2026-05-01,Abgeschlossen,2026-07-14
A03522,E10418,T-001,2026-05-07,2026-06-06,Abgeschlossen,2026-05-08
A03523,E10418,T-002,2026-04-07,2026-05-07,Abgeschlossen,2026-05-09
A03524,E10418,T-003,2026-08-01,2026-10-30,Abgeschlossen,2026-10-17
A03525,E10418,T-004,2026-06-11,2026-07-26,In Bearbeitung,
A03526,E10418,T-005,2025-12-18,2026-02-16,Abgeschlossen,2026-01-13
A03527,E10418,T-010,2019-01-05,2019-03-06,Abgeschlossen,2019-01-27
A03528,E10418,T-006,2026-08-15,2026-10-14,Abgeschlossen,2026-09-13
A03529,E10418,T-015,2026-04-30,2026-08-28,Abgeschlossen,2026-09-18
A03530,E10419,T-001,2026-10-13,2026-11-12,Zugewiesen,
A03531,E10419,T-002,2026-05-06,2026-06-05,Abgeschlossen,2026-06-15
A03532,E10419,T-003,2026-02-17,2026-05-18,Abgeschlossen,2026-04-25
A03533,E10419,T-004,2026-06-08,2026-07-08,Zugewiesen,
A03534,E10419,T-005,2026-06-22,2026-07-22,Abgeschlossen,2026-07-24
A03535,E10419,T-010,2019-01-13,2019-03-14,Abgeschlossen,2019-01-27
A03536,E10419,T-006,2026-06-13,2026-09-11,Abgeschlossen,2026-07-09
A03537,E10420,T-001,2026-06-16,2026-08-15,Abgeschlossen,2026-07-11
A03538,E10420,T-002,2026-08-30,2026-09-29,Abgeschlossen,2026-09-20
A03539,E10420,T-003,2026-04-20,2026-05-20,Abgeschlossen,2026-05-01
A03540,E10420,T-004,2026-06-11,2026-08-10,Abgeschlossen,2026-08-02
A03541,E10420,T-005,2026-02-06,2026-05-07,Abgeschlossen,2026-03-16
A03542,E10420,T-010,2019-01-08,2019-03-09,Abgeschlossen,2019-03-06
A03543,E10420,T-006,2026-01-06,2026-04-06,Abgeschlossen,2026-02-07
A03544,E10420,T-017,2026-04-01,2026-07-30,Abgeschlossen,2026-07-17
A03545,E10421,T-001,2026-04-18,2026-06-17,Abgeschlossen,2026-05-19
A03546,E10421,T-002,2026-09-16,2026-12-15,Zugewiesen,
A03547,E10421,T-003,2025-12-05,2026-02-03,Abgeschlossen,2026-01-22
A03548,E10421,T-004,2026-06-12,2026-07-27,Abgeschlossen,2026-07-23
A03549,E10421,T-005,2026-02-27,2026-03-29,Abgeschlossen,2026-03-05
A03550,E10421,T-010,2020-08-26,2020-10-25,Abgeschlossen,2020-08-27
A03551,E10421,T-006,2026-09-03,2026-11-02,Zugewiesen,
A03552,E10421,T-014,2025-11-28,2026-03-28,Abgeschlossen,2026-01-31
A03553,E10422,T-001,2026-08-01,2026-09-30,Abgeschlossen,2026-09-03
A03554,E10422,T-002,2026-07-10,2026-09-08,Abgeschlossen,2026-08-07
A03555,E10422,T-003,2026-09-30,2026-10-30,Abgeschlossen,2026-10-14
A03556,E10422,T-004,2026-06-05,2026-07-05,Abgeschlossen,2026-07-06
A03557,E10422,T-005,2026-03-13,2026-04-12,Abgeschlossen,2026-03-24
A03558,E10422,T-010,2024-02-26,2024-04-26,Abgeschlossen,2024-04-04
A03559,E10422,T-006,2026-09-01,2026-11-30,Zugewiesen,
A03560,E10423,T-001,2026-08-06,2026-10-05,Abgeschlossen,2026-08-14
A03561,E10423,T-002,2025-12-03,2026-02-01,Abgeschlossen,2025-12-05
A03562,E10423,T-003,2026-05-08,2026-08-06,In Bearbeitung,
A03563,E10423,T-004,2026-06-08,2026-07-08,Abgeschlossen,2026-07-14
A03564,E10423,T-005,2026-02-08,2026-04-09,Abgeschlossen,2026-03-26
A03565,E10423,T-010,2021-11-28,2022-01-27,Abgeschlossen,2021-11-29
A03566,E10423,T-006,2026-02-13,2026-03-15,Abgeschlossen,2026-02-19
A03567,E10424,T-001,2026-03-22,2026-05-21,Abgeschlossen,2026-05-03
A03568,E10424,T-002,2026-05-16,2026-07-15,Zugewiesen,
A03569,E10424,T-003,2026-10-12,2027-01-10,Zugewiesen,
A03570,E10424,T-004,2026-06-09,2026-07-24,Abgeschlossen,2026-06-20
A03571,E10424,T-005,2026-05-06,2026-08-04,Abgeschlossen,2026-06-06
A03572,E10424,T-010,2019-01-04,2019-03-05,Abgeschlossen,2019-01-07
A03573,E10424,T-006,2025-12-22,2026-01-21,Abgeschlossen,2026-01-27
A03574,E10425,T-001,2026-03-11,2026-06-09,Abgeschlossen,2026-03-24
A03575,E10425,T-002,2026-02-16,2026-05-17,Abgeschlossen,2026-05-03
A03576,E10425,T-003,2026-01-20,2026-02-19,Abgeschlossen,2026-01-25
A03577,E10425,T-004,2026-06-07,2026-07-07,Abgeschlossen,2026-07-05
A03578,E10425,T-005,2025-12-29,2026-02-27,Abgeschlossen,2026-02-09
A03579,E10425,T-010,2025-11-13,2026-01-12,Abgeschlossen,2025-12-20
A03580,E10425,T-006,2026-04-04,2026-06-03,Abgeschlossen,2026-04-14
A03581,E10426,T-001,2026-08-09,2026-10-08,Abgeschlossen,2026-09-16
A03582,E10426,T-002,2026-01-01,2026-01-31,Abgeschlossen,2026-02-07
A03583,E10426,T-003,2026-09-14,2026-10-14,Abgeschlossen,2026-10-04
A03584,E10426,T-004,2026-06-07,2026-07-22,Abgeschlossen,2026-07-14
A03585,E10426,T-005,2026-09-17,2026-11-16,Zugewiesen,
A03586,E10426,T-010,2021-03-24,2021-05-23,Abgeschlossen,2021-04-29
A03587,E10426,T-006,2026-05-19,2026-08-17,Abgeschlossen,2026-08-02
A03588,E10426,T-014,2026-05-01,2026-06-30,Abgeschlossen,2026-08-13
A03589,E10427,T-001,2026-05-09,2026-06-08,In Bearbeitung,
A03590,E10427,T-002,2026-01-06,2026-02-05,Abgeschlossen,2026-02-05
A03591,E10427,T-003,2026-02-07,2026-03-09,Abgeschlossen,2026-03-16
A03592,E10427,T-004,2026-06-12,2026-07-27,In Bearbeitung,
A03593,E10427,T-005,2026-04-12,2026-05-12,Abgeschlossen,2026-05-16
A03594,E10427,T-010,2019-01-05,2019-03-06,Abgeschlossen,2019-01-27
A03595,E10427,T-006,2026-01-17,2026-04-17,Abgeschlossen,2026-03-08
A03596,E10428,T-001,2025-12-23,2026-01-22,Abgeschlossen,2026-01-14
A03597,E10428,T-002,2026-02-21,2026-03-23,Abgeschlossen,2026-03-03
A03598,E10428,T-003,2026-02-12,2026-04-13,Abgeschlossen,2026-03-14
A03599,E10428,T-004,2026-06-09,2026-08-08,In Bearbeitung,
A03600,E10428,T-005,2026-06-30,2026-07-30,Abgeschlossen,2026-07-24
A03601,E10428,T-010,2019-01-11,2019-03-12,Abgeschlossen,2019-02-02
A03602,E10428,T-006,2026-01-05,2026-03-06,Abgeschlossen,2026-01-20
A03603,E10428,T-016,2026-06-30,2026-10-28,Abgeschlossen,2026-08-09
A03604,E10428,T-017,2026-05-24,2026-09-21,In Bearbeitung,
A03605,E10429,T-001,2026-04-25,2026-07-24,Abgeschlossen,2026-06-20
A03606,E10429,T-002,2026-03-06,2026-04-05,Zugewiesen,
A03607,E10429,T-003,2026-04-29,2026-05-29,Abgeschlossen,2026-05-26
A03608,E10429,T-004,2026-06-11,2026-07-26,Zugewiesen,
A03609,E10429,T-005,2026-04-13,2026-05-13,Abgeschlossen,2026-05-04
A03610,E10429,T-010,2019-01-10,2019-03-11,Abgeschlossen,2019-03-14
A03611,E10429,T-006,2026-08-02,2026-09-01,In Bearbeitung,
A03612,E10429,T-017,2026-06-11,2026-10-09,In Bearbeitung,
A03613,E10430,T-001,2026-01-13,2026-03-14,Abgeschlossen,2026-02-06
A03614,E10430,T-002,2026-04-05,2026-07-04,Abgeschlossen,2026-04-20
A03615,E10430,T-003,2026-03-20,2026-05-19,Abgeschlossen,2026-03-25
A03616,E10430,T-004,2026-06-09,2026-07-09,Abgeschlossen,2026-06-14
A03617,E10430,T-005,2026-07-01,2026-09-29,Abgeschlossen,2026-10-01
A03618,E10430,T-010,2019-01-12,2019-03-13,Abgeschlossen,2019-03-19
A03619,E10430,T-006,2026-06-06,2026-07-06,Abgeschlossen,2026-06-19
A03620,E10431,T-001,2026-04-20,2026-05-20,Abgeschlossen,2026-05-16
A03621,E10431,T-002,2026-09-25,2026-12-24,Zugewiesen,
A03622,E10431,T-003,2025-12-13,2026-03-13,Abgeschlossen,2026-01-30
A03623,E10431,T-004,2026-06-12,2026-07-12,In Bearbeitung,
A03624,E10431,T-005,2025-12-08,2026-01-07,Abgeschlossen,2025-12-21
A03625,E10431,T-010,2021-05-24,2021-07-23,Abgeschlossen,2021-07-06
A03626,E10431,T-006,2026-01-03,2026-02-02,Abgeschlossen,2026-01-26
A03627,E10432,T-001,2026-02-24,2026-03-26,Zugewiesen,
A03628,E10432,T-002,2026-01-17,2026-02-16,Abgeschlossen,2026-01-29
A03629,E10432,T-003,2026-07-31,2026-10-29,Abgeschlossen,2026-11-01
A03630,E10432,T-004,2026-06-10,2026-08-09,Abgeschlossen,2026-07-09
A03631,E10432,T-005,2026-09-05,2026-12-04,Abgeschlossen,2026-10-18
A03632,E10432,T-010,2024-06-19,2024-08-18,Abgeschlossen,2024-07-04
A03633,E10432,T-006,2026-08-31,2026-09-30,Abgeschlossen,2026-10-07
A03634,E10432,T-017,2026-02-19,2026-05-20,Abgeschlossen,2026-05-03
A03635,E10433,T-001,2026-10-03,2027-01-01,Abgeschlossen,2026-10-09
A03636,E10433,T-002,2026-10-04,2026-11-03,In Bearbeitung,
A03637,E10433,T-003,2026-03-26,2026-05-25,Abgeschlossen,2026-05-25
A03638,E10433,T-004,2026-06-09,2026-08-08,Abgeschlossen,2026-07-31
A03639,E10433,T-005,2026-07-27,2026-09-25,Abgeschlossen,2026-08-09
A03640,E10433,T-010,2025-04-04,2025-06-03,Abgeschlossen,2025-04-08
A03641,E10433,T-006,2026-05-17,2026-06-16,Abgeschlossen,2026-05-20
A03642,E10434,T-001,2026-10-03,2027-01-01,In Bearbeitung,
A03643,E10434,T-002,2026-09-29,2026-10-29,In Bearbeitung,
A03644,E10434,T-003,2026-10-03,2027-01-01,Zugewiesen,
A03645,E10434,T-004,2026-06-09,2026-07-24,Abgeschlossen,2026-06-25
A03646,E10434,T-005,2026-06-17,2026-08-16,Abgeschlossen,2026-07-15
A03647,E10434,T-010,2019-01-13,2019-03-14,Abgeschlossen,2019-03-09
A03648,E10434,T-006,2026-01-31,2026-03-02,Abgeschlossen,2026-03-05
A03649,E10434,T-015,2026-07-10,2026-09-08,Abgeschlossen,2026-08-23
A03650,E10434,T-017,2026-08-28,2026-12-26,Zugewiesen,
A03651,E10435,T-001,2026-07-07,2026-08-06,Abgeschlossen,2026-08-06
A03652,E10435,T-002,2026-07-30,2026-08-29,Abgeschlossen,2026-08-28
A03653,E10435,T-003,2026-05-11,2026-08-09,Abgeschlossen,2026-06-01
A03654,E10435,T-004,2026-06-09,2026-07-09,Zugewiesen,
A03655,E10435,T-005,2026-09-02,2026-12-01,Abgeschlossen,2026-10-06
A03656,E10435,T-010,2019-03-09,2019-05-08,Abgeschlossen,2019-04-26
A03657,E10435,T-006,2026-06-18,2026-09-16,Abgeschlossen,2026-09-03
A03658,E10435,T-015,2026-07-06,2026-11-03,In Bearbeitung,
A03659,E10436,T-001,2026-01-16,2026-04-16,Abgeschlossen,2026-03-03
A03660,E10436,T-002,2026-06-05,2026-07-05,Abgeschlossen,2026-06-18
A03661,E10436,T-003,2026-04-14,2026-06-13,In Bearbeitung,
A03662,E10436,T-004,2026-06-09,2026-07-24,In Bearbeitung,
A03663,E10436,T-005,2026-05-01,2026-05-31,Abgeschlossen,2026-05-21
A03664,E10436,T-010,2022-11-30,2023-01-29,Abgeschlossen,2022-12-02
A03665,E10436,T-006,2026-01-22,2026-03-23,Abgeschlossen,2026-03-14
A03666,E10437,T-001,2025-12-19,2026-03-19,Zugewiesen,
A03667,E10437,T-002,2026-09-20,2026-10-20,Abgeschlossen,2026-10-07
A03668,E10437,T-003,2026-07-07,2026-09-05,Abgeschlossen,2026-07-30
A03669,E10437,T-004,2026-06-07,2026-07-07,Abgeschlossen,2026-06-29
A03670,E10437,T-005,2025-12-20,2026-01-19,Abgeschlossen,2026-01-06
A03671,E10437,T-010,2025-04-17,2025-06-16,Abgeschlossen,2025-06-08
A03672,E10437,T-006,2026-01-04,2026-02-03,Abgeschlossen,2026-01-25
A03673,E10438,T-001,2026-09-02,2026-12-01,Zugewiesen,
A03674,E10438,T-002,2026-04-03,2026-06-02,Abgeschlossen,2026-04-06
A03675,E10438,T-003,2026-03-28,2026-05-27,Abgeschlossen,2026-05-05
A03676,E10438,T-004,2026-06-09,2026-08-08,In Bearbeitung,
A03677,E10438,T-005,2026-05-09,2026-07-08,Abgeschlossen,2026-06-24
A03678,E10438,T-010,2019-01-06,2019-03-07,Abgeschlossen,2019-01-18
A03679,E10438,T-006,2026-08-25,2026-10-24,Abgeschlossen,2026-10-25
A03680,E10439,T-001,2026-09-15,2026-12-14,Abgeschlossen,2026-10-13
A03681,E10439,T-002,2026-08-18,2026-09-17,Abgeschlossen,2026-08-31
A03682,E10439,T-003,2026-03-21,2026-06-19,Abgeschlossen,2026-04-07
A03683,E10439,T-004,2026-06-11,2026-07-11,In Bearbeitung,
A03684,E10439,T-005,2026-10-12,2027-01-10,Abgeschlossen,2026-10-18
A03685,E10439,T-010,2019-01-06,2019-03-07,Abgeschlossen,2019-01-19
A03686,E10439,T-006,2026-02-06,2026-03-08,Abgeschlossen,2026-03-17
A03687,E10440,T-001,2026-08-20,2026-11-18,Abgeschlossen,2026-10-19
A03688,E10440,T-002,2025-12-17,2026-01-16,Abgeschlossen,2026-01-05
A03689,E10440,T-003,2026-03-10,2026-04-09,Abgeschlossen,2026-03-18
A03690,E10440,T-004,2026-06-12,2026-07-12,In Bearbeitung,
A03691,E10440,T-005,2025-12-26,2026-03-26,Abgeschlossen,2026-03-17
A03692,E10440,T-010,2019-01-07,2019-03-08,Abgeschlossen,2019-03-02
A03693,E10440,T-006,2026-06-17,2026-09-15,Abgeschlossen,2026-07-23
A03694,E10440,T-016,2026-07-13,2026-09-11,In Bearbeitung,
A03695,E10441,T-001,2025-12-18,2026-01-17,Abgeschlossen,2026-01-14
A03696,E10441,T-002,2026-02-26,2026-03-28,Zugewiesen,
A03697,E10441,T-003,2025-12-14,2026-01-13,Abgeschlossen,2026-01-12
A03698,E10441,T-004,2026-06-07,2026-07-22,Abgeschlossen,2026-07-02
A03699,E10441,T-005,2026-03-22,2026-06-20,Abgeschlossen,2026-04-15
A03700,E10441,T-010,2019-01-07,2019-03-08,Abgeschlossen,2019-03-03
A03701,E10441,T-006,2026-01-15,2026-02-14,Abgeschlossen,2026-02-06
A03702,E10441,T-016,2026-07-28,2026-10-26,Abgeschlossen,2026-09-11
A03703,E10442,T-001,2025-12-04,2026-02-02,Abgeschlossen,2025-12-11
A03704,E10442,T-002,2026-07-03,2026-08-02,Abgeschlossen,2026-07-07
A03705,E10442,T-003,2026-01-28,2026-02-27,Abgeschlossen,2026-02-02
A03706,E10442,T-004,2026-06-10,2026-07-25,Zugewiesen,
A03707,E10442,T-005,2026-03-20,2026-04-19,Abgeschlossen,2026-04-17
A03708,E10442,T-010,2019-01-08,2019-03-09,Abgeschlossen,2019-02-02
A03709,E10442,T-006,2026-06-17,2026-09-15,Abgeschlossen,2026-09-19
A03710,E10443,T-001,2026-04-22,2026-06-21,Abgeschlossen,2026-05-06
A03711,E10443,T-002,2026-03-15,2026-04-14,Abgeschlossen,2026-03-26
A03712,E10443,T-003,2026-06-21,2026-09-19,Abgeschlossen,2026-08-31
A03713,E10443,T-004,2026-06-08,2026-08-07,In Bearbeitung,
A03714,E10443,T-005,2026-04-28,2026-06-27,Abgeschlossen,2026-05-08
A03715,E10443,T-010,2020-01-31,2020-03-31,Abgeschlossen,2020-03-13
A03716,E10443,T-006,2026-04-01,2026-05-31,Abgeschlossen,2026-06-05
A03717,E10443,T-017,2025-12-26,2026-02-24,Zugewiesen,
A03718,E10444,T-001,2026-04-18,2026-07-17,Abgeschlossen,2026-07-15
A03719,E10444,T-002,2026-04-03,2026-07-02,Zugewiesen,
A03720,E10444,T-003,2026-09-25,2026-11-24,Abgeschlossen,2026-10-21
A03721,E10444,T-004,2026-06-07,2026-07-07,Zugewiesen,
A03722,E10444,T-005,2025-12-05,2026-03-05,Abgeschlossen,2026-02-01
A03723,E10444,T-010,2024-11-24,2025-01-23,Abgeschlossen,2025-01-04
A03724,E10444,T-006,2026-05-26,2026-06-25,Abgeschlossen,2026-07-02
A03725,E10445,T-001,2025-12-13,2026-01-12,Abgeschlossen,2025-12-23
A03726,E10445,T-002,2026-10-03,2026-11-02,Zugewiesen,
A03727,E10445,T-003,2026-01-04,2026-03-05,Abgeschlossen,2026-01-17
A03728,E10445,T-004,2026-06-07,2026-07-07,In Bearbeitung,
A03729,E10445,T-005,2026-06-09,2026-09-07,Abgeschlossen,2026-08-11
A03730,E10445,T-010,2019-01-02,2019-03-03,Abgeschlossen,2019-02-07
A03731,E10445,T-006,2026-09-10,2026-12-09,Zugewiesen,
A03732,E10446,T-001,2026-07-19,2026-09-17,Abgeschlossen,2026-08-01
A03733,E10446,T-002,2026-08-02,2026-10-01,Abgeschlossen,2026-09-30
A03734,E10446,T-003,2026-06-14,2026-08-13,Abgeschlossen,2026-08-07
A03735,E10446,T-004,2026-06-08,2026-07-08,In Bearbeitung,
A03736,E10446,T-005,2026-06-25,2026-09-23,Abgeschlossen,2026-08-17
A03737,E10446,T-010,2019-01-13,2019-03-14,Abgeschlossen,2019-01-17
A03738,E10446,T-006,2026-07-08,2026-08-07,Abgeschlossen,2026-07-23
A03739,E10447,T-001,2026-05-09,2026-07-08,Abgeschlossen,2026-06-30
A03740,E10447,T-002,2026-09-23,2026-11-22,Abgeschlossen,2026-10-04
A03741,E10447,T-003,2026-06-01,2026-07-01,Abgeschlossen,2026-06-22
A03742,E10447,T-004,2026-06-08,2026-07-23,In Bearbeitung,
A03743,E10447,T-005,2026-01-25,2026-03-26,Abgeschlossen,2026-02-09
A03744,E10447,T-010,2019-01-12,2019-03-13,Abgeschlossen,2019-02-15
A03745,E10447,T-006,2026-09-20,2026-12-19,Abgeschlossen,2026-10-15
A03746,E10447,T-014,2026-03-03,2026-05-02,Abgeschlossen,2026-06-27
A03747,E10448,T-001,2026-05-14,2026-07-13,Abgeschlossen,2026-06-13
A03748,E10448,T-002,2026-05-31,2026-06-30,Abgeschlossen,2026-06-15
A03749,E10448,T-003,2026-02-05,2026-04-06,Abgeschlossen,2026-04-08
A03750,E10448,T-004,2026-06-05,2026-07-20,Zugewiesen,
A03751,E10448,T-005,2026-03-21,2026-06-19,Abgeschlossen,2026-06-06
A03752,E10448,T-010,2019-01-05,2019-03-06,Abgeschlossen,2019-02-10
A03753,E10448,T-006,2026-03-15,2026-06-13,Abgeschlossen,2026-04-07
A03754,E10449,T-001,2026-03-01,2026-05-30,Abgeschlossen,2026-03-29
A03755,E10449,T-002,2026-01-16,2026-02-15,Abgeschlossen,2026-02-02
A03756,E10449,T-003,2026-03-07,2026-06-05,Abgeschlossen,2026-04-30
A03757,E10449,T-004,2026-06-11,2026-07-11,Abgeschlossen,2026-06-24
A03758,E10449,T-005,2026-08-25,2026-10-24,Abgeschlossen,2026-10-08
A03759,E10449,T-010,2025-05-22,2025-07-21,Abgeschlossen,2025-07-01
A03760,E10449,T-006,2025-12-23,2026-01-22,Abgeschlossen,2026-01-30
A03761,E10450,T-001,2026-10-04,2026-12-03,Abgeschlossen,2026-10-31
A03762,E10450,T-002,2026-09-29,2026-12-28,Zugewiesen,
A03763,E10450,T-003,2026-03-18,2026-04-17,Abgeschlossen,2026-03-25
A03764,E10450,T-004,2026-06-08,2026-08-07,Abgeschlossen,2026-06-15
A03765,E10450,T-005,2025-12-11,2026-02-09,Abgeschlossen,2026-01-13
A03766,E10450,T-010,2019-06-15,2019-08-14,Abgeschlossen,2019-08-06
A03767,E10450,T-006,2026-01-13,2026-04-13,Abgeschlossen,2026-03-02
A03768,E10450,T-015,2026-06-16,2026-10-14,In Bearbeitung,
A03769,E10450,T-017,2026-02-26,2026-05-27,Zugewiesen,
A03770,E10451,T-001,2026-06-16,2026-07-16,Abgeschlossen,2026-07-08
A03771,E10451,T-002,2026-04-05,2026-05-05,Abgeschlossen,2026-05-10
A03772,E10451,T-003,2026-02-13,2026-04-14,Abgeschlossen,2026-04-19
A03773,E10451,T-004,2026-06-12,2026-07-12,In Bearbeitung,
A03774,E10451,T-005,2026-04-28,2026-05-28,Abgeschlossen,2026-06-06
A03775,E10451,T-010,2023-09-02,2023-11-01,Abgeschlossen,2023-11-08
A03776,E10451,T-006,2026-03-03,2026-06-01,Abgeschlossen,2026-03-19
A03777,E10451,T-016,2026-06-22,2026-09-20,Zugewiesen,
A03778,E10451,T-017,2026-06-22,2026-10-20,Abgeschlossen,2026-09-28
A03779,E10452,T-001,2026-08-07,2026-09-06,Abgeschlossen,2026-08-21
A03780,E10452,T-002,2026-10-11,2026-11-10,Abgeschlossen,2026-10-15
A03781,E10452,T-003,2026-08-27,2026-09-26,Abgeschlossen,2026-10-05
A03782,E10452,T-004,2026-06-06,2026-07-21,Zugewiesen,
A03783,E10452,T-005,2026-04-26,2026-05-26,Zugewiesen,
A03784,E10452,T-010,2019-01-03,2019-03-04,Abgeschlossen,2019-01-07
A03785,E10452,T-006,2026-06-04,2026-08-03,Abgeschlossen,2026-06-09
A03786,E10453,T-001,2026-09-22,,Zugewiesen,
A03787,E10453,T-002,2026-03-18,2026-05-17,Abgeschlossen,2026-05-08
A03788,E10453,T-003,2026-01-01,2026-03-02,Abgeschlossen,2026-03-08
A03789,E10453,T-004,2026-06-12,2026-07-27,Abgeschlossen,2026-06-14
A03790,E10453,T-005,2026-07-03,2026-08-02,Abgeschlossen,2026-07-18
A03791,E10453,T-010,2019-01-15,2019-03-16,Abgeschlossen,2019-03-10
A03792,E10453,T-006,2026-01-28,2026-02-27,Abgeschlossen,2026-02-20
A03793,E10453,T-017,2026-02-13,2026-06-13,Zugewiesen,
A03794,E10454,T-001,2026-04-20,2026-05-20,Abgeschlossen,2026-04-28
A03795,E10454,T-002,2026-02-27,2026-05-28,Abgeschlossen,2026-03-28
A03796,E10454,T-003,2026-10-01,2026-10-31,Abgeschlossen,2026-10-27
A03797,E10454,T-004,2026-06-05,2026-07-20,Abgeschlossen,2026-07-11
A03798,E10454,T-005,2026-09-15,2026-10-15,Abgeschlossen,2026-10-12
A03799,E10454,T-010,2019-01-15,2019-03-16,Abgeschlossen,2019-03-06
A03800,E10454,T-006,2026-04-26,2026-06-25,Abgeschlossen,2026-05-13
A03801,E10455,T-001,2026-09-25,2026-12-24,Zugewiesen,
A03802,E10455,T-002,2026-09-10,2026-10-10,Abgeschlossen,2026-09-27
A03803,E10455,T-003,2026-08-04,2026-10-03,Abgeschlossen,2026-09-19
A03804,E10455,T-004,2026-06-11,2026-07-11,In Bearbeitung,
A03805,E10455,T-005,2026-02-22,2026-04-23,Abgeschlossen,2026-02-28
A03806,E10455,T-010,2019-01-11,2019-03-12,Abgeschlossen,2019-02-07
A03807,E10455,T-006,2026-09-11,2026-11-10,In Bearbeitung,
A03808,E10456,T-001,2026-03-31,2026-05-30,Abgeschlossen,2026-05-20
A03809,E10456,T-002,2026-06-26,2026-08-25,Abgeschlossen,2026-06-30
A03810,E10456,T-003,2026-10-04,2026-11-03,In Bearbeitung,
A03811,E10456,T-004,2026-06-07,2026-07-22,In Bearbeitung,
A03812,E10456,T-005,2026-09-11,2026-10-11,Abgeschlossen,2026-09-25
A03813,E10456,T-010,2019-01-09,2019-03-10,Abgeschlossen,2019-01-11
A03814,E10456,T-006,2026-09-24,2026-10-24,Abgeschlossen,2026-10-15
A03815,E10457,T-001,2026-04-14,2026-05-14,Abgeschlossen,2026-05-01
A03816,E10457,T-002,2026-03-23,2026-06-21,In Bearbeitung,
A03817,E10457,T-003,2026-09-25,2026-12-24,Zugewiesen,
A03818,E10457,T-004,2026-06-12,2026-07-27,In Bearbeitung,
A03819,E10457,T-005,2026-06-18,2026-08-17,Abgeschlossen,2026-06-21
A03820,E10457,T-010,2025-06-19,2025-08-18,Abgeschlossen,2025-07-28
A03821,E10457,T-006,2026-09-29,2026-12-28,Zugewiesen,
A03822,E10457,T-017,2026-05-08,2026-09-05,Zugewiesen,
A03823,E10458,T-001,2026-03-30,2026-04-29,Abgeschlossen,2026-03-31
A03824,E10458,T-002,2026-10-04,2027-01-02,In Bearbeitung,
A03825,E10458,T-003,2026-02-18,2026-05-19,Abgeschlossen,2026-02-27
A03826,E10458,T-004,2026-06-05,2026-08-04,In Bearbeitung,
A03827,E10458,T-005,2026-10-12,2026-12-11,Abgeschlossen,2026-11-01
A03828,E10458,T-010,2019-01-15,2019-03-16,In Bearbeitung,
A03829,E10458,T-006,2026-05-28,2026-06-27,Abgeschlossen,2026-06-27
A03830,E10458,T-014,2026-01-31,2026-04-01,Abgeschlossen,2026-03-05
A03831,E10459,T-001,2026-08-28,2026-09-27,Abgeschlossen,2026-10-02
A03832,E10459,T-002,2026-06-24,2026-09-22,Zugewiesen,
A03833,E10459,T-003,2026-01-19,2026-03-20,Abgeschlossen,2026-02-16
A03834,E10459,T-004,2026-06-07,2026-07-07,Abgeschlossen,2026-07-17
A03835,E10459,T-005,2026-03-26,2026-06-24,Abgeschlossen,2026-05-03
A03836,E10459,T-010,2025-02-03,2025-04-04,Abgeschlossen,2025-04-02
A03837,E10459,T-006,2026-03-16,2026-06-14,Abgeschlossen,2026-05-24
A03838,E10459,T-017,2026-09-10,2027-01-08,In Bearbeitung,
A03839,E10460,T-001,2025-12-21,2026-02-19,Abgeschlossen,2026-01-01
A03840,E10460,T-002,2026-07-08,2026-09-06,Abgeschlossen,2026-08-21
A03841,E10460,T-003,2026-08-10,2026-09-09,Abgeschlossen,2026-09-16
A03842,E10460,T-004,2026-06-12,2026-07-27,Zugewiesen,
A03843,E10460,T-005,2026-03-19,2026-06-17,Abgeschlossen,2026-05-28
A03844,E10460,T-010,2019-01-05,2019-03-06,Abgeschlossen,2019-03-05
A03845,E10460,T-006,2026-07-04,2026-09-02,Abgeschlossen,2026-09-07
A03846,E10461,T-001,2026-04-17,2026-06-16,Abgeschlossen,2026-06-19
A03847,E10461,T-002,2026-04-01,2026-05-31,Abgeschlossen,2026-04-09
A03848,E10461,T-003,2026-06-23,2026-07-23,In Bearbeitung,
A03849,E10461,T-004,2026-06-11,2026-07-26,Abgeschlossen,2026-08-05
A03850,E10461,T-005,2026-02-06,2026-03-08,Abgeschlossen,2026-02-09
A03851,E10461,T-010,2019-01-12,2019-03-13,Abgeschlossen,2019-02-06
A03852,E10461,T-006,2026-05-21,2026-06-20,Abgeschlossen,2026-05-22
A03853,E10462,T-001,2026-03-21,2026-05-20,Abgeschlossen,2026-04-19
A03854,E10462,T-002,2026-06-23,2026-08-22,Abgeschlossen,2026-07-26
A03855,E10462,T-003,2026-04-17,2026-07-16,Abgeschlossen,2026-04-22
A03856,E10462,T-004,2026-06-08,2026-08-07,Abgeschlossen,2026-08-12
A03857,E10462,T-005,2026-02-14,2026-04-15,Abgeschlossen,2026-03-03
A03858,E10462,T-010,2019-01-15,2019-03-16,Abgeschlossen,2019-01-18
A03859,E10462,T-006,2026-05-11,2026-07-10,Zugewiesen,
A03860,E10463,T-001,2026-08-31,2026-09-30,Abgeschlossen,2026-09-25
A03861,E10463,T-002,2026-07-08,2026-09-06,In Bearbeitung,
A03862,E10463,T-003,2026-07-25,2026-08-24,Abgeschlossen,2026-08-23
A03863,E10463,T-004,2026-06-12,2026-07-27,Abgeschlossen,2026-06-17
A03864,E10463,T-005,2026-09-10,2026-11-09,Abgeschlossen,2026-10-07
A03865,E10463,T-010,2019-01-02,2019-03-03,Abgeschlossen,2019-03-04
A03866,E10463,T-006,2026-08-23,2026-09-22,Abgeschlossen,2026-08-29
A03867,E10463,T-014,2026-07-13,2026-11-10,In Bearbeitung,
A03868,E10463,T-017,2026-05-27,2026-07-26,In Bearbeitung,
A03869,E10464,T-001,2026-06-20,2026-08-19,Abgeschlossen,2026-08-29
A03870,E10464,T-002,2026-04-04,2026-07-03,Zugewiesen,
A03871,E10464,T-003,2026-03-29,2026-05-28,Zugewiesen,
A03872,E10464,T-004,2026-06-07,2026-08-06,Abgeschlossen,2026-07-04
A03873,E10464,T-005,2026-07-26,2026-08-25,Abgeschlossen,2026-08-05
A03874,E10464,T-010,2020-10-21,2020-12-20,Abgeschlossen,2020-12-15
A03875,E10464,T-006,2026-03-12,2026-06-10,Abgeschlossen,2026-03-21
A03876,E10464,T-014,2026-01-03,2026-03-04,Abgeschlossen,2026-02-20
A03877,E10465,T-001,2026-09-05,2026-11-04,Abgeschlossen,2026-09-06
A03878,E10465,T-002,2026-01-15,2026-02-14,Abgeschlossen,2026-01-16
A03879,E10465,T-003,2026-08-14,2026-10-13,Abgeschlossen,2026-09-04
A03880,E10465,T-004,2026-06-12,2026-08-11,Zugewiesen,
A03881,E10465,T-005,2026-08-13,2026-09-12,Abgeschlossen,2026-09-07
A03882,E10465,T-010,2019-01-05,2019-03-06,Abgeschlossen,2019-01-09
A03883,E10465,T-006,2026-08-12,2026-11-10,Zugewiesen,
A03884,E10465,T-015,2026-02-07,2026-06-07,Abgeschlossen,2026-09-26
A03885,E10466,T-001,2026-05-29,2026-06-28,Abgeschlossen,2026-06-26
A03886,E10466,T-002,2026-05-10,2026-07-09,Abgeschlossen,2026-05-19
A03887,E10466,T-003,2026-01-02,2026-04-02,Abgeschlossen,2026-03-20
A03888,E10466,T-004,2026-06-11,2026-08-10,Zugewiesen,
A03889,E10466,T-005,2026-04-08,2026-06-07,Abgeschlossen,2026-05-22
A03890,E10466,T-010,2020-04-03,2020-06-02,Abgeschlossen,2020-05-16
A03891,E10466,T-006,2026-06-09,2026-08-08,Abgeschlossen,2026-07-18
A03892,E10467,T-001,2026-05-16,2026-08-14,Abgeschlossen,2026-08-17
A03893,E10467,T-002,2026-08-27,2026-10-26,Abgeschlossen,2026-10-16
A03894,E10467,T-003,2026-07-27,2026-10-25,Abgeschlossen,2026-09-26
A03895,E10467,T-004,2026-06-09,2026-07-24,Abgeschlossen,2026-06-29
A03896,E10467,T-005,2026-09-24,2026-11-23,Abgeschlossen,2026-10-05
A03897,E10467,T-010,2019-01-14,2019-03-15,Abgeschlossen,2019-02-24
A03898,E10467,T-006,2026-05-24,2026-06-23,Abgeschlossen,2026-05-31
A03899,E10468,T-001,2026-05-13,2026-06-12,Abgeschlossen,2026-05-21
A03900,E10468,T-002,2026-08-31,2026-10-30,Abgeschlossen,2026-10-24
A03901,E10468,T-003,2026-04-20,2026-07-19,Abgeschlossen,2026-07-19
A03902,E10468,T-004,2026-06-12,2026-07-27,Abgeschlossen,2026-07-04
A03903,E10468,T-005,2026-02-12,2026-04-13,Zugewiesen,
A03904,E10468,T-010,2019-01-06,2019-03-07,Abgeschlossen,2019-03-14
A03905,E10468,T-006,2026-01-05,2026-03-06,Abgeschlossen,2026-02-14
A03906,E10469,T-001,2026-07-20,2026-10-18,Abgeschlossen,2026-08-19
A03907,E10469,T-002,2026-02-24,2026-04-25,Abgeschlossen,2026-02-26
A03908,E10469,T-003,2026-03-11,2026-05-10,Zugewiesen,
A03909,E10469,T-004,2026-06-06,2026-07-06,In Bearbeitung,
A03910,E10469,T-005,2026-04-15,2026-06-14,Abgeschlossen,2026-06-02
A03911,E10469,T-010,2021-09-09,2021-11-08,Abgeschlossen,2021-09-27
A03912,E10469,T-006,2026-06-22,2026-09-20,Abgeschlossen,2026-09-06
A03913,E10469,T-014,2026-04-10,2026-07-09,Abgeschlossen,2026-09-23
A03914,E10470,T-001,2026-03-30,2026-05-29,Abgeschlossen,2026-04-06
A03915,E10470,T-002,2026-07-14,2026-09-12,Abgeschlossen,2026-08-07
A03916,E10470,T-003,2026-01-22,2026-04-22,Abgeschlossen,2026-02-23
A03917,E10470,T-004,2026-06-12,2026-07-12,Abgeschlossen,2026-07-19
A03918,E10470,T-005,2026-01-04,2026-02-03,Zugewiesen,
A03919,E10470,T-010,2019-01-05,2019-03-06,Abgeschlossen,2019-01-17
A03920,E10470,T-006,2025-12-24,2026-02-22,Abgeschlossen,2026-02-27
A03921,E10471,T-001,2026-07-27,2026-08-26,Abgeschlossen,2026-08-02
A03922,E10471,T-002,2025-12-10,2026-02-08,Abgeschlossen,2026-01-29
A03923,E10471,T-003,2026-04-25,2026-06-24,Abgeschlossen,2026-05-27
A03924,E10471,T-004,2026-06-06,2026-07-06,In Bearbeitung,
A03925,E10471,T-005,2026-02-09,2026-03-11,Abgeschlossen,2026-02-10
A03926,E10471,T-010,2019-01-11,2019-03-12,Abgeschlossen,2019-03-01
A03927,E10471,T-006,2026-02-11,2026-04-12,Abgeschlossen,2026-04-04
A03928,E10471,T-013,2026-03-12,2026-06-10,In Bearbeitung,
A03929,E10472,T-001,2026-01-03,2026-03-04,Abgeschlossen,2026-03-11
A03930,E10472,T-002,2026-04-25,2026-06-24,Abgeschlossen,2026-06-26
A03931,E10472,T-003,2026-09-25,2026-10-25,Abgeschlossen,2026-10-22
A03932,E10472,T-004,2026-06-08,2026-07-23,In Bearbeitung,
A03933,E10472,T-005,2026-02-05,2026-04-06,Abgeschlossen,2026-03-26
A03934,E10472,T-010,2019-01-07,2019-03-08,Abgeschlossen,2019-03-12
A03935,E10472,T-006,2026-04-23,2026-05-23,Abgeschlossen,2026-05-26
A03936,E10472,T-013,2026-03-27,2026-05-26,Abgeschlossen,2026-05-23
A03937,E10473,T-001,2026-04-06,2026-07-05,Abgeschlossen,2026-07-05
A03938,E10473,T-002,2026-06-04,2026-07-04,Abgeschlossen,2026-06-15
A03939,E10473,T-003,2026-03-20,2026-05-19,Abgeschlossen,2026-03-31
A03940,E10473,T-004,2026-06-07,2026-08-06,In Bearbeitung,
A03941,E10473,T-005,2026-07-29,2026-09-27,Abgeschlossen,2026-09-16
A03942,E10473,T-010,2019-01-07,2019-03-08,Abgeschlossen,2019-02-05
A03943,E10473,T-006,2026-06-02,2026-08-01,Abgeschlossen,2026-07-29
A03944,E10473,T-014,2026-04-17,2026-07-16,Abgeschlossen,2026-09-08
A03945,E10474,T-001,2026-05-02,2026-06-01,Abgeschlossen,2026-05-09
A03946,E10474,T-002,2026-01-28,2026-03-29,Abgeschlossen,2026-02-06
A03947,E10474,T-003,2026-03-22,2026-04-21,Abgeschlossen,2026-04-02
A03948,E10474,T-004,2026-06-06,2026-07-06,Abgeschlossen,2026-06-08
A03949,E10474,T-005,2026-05-02,2026-07-31,Abgeschlossen,2026-05-04
A03950,E10474,T-010,2019-01-02,2019-03-03,Abgeschlossen,2019-02-22
A03951,E10474,T-006,2026-01-01,2026-03-02,Abgeschlossen,2026-02-21
A03952,E10475,T-001,2026-09-16,2026-11-15,Zugewiesen,
A03953,E10475,T-002,2026-04-24,2026-06-23,Abgeschlossen,2026-06-28
A03954,E10475,T-003,2026-09-08,2026-12-07,Abgeschlossen,2026-10-17
A03955,E10475,T-004,2026-06-10,2026-07-25,In Bearbeitung,
A03956,E10475,T-005,2026-10-12,2027-01-10,Abgeschlossen,2026-10-18
A03957,E10475,T-010,2019-01-07,2019-03-08,Abgeschlossen,2019-02-21
A03958,E10475,T-006,2025-12-29,2026-03-29,Abgeschlossen,2025-12-31
A03959,E10475,T-015,2025-12-06,2026-04-05,Abgeschlossen,2026-07-30
A03960,E10476,T-001,2026-06-06,2026-08-05,Abgeschlossen,2026-06-24
A03961,E10476,T-002,2026-08-14,2026-11-12,In Bearbeitung,
A03962,E10476,T-003,2026-03-22,2026-05-21,Abgeschlossen,2026-04-24
A03963,E10476,T-004,2026-06-08,2026-08-07,Zugewiesen,
A03964,E10476,T-005,2026-06-22,2026-09-20,Abgeschlossen,2026-07-22
A03965,E10476,T-010,2019-01-12,2019-03-13,Abgeschlossen,2019-03-20
A03966,E10476,T-006,2026-05-19,2026-08-17,Abgeschlossen,2026-08-13
A03967,E10477,T-001,2026-03-22,2026-05-21,Abgeschlossen,2026-05-13
A03968,E10477,T-002,2026-03-06,2026-04-05,Abgeschlossen,2026-03-27
A03969,E10477,T-003,2026-02-26,2026-03-28,Abgeschlossen,2026-03-23
A03970,E10477,T-004,2026-06-12,2026-07-27,In Bearbeitung,
A03971,E10477,T-005,2026-04-11,2026-06-10,Zugewiesen,
A03972,E10477,T-010,2019-01-02,2019-03-03,Abgeschlossen,2019-02-03
A03973,E10477,T-006,2026-09-02,2026-12-01,In Bearbeitung,
A03974,E10477,T-015,2025-12-11,2026-02-09,Abgeschlossen,2026-02-16
A03975,E10477,T-017,2026-05-31,2026-07-30,In Bearbeitung,
A03976,E10478,T-001,2026-02-05,2026-03-07,Abgeschlossen,2026-02-10
A03977,E10478,T-002,2026-09-08,2026-11-07,In Bearbeitung,
A03978,E10478,T-003,2026-09-21,2026-11-20,Zugewiesen,
A03979,E10478,T-004,2026-06-08,2026-07-23,Abgeschlossen,2026-06-29
A03980,E10478,T-005,2026-02-09,2026-04-10,Abgeschlossen,2026-03-02
A03981,E10478,T-010,2019-01-03,2019-03-04,Abgeschlossen,2019-02-19
A03982,E10478,T-006,2026-06-18,2026-09-16,Zugewiesen,
A03983,E10479,T-001,2026-04-14,2026-07-13,Abgeschlossen,2026-06-27
A03984,E10479,T-002,2026-01-30,2026-03-01,Abgeschlossen,2026-02-06
A03985,E10479,T-003,2026-07-07,2026-10-05,In Bearbeitung,
A03986,E10479,T-004,2026-06-12,2026-07-12,Zugewiesen,
A03987,E10479,T-005,2026-08-07,2026-09-06,Abgeschlossen,2026-08-16
A03988,E10479,T-010,2019-01-14,2019-03-15,Abgeschlossen,2019-02-21
A03989,E10479,T-006,2026-08-23,2026-09-22,Abgeschlossen,2026-09-27
A03990,E10480,T-001,2026-04-26,2026-07-25,Abgeschlossen,2026-05-27
A03991,E10480,T-002,2026-06-26,2026-07-26,Abgeschlossen,2026-06-27
A03992,E10480,T-003,2026-03-14,2026-04-13,Abgeschlossen,2026-03-29
A03993,E10480,T-004,2026-06-11,2026-07-11,Zugewiesen,
A03994,E10480,T-005,2026-03-07,2026-06-05,Abgeschlossen,2026-05-27
A03995,E10480,T-010,2021-07-14,2021-09-12,Abgeschlossen,2021-09-07
A03996,E10480,T-006,2026-08-23,2026-10-22,Zugewiesen,
A03997,E10480,T-017,2026-01-11,2026-05-11,Abgeschlossen,2026-02-25
A03998,E10481,T-001,2025-12-28,2026-02-26,Abgeschlossen,2026-03-05
A03999,E10481,T-002,2026-03-13,2026-06-11,Abgeschlossen,2026-05-10
A04000,E10481,T-003,2026-06-25,2026-07-25,Abgeschlossen,2026-08-02
A04001,E10481,T-004,2026-06-08,2026-07-08,Abgeschlossen,2026-07-02
A04002,E10481,T-005,2026-03-12,2026-05-11,Abgeschlossen,2026-05-09
A04003,E10481,T-010,2019-01-04,2019-03-05,Abgeschlossen,2019-01-29
A04004,E10481,T-006,2026-07-30,2026-10-28,Abgeschlossen,2026-10-13
A04005,E10481,T-016,2026-07-06,2026-11-03,In Bearbeitung,
A04006,E10482,T-001,2025-12-11,2026-02-09,Abgeschlossen,2026-01-22
A04007,E10482,T-002,2026-05-21,2026-07-20,Abgeschlossen,2026-05-24
A04008,E10482,T-003,2026-08-15,2026-11-13,In Bearbeitung,
A04009,E10482,T-004,2026-06-06,2026-07-06,Abgeschlossen,2026-06-16
A04010,E10482,T-005,2026-01-15,2026-04-15,Abgeschlossen,2026-02-28
A04011,E10482,T-010,2019-01-11,2019-03-12,Abgeschlossen,2019-03-16
A04012,E10482,T-006,2026-10-05,2026-12-04,Abgeschlossen,2026-10-17
A04013,E10482,T-016,2026-04-25,2026-07-24,Zugewiesen,
A04014,E10483,T-001,2026-03-14,2026-05-13,Abgeschlossen,2026-04-02
A04015,E10483,T-002,2026-02-23,2026-05-24,Abgeschlossen,2026-03-05
A04016,E10483,T-003,2026-01-03,2026-02-02,Abgeschlossen,2026-01-18
A04017,E10483,T-004,2026-06-11,2026-07-26,Zugewiesen,
A04018,E10483,T-005,2026-02-25,2026-03-27,Abgeschlossen,2026-04-01
A04019,E10483,T-010,2019-01-07,2019-03-08,Abgeschlossen,2019-03-15
A04020,E10483,T-006,2026-01-18,2026-04-18,Abgeschlossen,2026-02-19
A04021,E10484,T-001,2026-02-26,2026-04-27,Abgeschlossen,2026-04-29
A04022,E10484,T-002,2026-06-13,2026-09-11,Abgeschlossen,2026-08-22
A04023,E10484,T-003,2026-06-27,2026-09-25,Abgeschlossen,2026-09-16
A04024,E10484,T-004,2026-06-11,2026-07-26,Zugewiesen,
A04025,E10484,T-005,2026-06-25,2026-08-24,Abgeschlossen,2026-08-31
A04026,E10484,T-010,2024-08-12,2024-10-11,Abgeschlossen,2024-09-25
A04027,E10484,T-006,2026-05-24,2026-07-23,Abgeschlossen,2026-07-04
A04028,E10484,T-017,2025-12-25,2026-03-25,Abgeschlossen,2026-06-04
A04029,E10485,T-001,2026-03-21,2026-04-20,In Bearbeitung,
A04030,E10485,T-002,2026-06-29,2026-08-28,Abgeschlossen,2026-08-19
A04031,E10485,T-003,2026-05-14,2026-07-13,Abgeschlossen,2026-07-23
A04032,E10485,T-004,2026-06-10,2026-07-10,In Bearbeitung,
A04033,E10485,T-005,2026-07-04,2026-10-02,Abgeschlossen,2026-10-01
A04034,E10485,T-010,2019-01-03,2019-03-04,Abgeschlossen,2019-03-07
A04035,E10485,T-006,2026-07-06,2026-08-05,Abgeschlossen,2026-07-23
A04036,E10486,T-001,2026-09-12,2026-12-11,Abgeschlossen,2026-10-21
A04037,E10486,T-002,2026-04-19,2026-05-19,Abgeschlossen,2026-04-26
A04038,E10486,T-003,2025-12-16,2026-01-15,Abgeschlossen,2025-12-20
A04039,E10486,T-004,2026-06-07,2026-08-06,Abgeschlossen,2026-07-23
A04040,E10486,T-005,2026-03-20,2026-04-19,Abgeschlossen,2026-04-14
A04041,E10486,T-010,2019-12-04,2020-02-02,Abgeschlossen,2019-12-13
A04042,E10486,T-006,2026-08-09,2026-09-08,Abgeschlossen,2026-08-14
A04043,E10486,T-017,2026-06-19,2026-09-17,Abgeschlossen,2026-09-27
A04044,E10487,T-001,2026-02-06,2026-03-08,Abgeschlossen,2026-02-24
A04045,E10487,T-002,2026-09-06,2026-12-05,Abgeschlossen,2026-10-28
A04046,E10487,T-003,2026-07-09,2026-08-08,Abgeschlossen,2026-08-08
A04047,E10487,T-004,2026-06-06,2026-08-05,In Bearbeitung,
A04048,E10487,T-005,2026-01-06,2026-03-07,Abgeschlossen,2026-01-30
A04049,E10487,T-010,2025-05-29,2025-07-28,Abgeschlossen,2025-08-04
A04050,E10487,T-006,2026-01-31,2026-03-02,Abgeschlossen,2026-03-09
A04051,E10487,T-017,2026-02-08,2026-06-08,Abgeschlossen,2026-02-19
A04052,E10488,T-001,2026-07-23,2026-10-21,Abgeschlossen,2026-09-11
A04053,E10488,T-002,2025-12-28,2026-03-28,Abgeschlossen,2026-02-25
A04054,E10488,T-003,2026-08-07,2026-09-06,Abgeschlossen,2026-08-25
A04055,E10488,T-004,2026-06-09,2026-08-08,In Bearbeitung,
A04056,E10488,T-005,2026-09-17,2026-12-16,Abgeschlossen,2026-10-24
A04057,E10488,T-010,2019-01-04,2019-03-05,Abgeschlossen,2019-01-11
A04058,E10488,T-006,2026-05-16,2026-06-15,Abgeschlossen,2026-06-07
A04059,E10489,T-001,2026-03-06,2026-04-05,Abgeschlossen,2026-03-31
A04060,E10489,T-002,2026-02-06,2026-03-08,Abgeschlossen,2026-03-12
A04061,E10489,T-003,2026-04-22,2026-06-21,Abgeschlossen,2026-06-08
A04062,E10489,T-004,2026-06-07,2026-08-06,Abgeschlossen,2026-06-09
A04063,E10489,T-005,2026-04-25,2026-05-25,Abgeschlossen,2026-05-02
A04064,E10489,T-010,2019-01-13,2019-03-14,Abgeschlossen,2019-02-23
A04065,E10489,T-006,2025-12-14,2026-02-12,Abgeschlossen,2025-12-28
A04066,E10489,T-017,2026-03-31,2026-07-29,Abgeschlossen,2026-07-23
A04067,E10490,T-001,2026-06-28,2026-09-26,Abgeschlossen,2026-09-07
A04068,E10490,T-002,2026-08-22,2026-10-21,Zugewiesen,
A04069,E10490,T-003,2026-07-03,2026-09-01,Abgeschlossen,2026-09-08
A04070,E10490,T-004,2026-06-09,2026-07-09,Zugewiesen,
A04071,E10490,T-005,2026-09-03,2026-12-02,Abgeschlossen,2026-10-24
A04072,E10490,T-010,2019-12-07,2020-02-05,Abgeschlossen,2020-01-18
A04073,E10490,T-006,2026-07-19,2026-09-17,Abgeschlossen,2026-09-05
A04074,E10490,T-015,2026-06-11,2026-08-10,Zugewiesen,
A04075,E10491,T-001,2026-09-29,2026-11-28,Zugewiesen,
A04076,E10491,T-002,2026-08-20,2026-10-19,Abgeschlossen,2026-10-03
A04077,E10491,T-003,2026-02-20,2026-03-22,Abgeschlossen,2026-03-04
A04078,E10491,T-004,2026-06-06,2026-07-06,Abgeschlossen,2026-07-12
A04079,E10491,T-005,2026-08-18,2026-11-16,In Bearbeitung,
A04080,E10491,T-010,2024-08-23,2024-10-22,Abgeschlossen,2024-09-26
A04081,E10491,T-006,2026-03-18,2026-05-17,Abgeschlossen,2026-04-20
A04082,E10491,T-014,2026-10-01,2027-01-29,In Bearbeitung,
A04083,E10492,T-001,2026-02-22,2026-04-23,Abgeschlossen,2026-03-25
A04084,E10492,T-002,2026-09-27,2026-11-26,Zugewiesen,
A04085,E10492,T-003,2026-02-04,2026-03-06,Abgeschlossen,2026-03-07
A04086,E10492,T-004,2026-06-09,2026-07-09,In Bearbeitung,
A04087,E10492,T-005,2026-03-07,2026-04-06,Abgeschlossen,2026-03-11
A04088,E10492,T-010,2019-04-20,2019-06-19,Abgeschlossen,2019-05-25
A04089,E10492,T-006,2026-01-10,2026-03-11,In Bearbeitung,
A04090,E10492,T-015,2026-03-01,2026-04-30,Abgeschlossen,2026-03-22
A04091,E10493,T-001,2026-01-09,2026-02-08,Abgeschlossen,2026-02-17
A04092,E10493,T-002,2025-12-27,2026-03-27,Abgeschlossen,2026-01-25
A04093,E10493,T-003,2026-06-08,2026-08-07,Abgeschlossen,2026-07-29
A04094,E10493,T-004,2026-06-06,2026-07-21,Zugewiesen,
A04095,E10493,T-005,2025-12-30,2026-03-30,Abgeschlossen,2026-01-12
A04096,E10493,T-010,2019-01-01,2019-03-02,Abgeschlossen,2019-01-02
A04097,E10493,T-006,2025-12-04,2026-03-04,Zugewiesen,
A04098,E10494,T-001,2026-06-29,2026-08-28,Abgeschlossen,2026-07-21
A04099,E10494,T-002,2026-02-17,2026-03-19,Abgeschlossen,2026-03-16
A04100,E10494,T-003,2026-07-02,2026-08-01,Abgeschlossen,2026-08-01
A04101,E10494,T-004,2026-06-06,2026-07-06,Abgeschlossen,2026-07-05
A04102,E10494,T-005,2026-06-04,2026-09-02,Abgeschlossen,2026-07-20
A04103,E10494,T-010,2019-01-12,2019-03-13,Abgeschlossen,2019-02-24
A04104,E10494,T-006,2026-06-07,2026-09-05,Abgeschlossen,2026-09-14
A04105,E10494,T-015,2026-02-02,2026-04-03,Zugewiesen,
A04106,E10494,T-017,2026-05-22,2026-09-19,In Bearbeitung,
A04107,E10495,T-001,2026-01-09,2026-03-10,Abgeschlossen,2026-01-15
A04108,E10495,T-002,2026-06-11,2026-08-10,Abgeschlossen,2026-07-25
A04109,E10495,T-003,2026-06-18,2026-07-18,Abgeschlossen,2026-06-22
A04110,E10495,T-004,2026-06-09,2026-07-09,In Bearbeitung,
A04111,E10495,T-005,2026-03-07,2026-05-06,Abgeschlossen,2026-05-04
A04112,E10495,T-010,2019-01-05,2019-03-06,Abgeschlossen,2019-01-14
A04113,E10495,T-006,2026-05-24,2026-07-23,Abgeschlossen,2026-06-12
A04114,E10496,T-001,2026-02-25,2026-05-26,Abgeschlossen,2026-05-25
A04115,E10496,T-002,2026-02-22,2026-05-23,Abgeschlossen,2026-05-02
A04116,E10496,T-003,2026-02-01,2026-03-03,Abgeschlossen,2026-03-08
A04117,E10496,T-004,2026-06-06,2026-07-21,Zugewiesen,
A04118,E10496,T-005,2026-05-22,2026-06-21,Abgeschlossen,2026-06-11
A04119,E10496,T-010,2019-01-03,2019-03-04,Abgeschlossen,2019-01-28
A04120,E10496,T-006,2026-01-14,2026-03-15,Abgeschlossen,2026-01-16
A04121,E10497,T-001,2025-12-14,2026-02-12,Abgeschlossen,
A04122,E10497,T-002,2025-12-23,2026-01-22,Abgeschlossen,2025-12-24
A04123,E10497,T-003,2026-07-01,2026-09-29,Abgeschlossen,2026-07-12
A04124,E10497,T-004,2026-06-05,2026-07-20,In Bearbeitung,
A04125,E10497,T-005,2025-12-24,2026-02-22,Abgeschlossen,2026-01-17
A04126,E10497,T-010,2019-01-09,2019-03-10,Abgeschlossen,2019-03-16
A04127,E10497,T-006,2025-12-28,2026-03-28,Abgeschlossen,2026-03-28
A04128,E10497,T-017,2026-08-01,2026-10-30,Zugewiesen,
A04129,E10498,T-001,2026-05-14,2026-07-13,Abgeschlossen,2026-06-28
A04130,E10498,T-002,2026-06-10,2026-08-09,Abgeschlossen,2026-07-29
A04131,E10498,T-003,2025-12-02,2026-01-01,Abgeschlossen,2026-01-01
A04132,E10498,T-004,2026-06-09,2026-07-09,Zugewiesen,
A04133,E10498,T-005,2026-08-09,2026-09-08,Abgeschlossen,2026-08-31
A04134,E10498,T-010,2020-10-31,2020-12-30,Abgeschlossen,2020-11-10
A04135,E10498,T-006,2026-07-21,2026-10-19,Abgeschlossen,2026-10-12
A04136,E10499,T-001,2026-07-25,2026-09-23,Abgeschlossen,2026-08-16
A04137,E10499,T-002,2025-12-17,2026-03-17,Abgeschlossen,2026-02-20
A04138,E10499,T-003,2026-08-02,2026-09-01,Abgeschlossen,2026-08-11
A04139,E10499,T-004,2026-06-12,2026-07-27,Zugewiesen,
A04140,E10499,T-005,2026-09-15,2026-10-15,Abgeschlossen,2026-09-26
A04141,E10499,T-010,2019-01-05,2019-03-06,Abgeschlossen,2019-02-05
A04142,E10499,T-006,2026-07-13,2026-08-12,Zugewiesen,
A04143,E10500,T-001,2026-03-26,2026-04-25,Abgeschlossen,2026-04-07
A04144,E10500,T-002,2026-09-15,2026-11-14,Abgeschlossen,2026-10-13
A04145,E10500,T-003,2026-02-20,2026-04-21,Abgeschlossen,2026-04-20
A04146,E10500,T-004,2026-06-10,2026-08-09,In Bearbeitung,
A04147,E10500,T-005,2026-09-14,2026-10-14,Abgeschlossen,2026-09-19
A04148,E10500,T-010,2019-01-02,2019-03-03,Abgeschlossen,2019-02-14
A04149,E10500,T-006,2026-02-09,2026-03-11,Abgeschlossen,2026-03-02
A04150,E10500,T-017,2026-05-05,2026-07-04,Zugewiesen,
A04151,E10501,T-001,2026-04-10,2026-05-10,Abgeschlossen,2026-05-01
A04152,E10501,T-002,2026-04-14,2026-07-13,Zugewiesen,
A04153,E10501,T-003,2026-01-17,2026-03-18,Abgeschlossen,2026-03-18
A04154,E10501,T-004,2026-06-10,2026-07-25,Zugewiesen,
A04155,E10501,T-005,2026-08-11,2026-09-10,Abgeschlossen,2026-09-17
A04156,E10501,T-010,2019-01-10,2019-03-11,Zugewiesen,
A04157,E10501,T-006,2026-06-05,2026-08-04,Abgeschlossen,2026-07-02
A04158,E10502,T-001,2026-08-01,2026-09-30,Abgeschlossen,2026-08-07
A04159,E10502,T-002,2025-12-30,2026-03-30,Abgeschlossen,2026-03-02
A04160,E10502,T-003,2026-09-27,2026-12-26,Zugewiesen,
A04161,E10502,T-004,2026-06-10,2026-07-10,Abgeschlossen,2026-07-03
A04162,E10502,T-005,2025-12-04,2026-01-03,Abgeschlossen,2026-01-07
A04163,E10502,T-010,2019-01-13,2019-03-14,Abgeschlossen,2019-03-18
A04164,E10502,T-006,2026-04-07,2026-07-06,Abgeschlossen,2026-05-14
A04165,E10503,T-001,2026-06-13,2026-09-11,Abgeschlossen,2026-07-10
A04166,E10503,T-002,2026-01-31,2026-04-01,Abgeschlossen,2026-03-27
A04167,E10503,T-003,2026-05-17,2026-06-16,Abgeschlossen,2026-06-14
A04168,E10503,T-004,2026-06-09,2026-07-24,In Bearbeitung,
A04169,E10503,T-005,2026-02-09,2026-04-10,Abgeschlossen,2026-04-02
A04170,E10503,T-010,2024-10-09,2024-12-08,Abgeschlossen,2024-10-16
A04171,E10503,T-006,2026-07-28,2026-10-26,Abgeschlossen,2026-08-26
A04172,E10503,T-016,2026-08-09,2026-11-07,Zugewiesen,
A04173,E10504,T-001,2026-03-03,2026-05-02,Abgeschlossen,2026-03-11
A04174,E10504,T-002,2026-07-11,2026-09-09,Abgeschlossen,2026-08-16
A04175,E10504,T-003,2026-06-18,2026-09-16,Abgeschlossen,2026-07-01
A04176,E10504,T-004,2026-06-07,2026-07-22,In Bearbeitung,
A04177,E10504,T-005,2026-01-24,2026-03-25,Abgeschlossen,2026-02-24
A04178,E10504,T-010,2019-01-13,2019-03-14,Abgeschlossen,2019-02-06
A04179,E10504,T-006,2026-07-13,2026-10-11,Abgeschlossen,2026-09-22
A04180,E10504,T-015,2026-06-26,2026-10-24,Abgeschlossen,2026-09-07
A04181,E10504,T-017,2026-04-14,2026-06-13,Zugewiesen,
A04182,E10505,T-001,2026-01-02,2026-04-02,Abgeschlossen,2026-02-01
A04183,E10505,T-002,2026-01-02,2026-03-03,Abgeschlossen,2026-01-26
A04184,E10505,T-003,2026-04-14,2026-07-13,Abgeschlossen,2026-06-05
A04185,E10505,T-004,2026-06-10,2026-07-25,Abgeschlossen,2026-07-28
A04186,E10505,T-005,2026-09-17,2026-11-16,Abgeschlossen,2026-10-12
A04187,E10505,T-010,2020-02-15,2020-04-15,Abgeschlossen,2020-03-19
A04188,E10505,T-006,2026-03-23,2026-06-21,Abgeschlossen,2026-04-27
A04189,E10505,T-017,2026-09-30,2027-01-28,In Bearbeitung,
A04190,E10506,T-001,2025-12-27,2026-01-26,Abgeschlossen,2026-01-29
A04191,E10506,T-002,2026-02-21,2026-03-23,Abgeschlossen,2026-03-31
A04192,E10506,T-003,2026-02-07,2026-04-08,Abgeschlossen,2026-02-24
A04193,E10506,T-004,2026-06-08,2026-07-23,Zugewiesen,
A04194,E10506,T-005,2026-04-24,2026-05-24,Abgeschlossen,2026-05-01
A04195,E10506,T-010,2019-01-02,2019-03-03,In Bearbeitung,
A04196,E10506,T-006,2026-02-05,2026-05-06,Abgeschlossen,2026-04-21
A04197,E10507,T-001,2026-03-19,2026-04-18,Abgeschlossen,2026-03-28
A04198,E10507,T-002,2026-09-20,2026-10-20,Abgeschlossen,2026-09-23
A04199,E10507,T-003,2026-03-25,2026-06-23,Abgeschlossen,2026-04-11
A04200,E10507,T-004,2026-06-10,2026-07-10,Abgeschlossen,2026-07-17
A04201,E10507,T-005,2026-08-05,2026-09-04,Abgeschlossen,2026-09-14
A04202,E10507,T-010,2019-01-11,2019-03-12,Abgeschlossen,2019-01-20
A04203,E10507,T-006,2026-01-08,2026-02-07,Abgeschlossen,2026-01-29
A04204,E10507,T-016,2026-06-17,2026-09-15,Abgeschlossen,2026-10-26
A04205,E10508,T-001,2026-01-13,2026-02-12,Abgeschlossen,2026-01-31
A04206,E10508,T-002,2026-05-07,2026-07-06,Abgeschlossen,2026-06-09
A04207,E10508,T-003,2026-01-07,2026-04-07,Zugewiesen,
A04208,E10508,T-004,2026-06-09,2026-08-08,Abgeschlossen,2026-06-22
A04209,E10508,T-005,2026-02-02,2026-05-03,Abgeschlossen,2026-03-15
A04210,E10508,T-010,2024-09-28,2024-11-27,Abgeschlossen,2024-11-14
A04211,E10508,T-006,2026-09-03,2026-11-02,In Bearbeitung,
A04212,E10508,T-016,2026-01-27,2026-05-27,In Bearbeitung,
A04213,E10509,T-001,2026-03-13,2026-05-12,Abgeschlossen,2026-03-30
A04214,E10509,T-002,2026-04-25,2026-07-24,Abgeschlossen,2026-06-02
A04215,E10509,T-003,2026-01-12,2026-04-12,Abgeschlossen,2026-04-09
A04216,E10509,T-004,2026-06-07,2026-07-07,Abgeschlossen,2026-07-02
A04217,E10509,T-005,2026-04-05,2026-07-04,Abgeschlossen,2026-04-13
A04218,E10509,T-010,2019-01-11,2019-03-12,Abgeschlossen,2019-02-14
A04219,E10509,T-006,2025-12-20,2026-01-19,Abgeschlossen,2026-01-29
A04220,E10510,T-001,2026-02-12,2026-05-13,Abgeschlossen,2026-05-07
A04221,E10510,T-002,2026-04-30,2026-07-29,Abgeschlossen,2026-06-28
A04222,E10510,T-003,2025-12-18,2026-03-18,Abgeschlossen,2026-02-20
A04223,E10510,T-004,2026-06-08,2026-08-07,Abgeschlossen,2026-06-15
A04224,E10510,T-005,2026-08-23,2026-10-22,Abgeschlossen,2026-09-04
A04225,E10510,T-010,2019-01-03,2019-03-04,Abgeschlossen,2019-02-16
A04226,E10510,T-006,2026-05-31,2026-08-29,Abgeschlossen,2026-07-22
A04227,E10511,T-001,2026-04-10,2026-07-09,Abgeschlossen,2026-07-06
A04228,E10511,T-002,2026-02-03,2026-05-04,Abgeschlossen,2026-03-22
A04229,E10511,T-003,2026-06-25,2026-08-24,Abgeschlossen,2026-07-10
A04230,E10511,T-004,2026-06-10,2026-07-10,Zugewiesen,
A04231,E10511,T-005,2026-06-27,2026-09-25,Abgeschlossen,2026-07-21
A04232,E10511,T-010,2019-01-15,2019-03-16,Abgeschlossen,2019-02-20
A04233,E10511,T-011,2026-07-02,2026-08-31,Abgeschlossen,2026-08-31
A04234,E10511,T-012,2026-06-07,2026-07-07,Abgeschlossen,2026-06-30
A04235,E10511,T-016,2026-02-14,2026-05-15,Abgeschlossen,2026-07-08
A04236,E10511,T-017,2026-02-24,2026-06-24,Zugewiesen,
A04237,E10511,T-013,2026-04-20,2026-07-19,Zugewiesen,
A04238,E10512,T-001,2026-10-10,2027-01-08,Zugewiesen,
A04239,E10512,T-002,2025-12-08,2026-01-07,Abgeschlossen,2026-01-02
A04240,E10512,T-003,2026-07-31,2026-08-30,Abgeschlossen,2026-08-01
A04241,E10512,T-004,2026-06-05,2026-07-20,In Bearbeitung,
A04242,E10512,T-005,2026-06-21,2026-09-19,Abgeschlossen,2026-06-29
A04243,E10512,T-010,2019-01-11,2019-03-12,Abgeschlossen,2019-02-12
A04244,E10512,T-011,2026-08-28,2026-10-27,Abgeschlossen,2026-09-22
A04245,E10512,T-012,2026-03-14,2026-06-12,Abgeschlossen,2026-05-03
A04246,E10513,T-001,2026-06-16,2026-07-16,Abgeschlossen,2026-06-29
A04247,E10513,T-002,2026-05-04,2026-08-02,Abgeschlossen,2026-07-06
A04248,E10513,T-003,2026-06-02,2026-08-31,Abgeschlossen,2026-06-30
A04249,E10513,T-004,2026-06-12,2026-07-12,In Bearbeitung,
A04250,E10513,T-005,2026-02-19,2026-04-20,Abgeschlossen,2026-02-24
A04251,E10513,T-010,2019-12-13,2020-02-11,Abgeschlossen,2020-01-25
A04252,E10513,T-011,2026-01-19,2026-03-20,Abgeschlossen,2026-03-25
A04253,E10513,T-012,2025-12-25,2026-02-23,Abgeschlossen,2026-03-03
A04254,E10513,T-017,2026-09-02,2026-12-01,Zugewiesen,
A04255,E10514,T-001,2026-08-31,2026-09-30,Abgeschlossen,2026-09-27
A04256,E10514,T-002,2026-05-23,2026-08-21,Abgeschlossen,2026-07-19
A04257,E10514,T-003,2026-03-13,2026-04-12,Abgeschlossen,2026-03-21
A04258,E10514,T-004,2026-06-11,2026-07-26,Zugewiesen,
A04259,E10514,T-005,2026-05-03,2026-07-02,Abgeschlossen,2026-07-06
A04260,E10514,T-010,2021-07-29,2021-09-27,Abgeschlossen,2021-08-02
A04261,E10514,T-011,2026-01-28,2026-04-28,Abgeschlossen,2026-02-16
A04262,E10514,T-012,2026-03-07,2026-06-05,Abgeschlossen,2026-05-12
A04263,E10515,T-001,2026-03-11,2026-05-10,Abgeschlossen,2026-04-08
A04264,E10515,T-002,2026-07-14,2026-08-13,Abgeschlossen,2026-08-05
A04265,E10515,T-003,2026-09-27,2026-12-26,Zugewiesen,
A04266,E10515,T-004,2026-06-05,2026-07-05,Abgeschlossen,2026-07-04
A04267,E10515,T-005,2026-03-24,2026-04-23,Abgeschlossen,2026-04-11
A04268,E10515,T-010,2019-01-11,2019-03-12,Abgeschlossen,2019-01-19
A04269,E10515,T-011,2026-01-18,2026-03-19,Zugewiesen,
A04270,E10515,T-012,2026-04-01,2026-05-31,Abgeschlossen,2026-04-24
A04271,E10515,T-014,2025-11-03,2026-01-02,Abgeschlossen,2025-12-23
A04272,E10516,T-001,2025-12-29,2026-03-29,Abgeschlossen,2026-01-05
A04273,E10516,T-002,2026-10-10,2026-12-09,Abgeschlossen,2026-10-24
A04274,E10516,T-003,2026-01-22,2026-04-22,Abgeschlossen,2026-02-12
A04275,E10516,T-004,2026-06-09,2026-08-08,Abgeschlossen,2026-07-18
A04276,E10516,T-005,2026-03-01,2026-03-31,Abgeschlossen,2026-03-20
A04277,E10516,T-010,2019-01-08,2019-03-09,Abgeschlossen,2019-02-19
A04278,E10516,T-011,2026-07-12,2026-09-10,Abgeschlossen,2026-08-30
A04279,E10516,T-012,2026-09-13,2026-11-12,In Bearbeitung,
A04280,E10516,T-015,2026-08-24,2026-10-23,Abgeschlossen,2026-10-28
A04281,E10517,T-001,2026-05-04,2026-06-03,Abgeschlossen,2026-06-02
A04282,E10517,T-002,2026-01-19,2026-03-20,Abgeschlossen,2026-01-28
A04283,E10517,T-003,2026-07-15,2026-09-13,Abgeschlossen,2026-09-06
A04284,E10517,T-004,2026-06-05,2026-07-20,Zugewiesen,
A04285,E10517,T-005,2026-07-19,2026-10-17,Abgeschlossen,2026-09-01
A04286,E10517,T-010,2025-11-01,2025-12-31,Abgeschlossen,2025-12-11
A04287,E10517,T-011,2026-03-16,2026-04-15,Abgeschlossen,2026-04-17
A04288,E10517,T-012,2026-09-26,2026-11-25,In Bearbeitung,
A04289,E10517,T-015,2026-08-10,2026-12-08,Zugewiesen,
A04290,E10518,T-001,2026-01-11,2026-03-12,Abgeschlossen,2026-01-24
A04291,E10518,T-002,2026-06-30,2026-08-29,Abgeschlossen,2026-07-22
A04292,E10518,T-003,2026-01-10,2026-02-09,Abgeschlossen,2026-01-12
A04293,E10518,T-004,2026-06-08,2026-07-08,In Bearbeitung,
A04294,E10518,T-005,2026-03-11,2026-05-10,Abgeschlossen,2026-04-16
A04295,E10518,T-010,2019-01-13,2019-03-14,Abgeschlossen,2019-02-19
A04296,E10518,T-011,2025-12-10,2026-01-09,Abgeschlossen,2025-12-30
A04297,E10518,T-012,2026-09-17,2026-10-17,Abgeschlossen,2026-09-18
A04298,E10518,T-016,2025-12-11,2026-02-09,Abgeschlossen,2026-02-08
A04299,E10519,T-001,2026-04-07,2026-06-06,Zugewiesen,
A04300,E10519,T-002,2026-04-02,2026-05-02,Abgeschlossen,2026-05-02
A04301,E10519,T-003,2026-04-22,2026-05-22,Abgeschlossen,2026-05-12
A04302,E10519,T-004,2026-06-07,2026-08-06,Abgeschlossen,2026-07-31
A04303,E10519,T-005,2025-12-30,2026-01-29,Abgeschlossen,2026-01-01
A04304,E10519,T-010,2019-01-12,2019-03-13,Abgeschlossen,2019-01-16
A04305,E10519,T-011,2026-08-11,2026-09-10,Abgeschlossen,2026-08-27
A04306,E10519,T-012,2026-01-18,2026-03-19,Abgeschlossen,2026-01-20
A04307,E10520,T-001,2026-02-20,2026-05-21,Abgeschlossen,2026-05-24
A04308,E10520,T-002,2026-06-21,2026-08-20,Zugewiesen,
A04309,E10520,T-003,2026-05-06,2026-07-05,Abgeschlossen,2026-06-17
A04310,E10520,T-004,2026-06-11,2026-07-11,In Bearbeitung,
A04311,E10520,T-005,2026-03-30,2026-06-28,Abgeschlossen,2026-04-01
A04312,E10520,T-010,2019-01-09,2019-03-10,Abgeschlossen,2019-03-19
A04313,E10520,T-011,2026-10-12,2026-12-11,Abgeschlossen,2026-10-26
A04314,E10520,T-012,2026-04-20,2026-05-20,Abgeschlossen,2026-05-06
A04315,E10521,T-001,2026-01-10,2026-02-09,Abgeschlossen,2026-02-02
A04316,E10521,T-002,2026-04-22,2026-07-21,Abgeschlossen,2026-07-15
A04317,E10521,T-003,2026-09-05,2026-11-04,Abgeschlossen,2026-10-05
A04318,E10521,T-004,2026-06-11,2026-08-10,In Bearbeitung,
A04319,E10521,T-005,2026-02-09,2026-03-11,Abgeschlossen,2026-03-02
A04320,E10521,T-010,2020-07-20,2020-09-18,Abgeschlossen,2020-09-04
A04321,E10521,T-011,2025-12-24,2026-01-23,Abgeschlossen,2026-01-16
A04322,E10521,T-012,2026-09-16,2026-12-15,Abgeschlossen,2026-09-17
A04323,E10522,T-001,2026-07-16,2026-09-14,Abgeschlossen,2026-08-14
A04324,E10522,T-002,2026-01-10,2026-02-09,Abgeschlossen,2026-02-06
A04325,E10522,T-003,2026-06-01,2026-07-31,Abgeschlossen,2026-07-26
A04326,E10522,T-004,2026-06-12,2026-07-12,In Bearbeitung,
A04327,E10522,T-005,2026-03-18,2026-04-17,Abgeschlossen,2026-03-30
A04328,E10522,T-010,2019-01-03,2019-03-04,Abgeschlossen,2019-03-09
A04329,E10522,T-011,2026-08-16,2026-10-15,Zugewiesen,
A04330,E10522,T-012,2026-08-03,2026-09-02,Abgeschlossen,2026-09-02
A04331,E10522,T-014,2026-05-27,2026-07-26,In Bearbeitung,
A04332,E10523,T-001,2026-08-04,2026-09-03,Abgeschlossen,2026-08-12
A04333,E10523,T-002,2026-07-12,2026-10-10,Abgeschlossen,2026-08-26
A04334,E10523,T-003,2025-12-05,2026-01-04,Abgeschlossen,2026-01-11
A04335,E10523,T-004,2026-06-07,2026-07-07,Zugewiesen,
A04336,E10523,T-005,2026-03-04,2026-05-03,Abgeschlossen,2026-04-27
A04337,E10523,T-010,2023-06-11,2023-08-10,Abgeschlossen,2023-07-08
A04338,E10523,T-011,2026-09-08,2026-11-07,Abgeschlossen,2026-09-15
A04339,E10523,T-012,2026-01-14,2026-04-14,In Bearbeitung,
A04340,E10523,T-014,2025-12-29,2026-03-29,Abgeschlossen,2026-08-27
A04341,E10524,T-001,2026-07-28,2026-09-26,Abgeschlossen,2026-08-16
A04342,E10524,T-002,2026-03-21,2026-04-20,Abgeschlossen,2026-03-27
A04343,E10524,T-003,2026-05-24,2026-07-23,Abgeschlossen,2026-06-10
A04344,E10524,T-004,2026-06-09,2026-08-08,In Bearbeitung,
A04345,E10524,T-005,2026-01-21,2026-04-21,Abgeschlossen,2026-03-06
A04346,E10524,T-010,2019-01-04,2019-03-05,Abgeschlossen,2019-02-02
A04347,E10524,T-011,2026-04-04,2026-07-03,Abgeschlossen,2026-06-25
A04348,E10524,T-012,2026-10-10,2026-11-09,Abgeschlossen,2026-10-21
A04349,E10524,T-014,2026-10-01,2027-01-29,In Bearbeitung,
A04350,E10525,T-001,2026-02-06,2026-05-07,Abgeschlossen,2026-04-24
A04351,E10525,T-002,2026-02-23,2026-05-24,Abgeschlossen,2026-04-16
A04352,E10525,T-003,2025-12-25,2026-03-25,Abgeschlossen,2026-01-05
A04353,E10525,T-004,2026-06-11,2026-08-10,Abgeschlossen,2026-07-03
A04354,E10525,T-005,2026-09-06,2026-12-05,Abgeschlossen,2026-10-23
A04355,E10525,T-010,2019-01-01,2019-03-02,Abgeschlossen,2019-03-02
A04356,E10525,T-011,2026-02-13,2026-03-15,Abgeschlossen,2026-03-24
A04357,E10525,T-012,2026-03-22,2026-06-20,Abgeschlossen,2026-06-16
A04358,E10525,T-015,2026-02-20,2026-06-20,Zugewiesen,
A04359,E10526,T-001,2026-05-12,2026-08-10,Abgeschlossen,2026-07-12
A04360,E10526,T-002,2026-05-08,2026-08-06,Abgeschlossen,2026-07-25
A04361,E10526,T-003,2026-05-16,2026-06-15,Abgeschlossen,2026-06-09
A04362,E10526,T-004,2026-06-07,2026-08-06,In Bearbeitung,
A04363,E10526,T-005,2026-01-02,2026-03-03,Abgeschlossen,2026-02-19
A04364,E10526,T-010,2019-01-02,2019-03-03,Abgeschlossen,2019-02-26
A04365,E10526,T-011,2026-07-11,2026-10-09,Abgeschlossen,2026-08-15
A04366,E10526,T-012,2026-03-18,2026-04-17,Abgeschlossen,2026-04-16
A04367,E10527,T-001,2026-05-07,2026-07-06,Abgeschlossen,2026-06-04
A04368,E10527,T-002,2026-03-18,2026-05-17,Abgeschlossen,2026-05-13
A04369,E10527,T-003,2026-04-21,2026-05-21,Abgeschlossen,2026-04-30
A04370,E10527,T-004,2026-06-11,2026-07-26,Zugewiesen,
A04371,E10527,T-005,2026-08-22,2026-10-21,Abgeschlossen,2026-09-15
A04372,E10527,T-010,2019-01-06,2019-03-07,Abgeschlossen,2019-02-06
A04373,E10527,T-011,2026-08-27,2026-09-26,Abgeschlossen,2026-09-21
A04374,E10527,T-012,2026-06-08,2026-09-06,Abgeschlossen,2026-08-12
A04375,E10528,T-001,2026-04-21,2026-07-20,Abgeschlossen,2026-07-28
A04376,E10528,T-002,2026-04-21,2026-07-20,Abgeschlossen,2026-06-30
A04377,E10528,T-003,2026-09-19,2026-10-19,Abgeschlossen,2026-10-13
A04378,E10528,T-004,2026-06-12,2026-07-12,Abgeschlossen,2026-06-19
A04379,E10528,T-005,2026-01-16,2026-04-16,Abgeschlossen,2026-02-11
A04380,E10528,T-010,2019-01-02,2019-03-03,Abgeschlossen,2019-01-08
A04381,E10528,T-011,2026-06-21,2026-07-21,Abgeschlossen,2026-06-22
A04382,E10528,T-012,2026-07-20,2026-10-18,Abgeschlossen,2026-08-15
A04383,E10528,T-015,2026-08-30,2026-10-29,In Bearbeitung,
A04384,E10529,T-001,2026-09-23,2026-10-23,Zugewiesen,
A04385,E10529,T-002,2026-02-06,2026-04-07,Abgeschlossen,2026-03-17
A04386,E10529,T-003,2026-08-10,2026-09-09,Abgeschlossen,2026-09-02
A04387,E10529,T-004,2026-06-07,2026-07-07,Zugewiesen,
A04388,E10529,T-005,2025-12-26,2026-01-25,Abgeschlossen,2026-01-19
A04389,E10529,T-010,2019-01-06,2019-03-07,Abgeschlossen,2019-01-28
A04390,E10529,T-011,2026-04-25,2026-05-25,Abgeschlossen,2026-05-31
A04391,E10529,T-012,2026-01-26,2026-03-27,Abgeschlossen,2026-03-31
A04392,E10529,T-015,2026-02-04,2026-05-05,Zugewiesen,
A04393,E10530,T-001,2026-06-08,2026-09-06,Abgeschlossen,2026-08-13
A04394,E10530,T-002,2026-03-14,2026-05-13,Abgeschlossen,2026-05-02
A04395,E10530,T-003,2026-01-27,2026-04-27,Abgeschlossen,2026-03-02
A04396,E10530,T-004,2026-06-06,2026-07-21,In Bearbeitung,
A04397,E10530,T-005,2026-06-26,2026-07-26,Abgeschlossen,2026-07-30
A04398,E10530,T-010,2023-04-22,2023-06-21,Abgeschlossen,2023-06-24
A04399,E10530,T-011,2026-05-29,2026-08-27,Abgeschlossen,2026-09-01
A04400,E10530,T-012,2026-07-23,2026-08-22,Abgeschlossen,2026-07-26
A04401,E10530,T-015,2026-08-19,2026-10-18,Zugewiesen,
A04402,E10530,T-016,2026-08-14,2026-12-12,In Bearbeitung,
A04403,E10531,T-001,2026-01-22,2026-03-23,Abgeschlossen,2026-02-25
A04404,E10531,T-002,2026-10-05,2026-11-04,Abgeschlossen,2026-10-24
A04405,E10531,T-003,2026-03-22,2026-04-21,Abgeschlossen,2026-03-29
A04406,E10531,T-004,2026-06-11,2026-08-10,Abgeschlossen,2026-07-16
A04407,E10531,T-005,2026-04-19,2026-07-18,Abgeschlossen,2026-06-29
A04408,E10531,T-010,2019-01-02,2019-03-03,Abgeschlossen,2019-02-08
A04409,E10531,T-011,2026-02-20,2026-05-21,Abgeschlossen,2026-04-30
A04410,E10531,T-012,2026-07-07,2026-08-06,Zugewiesen,
A04411,E10531,T-014,2025-12-30,2026-04-29,Abgeschlossen,2026-04-27
A04412,E10532,T-001,2026-01-29,2026-03-30,Abgeschlossen,2026-04-03
A04413,E10532,T-002,2026-02-10,2026-04-11,In Bearbeitung,
A04414,E10532,T-003,2026-05-17,2026-07-16,Abgeschlossen,2026-07-10
A04415,E10532,T-004,2026-06-10,2026-07-10,Zugewiesen,
A04416,E10532,T-005,2026-10-12,2026-12-11,Zugewiesen,
A04417,E10532,T-010,2025-08-19,2025-10-18,Abgeschlossen,2025-09-02
A04418,E10532,T-011,2026-09-11,2026-10-11,Abgeschlossen,2026-09-13
A04419,E10532,T-012,2026-04-11,2026-06-10,Abgeschlossen,2026-04-22
A04420,E10532,T-016,2026-03-26,2026-07-24,In Bearbeitung,
A04421,E10533,T-001,2026-02-07,2026-05-08,Abgeschlossen,2026-04-16
A04422,E10533,T-002,2026-10-04,2027-01-02,Zugewiesen,
A04423,E10533,T-003,2026-07-28,2026-10-26,Abgeschlossen,2026-10-04
A04424,E10533,T-004,2026-06-05,2026-07-20,Abgeschlossen,2026-06-13
A04425,E10533,T-005,2025-12-27,2026-03-27,In Bearbeitung,
A04426,E10533,T-010,2019-01-03,2019-03-04,Abgeschlossen,2019-02-17
A04427,E10533,T-011,2026-06-01,2026-07-01,Abgeschlossen,2026-07-03
A04428,E10533,T-012,2026-01-24,2026-02-23,Abgeschlossen,2026-03-02
A04429,E10534,T-001,2026-01-08,2026-02-07,Abgeschlossen,2026-01-09
A04430,E10534,T-002,2026-06-13,2026-07-13,Abgeschlossen,2026-06-29
A04431,E10534,T-003,2026-09-07,2026-10-07,Abgeschlossen,2026-10-05
A04432,E10534,T-004,2026-06-06,2026-08-05,In Bearbeitung,
A04433,E10534,T-005,2026-09-06,2026-11-05,Zugewiesen,
A04434,E10534,T-010,2019-01-11,2019-03-12,Abgeschlossen,2019-03-04
A04435,E10534,T-011,2025-12-27,2026-01-26,Abgeschlossen,2026-02-04
A04436,E10534,T-012,2026-05-08,2026-08-06,Abgeschlossen,2026-07-23
A04437,E10534,T-017,2026-06-26,2026-08-25,Abgeschlossen,2026-07-16
A04438,E10535,T-001,2026-01-20,2026-03-21,Abgeschlossen,2026-02-23
A04439,E10535,T-002,2026-07-23,2026-09-21,Abgeschlossen,2026-09-08
A04440,E10535,T-003,2026-04-09,2026-06-08,Abgeschlossen,2026-05-08
A04441,E10535,T-004,2026-06-08,2026-07-08,Abgeschlossen,2026-07-07
A04442,E10535,T-005,2026-02-23,2026-03-25,Abgeschlossen,2026-03-16
A04443,E10535,T-010,2019-01-04,2019-03-05,Abgeschlossen,2019-02-05
A04444,E10535,T-011,2026-10-03,2026-12-02,Abgeschlossen,2026-10-24
A04445,E10535,T-012,2026-06-24,2026-09-22,Abgeschlossen,2026-08-10
A04446,E10536,T-001,2026-06-21,2026-08-20,Abgeschlossen,2026-07-13
A04447,E10536,T-002,2026-08-25,2026-11-23,In Bearbeitung,
A04448,E10536,T-003,2026-01-14,2026-02-13,Abgeschlossen,2026-02-11
A04449,E10536,T-004,2026-06-07,2026-07-22,Zugewiesen,
A04450,E10536,T-005,2026-02-18,2026-03-20,Abgeschlossen,2026-03-13
A04451,E10536,T-010,2021-10-14,2021-12-13,Abgeschlossen,2021-11-12
A04452,E10536,T-011,2026-04-28,2026-05-28,Abgeschlossen,2026-05-14
A04453,E10536,T-012,2026-08-20,2026-11-18,In Bearbeitung,
A04454,E10537,T-001,2026-01-20,2026-02-19,In Bearbeitung,
A04455,E10537,T-002,2026-05-30,2026-07-29,Abgeschlossen,2026-06-08
A04456,E10537,T-003,2026-03-30,2026-05-29,In Bearbeitung,
A04457,E10537,T-004,2026-06-05,2026-07-20,Abgeschlossen,2026-07-25
A04458,E10537,T-005,2026-04-22,2026-07-21,Abgeschlossen,2026-06-05
A04459,E10537,T-010,2019-01-11,2019-03-12,Abgeschlossen,2019-02-03
A04460,E10537,T-011,2026-08-09,2026-09-08,Abgeschlossen,2026-08-28
A04461,E10537,T-012,2026-09-19,2026-12-18,In Bearbeitung,
A04462,E10538,T-001,2026-06-26,2026-09-24,Abgeschlossen,2026-07-23
A04463,E10538,T-002,2026-05-08,2026-07-07,Abgeschlossen,2026-06-24
A04464,E10538,T-003,2026-09-18,2026-10-18,Abgeschlossen,2026-09-23
A04465,E10538,T-004,2026-06-06,2026-07-06,Abgeschlossen,2026-06-12
A04466,E10538,T-005,2026-07-16,2026-10-14,Abgeschlossen,2026-10-13
A04467,E10538,T-010,2019-01-11,2019-03-12,Abgeschlossen,2019-03-17
A04468,E10538,T-011,2026-06-21,2026-07-21,Abgeschlossen,2026-07-03
A04469,E10538,T-012,2026-05-21,2026-08-19,Abgeschlossen,2026-05-28
A04470,E10539,T-001,2026-08-26,2026-10-25,Abgeschlossen,2026-10-12
A04471,E10539,T-002,2026-10-11,2026-11-10,In Bearbeitung,
A04472,E10539,T-003,2026-01-25,2026-02-24,Abgeschlossen,2026-02-11
A04473,E10539,T-004,2026-06-12,2026-07-12,In Bearbeitung,
A04474,E10539,T-005,2026-05-22,2026-08-20,Abgeschlossen,2026-07-19
A04475,E10539,T-010,2019-01-11,2019-03-12,Abgeschlossen,2019-03-10
A04476,E10539,T-011,2026-10-03,2027-01-01,Abgeschlossen,2026-10-11
A04477,E10539,T-012,2026-09-22,2026-12-21,In Bearbeitung,
A04478,E10540,T-001,2026-05-24,2026-08-22,Zugewiesen,
A04479,E10540,T-002,2026-03-04,2026-06-02,Abgeschlossen,2026-06-06
A04480,E10540,T-003,2026-05-30,2026-07-29,Abgeschlossen,2026-07-05
A04481,E10540,T-004,2026-06-09,2026-07-09,Abgeschlossen,2026-07-08
A04482,E10540,T-005,2026-05-07,2026-07-06,Zugewiesen,
A04483,E10540,T-010,2019-01-26,2019-03-27,Abgeschlossen,2019-02-24
A04484,E10540,T-011,2026-08-05,2026-11-03,Abgeschlossen,2026-09-10
A04485,E10540,T-012,2025-12-18,2026-01-17,Abgeschlossen,2026-01-13
A04486,E10540,T-017,2026-02-19,2026-05-20,Abgeschlossen,2026-08-19
A04487,E10541,T-001,2026-06-06,2026-09-04,Abgeschlossen,2026-08-16
A04488,E10541,T-002,2026-06-06,2026-08-05,Abgeschlossen,2026-07-16
A04489,E10541,T-003,2026-06-17,2026-07-17,Abgeschlossen,2026-07-23
A04490,E10541,T-004,2026-06-12,2026-08-11,Abgeschlossen,2026-08-14
A04491,E10541,T-005,2026-02-06,2026-05-07,Abgeschlossen,2026-04-29
A04492,E10541,T-010,2019-01-14,2019-03-15,Abgeschlossen,2019-02-02
A04493,E10541,T-011,2026-05-02,2026-06-01,Abgeschlossen,2026-06-02
A04494,E10541,T-012,2025-12-24,2026-03-24,Abgeschlossen,2026-03-18
A04495,E10542,T-001,2026-09-05,2026-12-04,Zugewiesen,
A04496,E10542,T-002,2025-12-29,2026-01-28,Abgeschlossen,2026-01-11
A04497,E10542,T-003,2026-07-13,2026-09-11,Abgeschlossen,2026-09-19
A04498,E10542,T-004,2026-06-12,2026-07-27,In Bearbeitung,
A04499,E10542,T-005,2026-04-25,2026-07-24,Abgeschlossen,2026-05-17
A04500,E10542,T-010,2019-01-14,2019-03-15,Abgeschlossen,2019-01-21
A04501,E10542,T-011,2025-12-27,2026-01-26,Abgeschlossen,2026-02-04
A04502,E10542,T-012,2026-07-04,2026-08-03,Abgeschlossen,2026-07-13
A04503,E10542,T-014,2026-08-26,2026-11-24,In Bearbeitung,
A04504,E10543,T-001,2026-06-11,2026-09-09,Abgeschlossen,2026-07-19
A04505,E10543,T-002,2026-05-11,2026-07-10,Abgeschlossen,2026-05-12
A04506,E10543,T-003,2026-07-28,2026-09-26,Abgeschlossen,2026-08-15
A04507,E10543,T-004,2026-06-11,2026-07-26,Abgeschlossen,2026-06-22
A04508,E10543,T-005,2026-08-16,2026-09-15,Abgeschlossen,2026-09-25
A04509,E10543,T-010,2019-01-12,2019-03-13,Abgeschlossen,2019-01-13
A04510,E10543,T-011,2026-08-31,2026-10-30,Abgeschlossen,2026-09-23
A04511,E10543,T-012,2026-06-03,2026-09-01,Abgeschlossen,2026-06-10
A04512,E10544,T-001,2026-02-06,2026-05-07,Abgeschlossen,2026-04-03
A04513,E10544,T-002,2026-09-29,2026-10-29,Abgeschlossen,2026-10-20
A04514,E10544,T-003,2026-09-09,2026-12-08,In Bearbeitung,
A04515,E10544,T-004,2026-06-06,2026-07-21,In Bearbeitung,
A04516,E10544,T-005,2026-05-23,2026-06-22,Abgeschlossen,2026-06-15
A04517,E10544,T-010,2019-01-10,2019-03-11,Abgeschlossen,2019-02-27
A04518,E10544,T-011,2026-09-08,2026-10-08,Abgeschlossen,2026-09-28
A04519,E10544,T-012,2026-04-23,2026-07-22,Abgeschlossen,2026-06-25
A04520,E10545,T-001,2026-03-07,2026-05-06,Zugewiesen,
A04521,E10545,T-002,2026-07-06,2026-08-05,Abgeschlossen,2026-08-12
A04522,E10545,T-003,2026-07-21,2026-10-19,Abgeschlossen,2026-10-05
A04523,E10545,T-004,2026-06-11,2026-07-11,Zugewiesen,
A04524,E10545,T-005,2026-05-11,2026-07-10,Abgeschlossen,2026-07-01
A04525,E10545,T-010,2023-07-04,2023-09-02,Abgeschlossen,2023-07-10
A04526,E10545,T-011,2026-05-09,2026-08-07,Abgeschlossen,2026-07-15
A04527,E10545,T-012,2026-01-20,2026-02-19,Abgeschlossen,2026-02-20
A04528,E10546,T-001,2026-05-20,2026-07-19,Abgeschlossen,2026-07-26
A04529,E10546,T-002,2026-07-09,2026-10-07,Abgeschlossen,2026-07-25
A04530,E10546,T-003,2026-07-06,2026-10-04,Zugewiesen,
A04531,E10546,T-004,2026-06-07,2026-07-07,In Bearbeitung,
A04532,E10546,T-005,2026-04-11,2026-05-11,Abgeschlossen,2026-05-01
A04533,E10546,T-010,2019-01-04,2019-03-05,Abgeschlossen,2019-02-21
A04534,E10546,T-011,2026-03-29,2026-05-28,Abgeschlossen,2026-05-26
A04535,E10546,T-012,2026-04-28,2026-05-28,Abgeschlossen,2026-05-20
A04536,E10547,T-001,2026-10-01,2026-12-30,Abgeschlossen,2026-10-10
A04537,E10547,T-002,2026-03-24,2026-04-23,Abgeschlossen,2026-04-11
A04538,E10547,T-003,2026-03-13,2026-06-11,Abgeschlossen,2026-05-20
A04539,E10547,T-004,2026-06-10,2026-07-25,Zugewiesen,
A04540,E10547,T-005,2026-05-13,2026-08-11,Abgeschlossen,2026-08-18
A04541,E10547,T-010,2019-01-10,2019-03-11,Abgeschlossen,2019-02-21
A04542,E10547,T-011,2026-02-27,2026-04-28,Abgeschlossen,2026-04-29
A04543,E10547,T-012,2026-10-08,2026-11-07,Zugewiesen,
A04544,E10547,T-017,2026-06-19,2026-09-17,Zugewiesen,
A04545,E10548,T-001,2026-04-13,2026-06-12,Abgeschlossen,2026-05-08
A04546,E10548,T-002,2026-09-05,2026-10-05,In Bearbeitung,
A04547,E10548,T-003,2025-12-15,2026-03-15,Abgeschlossen,2026-02-12
A04548,E10548,T-004,2026-06-10,2026-07-25,Zugewiesen,
A04549,E10548,T-005,2026-05-11,2026-08-09,Abgeschlossen,2026-06-21
A04550,E10548,T-010,2019-01-15,2019-03-16,Abgeschlossen,2019-02-01
A04551,E10548,T-011,2025-12-29,2026-02-27,Abgeschlossen,2026-03-03
A04552,E10548,T-012,2026-01-31,2026-03-02,Abgeschlossen,2026-02-18
A04553,E10548,T-014,2026-06-08,2026-10-06,Zugewiesen,
A04554,E10548,T-016,2026-02-06,2026-05-07,Abgeschlossen,2026-09-05
A04555,E10549,T-001,2026-02-06,2026-03-08,Zugewiesen,
A04556,E10549,T-002,2026-09-17,2026-12-16,Abgeschlossen,2026-10-26
A04557,E10549,T-003,2026-07-24,2026-10-22,Abgeschlossen,2026-09-26
A04558,E10549,T-004,2026-06-12,2026-07-27,Abgeschlossen,2026-06-22
A04559,E10549,T-005,2026-06-08,2026-08-07,Abgeschlossen,2026-07-05
A04560,E10549,T-010,2019-01-05,2019-03-06,Abgeschlossen,2019-01-07
A04561,E10549,T-011,2026-09-19,2026-11-18,Abgeschlossen,2026-09-27
A04562,E10549,T-012,2026-06-12,2026-09-10,Abgeschlossen,2026-09-03
A04563,E10549,T-014,2026-06-08,2026-08-07,Zugewiesen,
A04564,E10550,T-001,2026-08-07,2026-10-06,Abgeschlossen,2026-08-25
A04565,E10550,T-002,2026-03-26,2026-06-24,Zugewiesen,
A04566,E10550,T-003,2026-05-19,2026-08-17,In Bearbeitung,
A04567,E10550,T-004,2026-06-06,2026-07-06,Abgeschlossen,2026-06-29
A04568,E10550,T-005,2026-05-26,2026-07-25,Abgeschlossen,2026-07-19
A04569,E10550,T-010,2019-01-05,2019-03-06,Abgeschlossen,2019-03-16
A04570,E10550,T-011,2025-12-26,2026-02-24,Abgeschlossen,2026-02-08
A04571,E10550,T-012,2026-08-12,2026-11-10,Zugewiesen,
A04572,E10551,T-001,2026-08-03,2026-11-01,Abgeschlossen,2026-09-06
A04573,E10551,T-002,2026-08-14,2026-10-13,Abgeschlossen,2026-10-11
A04574,E10551,T-003,2026-09-09,2026-11-08,Zugewiesen,
A04575,E10551,T-004,2026-06-07,2026-07-07,Abgeschlossen,2026-06-17
A04576,E10551,T-005,2026-07-13,2026-08-12,Abgeschlossen,2026-08-16
A04577,E10551,T-010,2019-04-29,2019-06-28,Abgeschlossen,2019-05-14
A04578,E10551,T-011,2026-09-09,2026-11-08,Abgeschlossen,2026-10-10
A04579,E10551,T-012,2025-12-07,2026-03-07,Abgeschlossen,2026-02-23
A04580,E10551,T-016,2026-09-30,2026-11-29,Zugewiesen,
A04581,E10552,T-001,2025-12-06,2026-02-04,Zugewiesen,
A04582,E10552,T-002,2026-05-07,2026-06-06,Abgeschlossen,2026-06-13
A04583,E10552,T-003,2026-10-12,2026-11-11,In Bearbeitung,
A04584,E10552,T-004,2026-06-10,2026-07-10,In Bearbeitung,
A04585,E10552,T-005,2026-09-25,2026-11-24,In Bearbeitung,
A04586,E10552,T-010,2019-01-14,2019-03-15,Abgeschlossen,2019-01-21
A04587,E10552,T-011,2026-01-30,2026-04-30,Abgeschlossen,2026-02-21
A04588,E10552,T-012,2026-10-11,2026-11-10,Zugewiesen,
A04589,E10553,T-001,2026-04-02,2026-05-02,Abgeschlossen,2026-04-07
A04590,E10553,T-002,2026-04-29,2026-05-29,Abgeschlossen,2026-06-04
A04591,E10553,T-003,2026-01-03,2026-03-04,Abgeschlossen,2026-02-06
A04592,E10553,T-004,2026-06-10,2026-07-10,In Bearbeitung,
A04593,E10553,T-005,2026-10-10,2026-12-09,Abgeschlossen,2026-10-25
A04594,E10553,T-010,2019-01-10,2019-03-11,Abgeschlossen,2019-03-20
A04595,E10553,T-011,2026-01-11,2026-04-11,Abgeschlossen,2026-03-01
A04596,E10553,T-012,2026-08-31,2026-10-30,Abgeschlossen,2026-09-19
A04597,E10553,T-014,2026-10-02,2026-12-31,Zugewiesen,
A04598,E10553,T-017,2026-05-27,2026-08-25,Zugewiesen,
A04599,E10554,T-001,2026-08-19,2026-09-18,Abgeschlossen,2026-09-03
A04600,E10554,T-002,2025-12-26,2026-02-24,Abgeschlossen,2026-01-07
A04601,E10554,T-003,2026-02-02,2026-05-03,Abgeschlossen,2026-04-20
A04602,E10554,T-004,2026-06-08,2026-07-23,Zugewiesen,
A04603,E10554,T-005,2026-09-15,2026-12-14,Abgeschlossen,2026-11-01
A04604,E10554,T-010,2019-01-04,2019-03-05,Abgeschlossen,2019-03-13
A04605,E10554,T-011,2026-06-02,2026-08-31,Abgeschlossen,2026-06-11
A04606,E10554,T-012,2026-04-27,2026-06-26,Zugewiesen,
A04607,E10555,T-001,2026-05-25,2026-07-24,Abgeschlossen,2026-07-17
A04608,E10555,T-002,2026-05-07,2026-06-06,Abgeschlossen,2026-06-10
A04609,E10555,T-003,2026-08-19,2026-10-18,Abgeschlossen,2026-08-20
A04610,E10555,T-004,2026-06-06,2026-07-21,In Bearbeitung,
A04611,E10555,T-005,2026-02-18,2026-04-19,Abgeschlossen,2026-04-11
A04612,E10555,T-010,2019-08-04,2019-10-03,Abgeschlossen,2019-08-24
A04613,E10555,T-011,2026-02-22,2026-03-24,Abgeschlossen,2026-03-14
A04614,E10555,T-012,2026-08-08,2026-10-07,Abgeschlossen,2026-09-02
A04615,E10556,T-001,2026-01-23,2026-02-22,Abgeschlossen,2026-02-16
A04616,E10556,T-002,2026-03-22,2026-06-20,Abgeschlossen,2026-06-17
A04617,E10556,T-003,2026-09-14,2026-11-13,Zugewiesen,
A04618,E10556,T-004,2026-06-07,2026-08-06,In Bearbeitung,
A04619,E10556,T-005,2025-12-07,2026-01-06,Abgeschlossen,2026-01-06
A04620,E10556,T-010,2019-01-14,2019-03-15,Abgeschlossen,2019-01-22
A04621,E10556,T-011,2026-03-17,2026-06-15,Abgeschlossen,2026-05-07
A04622,E10556,T-012,2026-08-22,2026-11-20,In Bearbeitung,
A04623,E10557,T-001,2026-01-25,2026-04-25,Abgeschlossen,2026-05-02
A04624,E10557,T-002,2026-06-01,2026-08-30,Abgeschlossen,2026-06-24
A04625,E10557,T-003,2026-10-09,2027-01-07,Zugewiesen,
A04626,E10557,T-004,2026-06-12,2026-07-27,Abgeschlossen,2026-07-16
A04627,E10557,T-005,2026-10-06,2026-11-05,Zugewiesen,
A04628,E10557,T-010,2025-06-29,2025-08-28,Abgeschlossen,2025-08-01
A04629,E10557,T-011,2026-02-14,2026-04-15,Abgeschlossen,2026-03-07
A04630,E10557,T-012,2026-01-27,2026-04-27,Zugewiesen,
A04631,E10557,T-016,2025-12-06,2026-03-06,Abgeschlossen,2026-08-02
A04632,E10558,T-001,2026-08-04,2026-11-02,In Bearbeitung,
A04633,E10558,T-002,2026-01-06,2026-03-07,Abgeschlossen,2026-01-15
A04634,E10558,T-003,2026-07-25,2026-09-23,Abgeschlossen,2026-09-29
A04635,E10558,T-004,2026-06-05,2026-07-20,Abgeschlossen,2026-06-21
A04636,E10558,T-005,2026-01-19,2026-03-20,Abgeschlossen,2026-02-15
A04637,E10558,T-010,2019-01-04,2019-03-05,Abgeschlossen,2019-02-24
A04638,E10558,T-011,2026-02-27,2026-05-28,Abgeschlossen,2026-03-25
A04639,E10558,T-012,2026-07-30,2026-10-28,Abgeschlossen,2026-10-11
A04640,E10558,T-015,2026-08-17,2026-12-15,In Bearbeitung,
A04641,E10559,T-001,2026-08-26,2026-09-25,Zugewiesen,
A04642,E10559,T-002,2026-01-02,2026-03-03,Abgeschlossen,2026-01-04
A04643,E10559,T-003,2026-07-21,2026-10-19,In Bearbeitung,
A04644,E10559,T-004,2026-06-09,2026-07-09,In Bearbeitung,
A04645,E10559,T-005,2026-09-01,2026-11-30,Zugewiesen,
A04646,E10559,T-010,2019-01-06,2019-03-07,Abgeschlossen,2019-03-09
A04647,E10559,T-011,2026-02-20,2026-03-22,Abgeschlossen,2026-03-18
A04648,E10559,T-012,2026-04-30,2026-06-29,Abgeschlossen,2026-07-07
A04649,E10559,T-016,2026-06-12,2026-10-10,Abgeschlossen,2026-07-12
A04650,E10560,T-001,2026-02-05,2026-04-06,Abgeschlossen,2026-04-11
A04651,E10560,T-002,2026-08-23,2026-11-21,Zugewiesen,
A04652,E10560,T-003,2026-05-18,2026-07-17,Abgeschlossen,2026-07-22
A04653,E10560,T-004,2026-06-06,2026-07-06,In Bearbeitung,
A04654,E10560,T-005,2026-08-02,2026-09-01,Abgeschlossen,2026-08-17
A04655,E10560,T-010,2019-01-03,2019-03-04,Abgeschlossen,2019-01-17
A04656,E10560,T-011,2026-04-10,2026-05-10,Abgeschlossen,2026-05-04
A04657,E10560,T-012,2026-02-14,2026-05-15,Abgeschlossen,2026-04-19
A04658,E10561,T-001,2026-10-13,2027-01-11,Abgeschlossen,2026-10-31
A04659,E10561,T-002,2026-07-11,2026-08-10,Abgeschlossen,2026-08-01
A04660,E10561,T-003,2026-10-13,2026-12-12,Abgeschlossen,2026-10-29
A04661,E10561,T-004,2026-06-11,2026-07-26,In Bearbeitung,
A04662,E10561,T-005,2026-07-27,2026-08-26,Abgeschlossen,2026-08-30
A04663,E10561,T-010,2019-01-09,2019-03-10,Abgeschlossen,2019-02-15
A04664,E10561,T-011,2026-07-25,2026-10-23,Abgeschlossen,2026-07-29
A04665,E10561,T-012,2026-09-24,2026-12-23,In Bearbeitung,
A04666,E10561,T-017,2026-08-16,2026-10-15,Abgeschlossen,2026-10-25
A04667,E10562,T-001,2026-09-16,2026-11-15,Zugewiesen,
A04668,E10562,T-002,2026-03-02,2026-05-01,Abgeschlossen,2026-03-08
A04669,E10562,T-003,2025-12-09,2026-01-08,Abgeschlossen,2026-01-08
A04670,E10562,T-004,2026-06-10,2026-07-10,Abgeschlossen,2026-06-29
A04671,E10562,T-005,2026-06-15,2026-07-15,Abgeschlossen,2026-07-24
A04672,E10562,T-010,2019-01-02,2019-03-03,Abgeschlossen,2019-01-26
A04673,E10562,T-011,2026-01-11,2026-02-10,Abgeschlossen,2026-01-25
A04674,E10562,T-012,2026-02-13,2026-04-14,Abgeschlossen,2026-04-08
A04675,E10563,T-001,2026-08-24,2026-10-23,Abgeschlossen,2026-11-01
A04676,E10563,T-002,2026-09-22,2026-12-21,Zugewiesen,
A04677,E10563,T-003,2025-12-24,2026-01-23,Abgeschlossen,2026-01-12
A04678,E10563,T-004,2026-06-12,2026-08-11,Zugewiesen,
A04679,E10563,T-005,2026-09-19,2026-10-19,Abgeschlossen,2026-09-26
A04680,E10563,T-010,2019-01-05,2019-03-06,Abgeschlossen,2019-02-22
A04681,E10563,T-011,2025-12-27,2026-02-25,Abgeschlossen,2026-01-04
A04682,E10563,T-012,2026-07-02,2026-09-30,Abgeschlossen,2026-09-06
A04683,E10563,T-014,2026-07-14,2026-09-12,In Bearbeitung,
A04684,E10564,T-001,2026-10-06,2027-01-04,In Bearbeitung,
A04685,E10564,T-002,2026-05-05,2026-07-04,Abgeschlossen,2026-06-28
A04686,E10564,T-003,2026-01-12,2026-02-11,Abgeschlossen,2026-01-24
A04687,E10564,T-004,2026-06-07,2026-07-22,Zugewiesen,
A04688,E10564,T-005,2026-01-02,2026-03-03,Abgeschlossen,2026-01-11
A04689,E10564,T-010,2024-03-10,2024-05-09,Abgeschlossen,2024-03-19
A04690,E10564,T-011,2026-10-07,2026-11-06,Abgeschlossen,2026-10-14
A04691,E10564,T-012,2026-05-12,2026-08-10,Abgeschlossen,2026-07-15
A04692,E10565,T-001,2026-03-23,2026-05-22,Abgeschlossen,2026-06-01
A04693,E10565,T-002,2025-12-03,2026-02-01,Abgeschlossen,2025-12-13
A04694,E10565,T-003,2026-01-22,2026-02-21,Abgeschlossen,2026-02-27
A04695,E10565,T-004,2026-06-09,2026-08-08,Abgeschlossen,2026-06-28
A04696,E10565,T-005,2026-06-09,2026-08-08,Abgeschlossen,2026-08-11
A04697,E10565,T-010,2019-01-06,2019-03-07,Abgeschlossen,2019-01-07
A04698,E10565,T-011,2025-12-02,2026-01-31,Abgeschlossen,2026-02-08
A04699,E10565,T-012,2025-12-14,2026-01-13,Abgeschlossen,2025-12-26
A04700,E10565,T-014,2025-11-05,2026-02-03,Zugewiesen,
A04701,E10565,T-017,2026-06-26,2026-10-24,Zugewiesen,
A04702,E10566,T-001,2026-10-09,2027-01-07,Zugewiesen,
A04703,E10566,T-002,2026-05-19,2026-07-18,Abgeschlossen,2026-07-12
A04704,E10566,T-003,2026-05-25,2026-06-24,Abgeschlossen,2026-05-26
A04705,E10566,T-004,2026-06-05,2026-07-05,Abgeschlossen,2026-06-08
A04706,E10566,T-005,2026-02-23,2026-04-24,Abgeschlossen,2026-03-06
A04707,E10566,T-010,2019-05-05,2019-07-04,Abgeschlossen,2019-05-25
A04708,E10566,T-011,2026-02-07,2026-05-08,Abgeschlossen,2026-04-13
A04709,E10566,T-012,2026-04-02,2026-06-01,Abgeschlossen,2026-05-10
A04710,E10566,T-016,2026-01-25,2026-04-25,Zugewiesen,
A04711,E10567,T-001,2026-08-01,2026-10-30,Abgeschlossen,2026-10-28
A04712,E10567,T-002,2026-08-23,2026-10-22,Abgeschlossen,2026-10-31
A04713,E10567,T-003,2026-01-02,2026-02-01,Abgeschlossen,2026-01-15
A04714,E10567,T-004,2026-06-10,2026-08-09,Zugewiesen,
A04715,E10567,T-005,2026-08-03,2026-10-02,Abgeschlossen,2026-09-19
A04716,E10567,T-010,2021-05-21,2021-07-20,Abgeschlossen,2021-06-20
A04717,E10567,T-011,2026-08-04,2026-09-03,Abgeschlossen,2026-08-24
A04718,E10567,T-012,2026-05-03,2026-06-02,Abgeschlossen,2026-05-16
A04719,E10567,T-014,2026-01-24,2026-04-24,In Bearbeitung,
A04720,E10567,T-016,2026-02-15,2026-04-16,Abgeschlossen,2026-03-11
A04721,E10568,T-001,2026-02-04,2026-05-05,Abgeschlossen,2026-03-19
A04722,E10568,T-002,2026-08-28,2026-11-26,Abgeschlossen,2026-09-28
A04723,E10568,T-003,2026-08-20,2026-10-19,Abgeschlossen,2026-09-30
A04724,E10568,T-004,2026-06-10,2026-07-10,Zugewiesen,
A04725,E10568,T-005,2026-06-25,2026-07-25,Abgeschlossen,2026-07-21
A04726,E10568,T-010,2024-06-12,2024-08-11,Abgeschlossen,2024-07-12
A04727,E10568,T-011,2026-07-15,2026-09-13,Abgeschlossen,2026-08-26
A04728,E10568,T-012,2026-09-30,2026-12-29,Zugewiesen,
A04729,E10569,T-001,2026-07-22,2026-08-21,Abgeschlossen,2026-08-20
A04730,E10569,T-002,2026-07-27,2026-09-25,Abgeschlossen,2026-08-12
A04731,E10569,T-003,2026-06-29,2026-09-27,Abgeschlossen,2026-06-30
A04732,E10569,T-004,2026-06-09,2026-07-09,In Bearbeitung,
A04733,E10569,T-005,2026-05-30,2026-08-28,Abgeschlossen,2026-07-24
A04734,E10569,T-010,2022-03-17,2022-05-16,Abgeschlossen,2022-05-26
A04735,E10569,T-011,2026-08-01,2026-08-31,Abgeschlossen,2026-09-05
A04736,E10569,T-012,2025-12-26,2026-02-24,Abgeschlossen,2026-01-07
A04737,E10569,T-017,2026-02-06,2026-06-06,In Bearbeitung,
A04738,E10570,T-001,2025-12-25,2026-02-23,Abgeschlossen,2026-03-03
A04739,E10570,T-002,2026-01-28,2026-02-27,Abgeschlossen,2026-03-01
A04740,E10570,T-003,2026-10-11,2026-11-10,In Bearbeitung,
A04741,E10570,T-004,2026-06-08,2026-07-23,In Bearbeitung,
A04742,E10570,T-005,2026-08-04,2026-10-03,Abgeschlossen,2026-09-30
A04743,E10570,T-010,2019-01-02,2019-03-03,Abgeschlossen,2019-01-17
A04744,E10570,T-011,2025-12-16,2026-03-16,Abgeschlossen,2026-01-17
A04745,E10570,T-012,2026-06-23,2026-08-22,Abgeschlossen,2026-05-28
A04746,E10570,T-017,2026-05-12,2026-07-11,Zugewiesen,
A04747,E10571,T-001,2026-08-23,2026-09-22,Abgeschlossen,2026-09-22
A04748,E10571,T-002,2026-03-02,2026-04-01,Abgeschlossen,2026-04-11
A04749,E10571,T-003,2026-03-13,2026-04-12,Abgeschlossen,2026-04-07
A04750,E10571,T-004,2026-06-10,2026-07-10,In Bearbeitung,
A04751,E10571,T-005,2026-02-11,2026-05-12,Abgeschlossen,2026-03-01
A04752,E10571,T-010,2021-05-04,2021-07-03,Abgeschlossen,2021-05-09
A04753,E10571,T-011,2026-07-07,2026-10-05,Abgeschlossen,2026-09-22
A04754,E10571,T-012,2026-01-06,2026-02-05,Abgeschlossen,2026-01-07
A04755,E10571,T-015,2026-03-01,2026-04-30,Zugewiesen,
A04756,E10572,T-001,2026-08-08,2026-09-07,Abgeschlossen,2026-09-02
A04757,E10572,T-002,2026-03-17,2026-04-16,Abgeschlossen,2026-04-25
A04758,E10572,T-003,2026-09-27,2026-10-27,Abgeschlossen,2026-10-18
A04759,E10572,T-004,2026-06-08,2026-07-08,In Bearbeitung,
A04760,E10572,T-005,2025-12-23,2026-03-23,Zugewiesen,
A04761,E10572,T-010,2019-01-14,2019-03-15,Abgeschlossen,2019-02-28
A04762,E10572,T-011,2026-01-31,2026-05-01,Abgeschlossen,2026-02-18
A04763,E10572,T-012,2026-07-18,2026-10-16,Abgeschlossen,2026-10-05
A04764,E10573,T-001,2026-09-23,2026-12-22,Abgeschlossen,2026-10-09
A04765,E10573,T-002,2026-05-26,2026-06-25,Abgeschlossen,2026-07-01
A04766,E10573,T-003,2026-07-09,2026-10-07,Abgeschlossen,2026-09-05
A04767,E10573,T-004,2026-06-06,2026-07-06,Abgeschlossen,2026-07-02
A04768,E10573,T-005,2025-12-10,2026-03-10,Abgeschlossen,2025-12-13
A04769,E10573,T-010,2023-01-20,2023-03-21,Abgeschlossen,2023-02-06
A04770,E10573,T-011,2026-03-24,2026-05-23,Abgeschlossen,2026-05-28
A04771,E10573,T-012,2026-06-27,2026-08-26,Abgeschlossen,2026-07-27
A04772,E10574,T-001,2026-02-21,2026-03-23,Abgeschlossen,2026-03-07
A04773,E10574,T-002,2026-09-20,2026-10-20,Abgeschlossen,2026-10-17
A04774,E10574,T-003,2026-07-29,2026-08-28,Abgeschlossen,2026-09-06
A04775,E10574,T-004,2026-06-05,2026-08-04,Zugewiesen,
A04776,E10574,T-005,2026-08-14,2026-11-12,Abgeschlossen,2026-09-21
A04777,E10574,T-010,2019-01-03,2019-03-04,Abgeschlossen,2019-02-18
A04778,E10574,T-011,2026-08-23,2026-09-22,Abgeschlossen,2026-09-30
A04779,E10574,T-012,2026-08-25,2026-11-23,Zugewiesen,
A04780,E10574,T-017,2026-03-30,2026-07-28,Zugewiesen,
A04781,E10575,T-001,2026-04-25,2026-06-24,Abgeschlossen,2026-06-19
A04782,E10575,T-002,2026-10-05,2026-12-04,Zugewiesen,
A04783,E10575,T-003,2026-03-03,2026-06-01,Abgeschlossen,2026-05-05
A04784,E10575,T-004,2026-06-05,2026-07-05,Abgeschlossen,2026-07-14
A04785,E10575,T-005,2026-03-13,2026-06-11,Abgeschlossen,2026-04-20
A04786,E10575,T-010,2019-01-07,2019-03-08,Abgeschlossen,2019-03-04
A04787,E10575,T-011,2026-07-04,2026-08-03,Zugewiesen,
A04788,E10575,T-012,2026-05-01,2026-05-31,Abgeschlossen,2026-05-15
A04789,E10575,T-017,2026-02-27,2026-05-28,Abgeschlossen,2026-10-06
A04790,E10576,T-001,2026-03-26,2026-04-25,Abgeschlossen,2026-04-20
A04791,E10576,T-002,2026-02-01,2026-05-02,Zugewiesen,
A04792,E10576,T-003,2026-09-19,2026-10-19,Abgeschlossen,2026-10-11
A04793,E10576,T-004,2026-06-12,2026-07-12,In Bearbeitung,
A04794,E10576,T-005,2026-08-07,2026-10-06,Abgeschlossen,2026-09-22
A04795,E10576,T-010,2024-02-12,2024-04-12,Abgeschlossen,2024-04-06
A04796,E10576,T-011,2025-12-19,2026-03-19,Abgeschlossen,2026-01-13
A04797,E10576,T-012,2026-02-01,2026-03-03,Abgeschlossen,2026-02-06
A04798,E10577,T-001,2026-02-21,2026-03-23,Abgeschlossen,2026-03-26
A04799,E10577,T-002,2026-01-18,2026-04-18,Abgeschlossen,2026-02-06
A04800,E10577,T-003,2026-07-20,2026-09-18,Abgeschlossen,2026-08-23
A04801,E10577,T-004,2026-06-09,2026-08-08,In Bearbeitung,
A04802,E10577,T-005,2025-12-15,2026-03-15,Abgeschlossen,2026-01-03
A04803,E10577,T-010,2019-01-04,2019-03-05,Abgeschlossen,2019-02-19
A04804,E10577,T-011,2026-08-13,2026-11-11,In Bearbeitung,
A04805,E10577,T-012,2026-06-24,2026-07-24,Abgeschlossen,2026-08-03
A04806,E10577,T-016,2026-04-19,2026-08-17,Zugewiesen,
A04807,E10578,T-001,2026-06-09,2026-08-08,Abgeschlossen,2026-06-10
A04808,E10578,T-002,2026-06-12,2026-08-11,Abgeschlossen,2026-08-07
A04809,E10578,T-003,2026-09-22,2026-11-21,Abgeschlossen,2026-10-01
A04810,E10578,T-004,2026-06-11,2026-07-26,Abgeschlossen,2026-07-24
A04811,E10578,T-005,2026-10-07,2027-01-05,Abgeschlossen,2026-10-15
A04812,E10578,T-010,2019-01-09,2019-03-10,Abgeschlossen,2019-02-13
A04813,E10578,T-011,2026-03-07,2026-04-06,Abgeschlossen,2026-04-02
A04814,E10578,T-012,2026-08-05,2026-10-04,Abgeschlossen,2026-08-18
A04815,E10579,T-001,2026-02-17,2026-04-18,Abgeschlossen,2026-04-21
A04816,E10579,T-002,2026-03-06,2026-06-04,Abgeschlossen,2026-05-02
A04817,E10579,T-003,2025-12-30,2026-01-29,Abgeschlossen,2026-02-03
A04818,E10579,T-004,2026-06-10,2026-08-09,Zugewiesen,
A04819,E10579,T-005,2026-05-25,2026-06-24,Abgeschlossen,2026-06-19
A04820,E10579,T-010,2019-01-08,2019-03-09,Abgeschlossen,2019-02-13
A04821,E10579,T-011,2026-04-30,2026-06-29,Abgeschlossen,2026-05-03
A04822,E10579,T-012,2025-12-04,2026-01-03,Zugewiesen,
A04823,E10579,T-014,2026-01-08,2026-05-08,Zugewiesen,
A04824,E10580,T-001,2026-09-13,2026-10-13,Abgeschlossen,2026-09-25
A04825,E10580,T-002,2026-04-01,2026-05-31,Abgeschlossen,2026-06-01
A04826,E10580,T-003,2026-09-29,2026-12-28,Zugewiesen,
A04827,E10580,T-004,2026-06-07,2026-07-07,Zugewiesen,
A04828,E10580,T-005,2026-10-11,2026-11-10,Abgeschlossen,2026-10-23
A04829,E10580,T-010,2019-01-02,2019-03-03,Abgeschlossen,2019-02-09
A04830,E10580,T-011,2026-01-20,2026-04-20,Abgeschlossen,2026-03-14
A04831,E10580,T-012,2026-03-12,2026-04-11,Abgeschlossen,2026-04-11
A04832,E10581,T-001,2026-03-11,2026-04-10,Abgeschlossen,2026-03-17
A04833,E10581,T-002,2026-02-12,2026-04-13,Abgeschlossen,2026-04-15
A04834,E10581,T-003,2026-05-22,2026-08-20,Abgeschlossen,2026-08-10
A04835,E10581,T-004,2026-06-06,2026-07-06,Abgeschlossen,2026-07-08
A04836,E10581,T-005,2026-01-24,2026-03-25,Abgeschlossen,2026-02-11
A04837,E10581,T-010,2019-01-08,2019-03-09,Abgeschlossen,2019-02-15
A04838,E10581,T-011,2026-10-06,2027-01-04,Zugewiesen,
A04839,E10581,T-012,2026-09-20,2026-11-19,Abgeschlossen,2026-10-25
A04840,E10582,T-001,2026-04-23,2026-05-23,Abgeschlossen,2026-05-19
A04841,E10582,T-002,2026-02-20,2026-05-21,Abgeschlossen,2026-05-05
A04842,E10582,T-003,2026-01-19,2026-04-19,Abgeschlossen,2026-01-29
A04843,E10582,T-004,2026-06-12,2026-07-12,Abgeschlossen,2026-06-17
A04844,E10582,T-005,2026-01-15,2026-03-16,Abgeschlossen,2026-03-01
A04845,E10582,T-010,2019-01-15,2019-03-16,Abgeschlossen,2019-03-21
A04846,E10582,T-011,2025-12-27,2026-02-25,Abgeschlossen,2026-03-02
A04847,E10582,T-012,2026-05-31,2026-08-29,Abgeschlossen,2026-07-06
A04848,E10583,T-001,2026-05-25,2026-06-24,Abgeschlossen,2026-06-22
A04849,E10583,T-002,2026-09-01,2026-11-30,In Bearbeitung,
A04850,E10583,T-003,2026-04-19,2026-07-18,Abgeschlossen,2026-06-10
A04851,E10583,T-004,2026-06-10,2026-08-09,Zugewiesen,
A04852,E10583,T-005,2025-12-29,2026-03-29,Abgeschlossen,2026-04-02
A04853,E10583,T-010,2019-01-07,2019-03-08,Abgeschlossen,2019-01-10
A04854,E10583,T-011,2026-09-27,2026-10-27,Abgeschlossen,2026-09-30
A04855,E10583,T-012,2026-07-20,2026-09-18,Abgeschlossen,2026-09-09
A04856,E10584,T-001,2026-04-13,2026-07-12,Abgeschlossen,2026-06-21
A04857,E10584,T-002,2026-03-31,2026-05-30,Abgeschlossen,2026-04-03
A04858,E10584,T-003,2026-08-01,2026-10-30,Abgeschlossen,2026-10-13
A04859,E10584,T-004,2026-06-08,2026-08-07,Abgeschlossen,2026-06-13
A04860,E10584,T-005,2025-12-16,2026-03-16,Abgeschlossen,2025-12-20
A04861,E10584,T-010,2019-01-01,2019-03-02,Abgeschlossen,2019-03-05
A04862,E10584,T-011,2026-02-05,2026-03-07,Abgeschlossen,2026-02-22
A04863,E10584,T-012,2026-02-23,2026-05-24,Abgeschlossen,2026-04-01
A04864,E10585,T-001,2025-12-31,2026-01-30,Abgeschlossen,2026-01-22
A04865,E10585,T-002,2026-07-11,2026-08-10,Abgeschlossen,2026-08-03
A04866,E10585,T-003,2026-06-01,2026-07-01,Abgeschlossen,2026-06-19
A04867,E10585,T-004,2026-06-08,2026-08-07,In Bearbeitung,
A04868,E10585,T-005,2026-02-28,2026-05-29,Abgeschlossen,2026-06-06
A04869,E10585,T-010,2024-05-03,2024-07-02,Abgeschlossen,2024-06-23
A04870,E10585,T-011,2026-05-12,2026-08-10,Abgeschlossen,2026-05-29
A04871,E10585,T-012,2026-02-27,2026-05-28,Abgeschlossen,2026-04-17
A04872,E10586,T-001,2026-04-29,2026-07-28,Abgeschlossen,2026-05-07
A04873,E10586,T-002,2026-06-26,2026-09-24,Abgeschlossen,2026-08-30
A04874,E10586,T-003,2026-10-09,2026-12-08,Abgeschlossen,2026-10-18
A04875,E10586,T-004,2026-06-05,2026-07-05,In Bearbeitung,
A04876,E10586,T-005,2026-04-01,2026-05-31,Abgeschlossen,2026-04-22
A04877,E10586,T-010,2019-01-06,2019-03-07,Abgeschlossen,2019-01-25
A04878,E10586,T-011,2026-07-27,2026-09-25,Abgeschlossen,2026-09-25
A04879,E10586,T-012,2025-12-25,2026-03-25,Abgeschlossen,2026-02-13
A04880,E10586,T-016,2026-02-05,2026-06-05,Abgeschlossen,2026-03-05
A04881,E10587,T-001,2026-07-31,2026-10-29,Abgeschlossen,2026-09-14
A04882,E10587,T-002,2026-07-23,2026-10-21,Abgeschlossen,2026-10-08
A04883,E10587,T-003,2026-04-05,2026-06-04,Zugewiesen,
A04884,E10587,T-004,2026-06-10,2026-07-25,Zugewiesen,
A04885,E10587,T-005,2026-04-13,2026-07-12,Abgeschlossen,2026-05-04
A04886,E10587,T-010,2019-01-03,2019-03-04,Abgeschlossen,2019-03-05
A04887,E10587,T-011,2026-01-15,2026-02-14,Abgeschlossen,2026-01-30
A04888,E10587,T-012,2026-08-19,2026-11-17,Zugewiesen,
A04889,E10588,T-001,2026-08-03,2026-11-01,Abgeschlossen,2026-10-20
A04890,E10588,T-002,2026-01-18,2026-02-17,Abgeschlossen,2026-02-20
A04891,E10588,T-003,2026-09-28,2026-10-28,Abgeschlossen,2026-10-08
A04892,E10588,T-004,2026-06-09,2026-08-08,In Bearbeitung,
A04893,E10588,T-005,2026-04-06,2026-05-06,Abgeschlossen,2026-05-09
A04894,E10588,T-010,2019-04-11,2019-06-10,Abgeschlossen,2019-05-22
A04895,E10588,T-011,2026-07-11,2026-10-09,Abgeschlossen,2026-08-13
A04896,E10588,T-012,2026-02-11,2026-03-13,Abgeschlossen,2026-02-25
A04897,E10589,T-001,2026-06-19,2026-09-17,Abgeschlossen,2026-07-01
A04898,E10589,T-002,2026-03-27,2026-04-26,Abgeschlossen,2026-04-01
A04899,E10589,T-003,2025-12-02,2026-01-31,Abgeschlossen,2026-01-15
A04900,E10589,T-004,2026-06-07,2026-07-22,Abgeschlossen,2026-07-23
A04901,E10589,T-005,2026-07-18,2026-08-17,Zugewiesen,
A04902,E10589,T-010,2019-01-11,2019-03-12,Abgeschlossen,2019-03-06
A04903,E10589,T-011,2026-06-17,2026-08-16,Abgeschlossen,2026-07-06
A04904,E10589,T-012,2026-06-16,2026-08-15,Abgeschlossen,2026-08-03
A04905,E10589,T-015,2026-08-02,2026-10-31,Zugewiesen,
A04906,E10590,T-001,2026-01-19,2026-02-18,Abgeschlossen,2026-02-02
A04907,E10590,T-002,2026-04-14,2026-06-13,Abgeschlossen,2026-06-06
A04908,E10590,T-003,2026-10-02,2026-12-01,Zugewiesen,
A04909,E10590,T-004,2026-06-11,2026-08-10,Abgeschlossen,2026-07-21
A04910,E10590,T-005,2026-01-17,2026-02-16,In Bearbeitung,
A04911,E10590,T-010,2022-05-16,2022-07-15,Abgeschlossen,2022-06-11
A04912,E10590,T-011,2026-10-06,2027-01-04,Abgeschlossen,2026-10-26
A04913,E10590,T-012,2026-07-07,2026-10-05,Abgeschlossen,2026-09-23
A04914,E10591,T-001,2026-09-22,2026-12-21,Abgeschlossen,2026-10-22
A04915,E10591,T-002,2026-08-04,2026-11-02,Abgeschlossen,2026-08-13
A04916,E10591,T-003,2025-12-09,2026-01-08,Abgeschlossen,2025-12-11
A04917,E10591,T-004,2026-06-08,2026-08-07,Abgeschlossen,2026-07-21
A04918,E10591,T-005,2026-04-09,2026-07-08,Abgeschlossen,2026-05-25
A04919,E10591,T-010,2019-01-12,2019-03-13,Abgeschlossen,2019-03-21
A04920,E10591,T-011,2026-10-08,2026-11-07,Zugewiesen,
A04921,E10591,T-012,2026-01-25,2026-02-24,Abgeschlossen,2026-02-03
A04922,E10591,T-015,2026-05-19,2026-08-17,Zugewiesen,
A04923,E10592,T-001,2026-01-22,2026-03-23,Abgeschlossen,2026-03-06
A04924,E10592,T-002,2026-09-18,2026-10-18,Abgeschlossen,2026-10-12
A04925,E10592,T-003,2026-04-30,2026-05-30,Abgeschlossen,2026-05-06
A04926,E10592,T-004,2026-06-05,2026-08-04,Abgeschlossen,2026-06-20
A04927,E10592,T-005,2026-07-26,2026-10-24,Abgeschlossen,2026-09-19
A04928,E10592,T-010,2019-01-04,2019-03-05,Abgeschlossen,2019-01-08
A04929,E10592,T-011,2026-08-02,2026-10-01,Abgeschlossen,2026-09-13
A04930,E10592,T-012,2026-01-14,2026-04-14,Abgeschlossen,2026-01-20
A04931,E10592,T-014,2026-07-22,2026-11-19,Zugewiesen,
A04932,E10593,T-001,2026-06-10,2026-08-09,Abgeschlossen,2026-07-16
A04933,E10593,T-002,2026-01-16,2026-02-15,Abgeschlossen,2026-02-17
A04934,E10593,T-003,2026-01-13,2026-04-13,Abgeschlossen,2026-01-24
A04935,E10593,T-004,2026-06-07,2026-08-06,Abgeschlossen,2026-08-03
A04936,E10593,T-005,2026-04-07,2026-05-07,Abgeschlossen,2026-05-12
A04937,E10593,T-010,2019-01-04,2019-03-05,Abgeschlossen,2019-02-10
A04938,E10593,T-011,2026-06-24,2026-09-22,Abgeschlossen,2026-08-10
A04939,E10593,T-012,2026-08-12,2026-09-11,Zugewiesen,
A04940,E10594,T-001,2026-05-31,2026-08-29,Abgeschlossen,2026-08-29
A04941,E10594,T-002,2026-09-10,2026-12-09,Abgeschlossen,2026-10-21
A04942,E10594,T-003,2026-02-06,2026-04-07,Abgeschlossen,2026-04-08
A04943,E10594,T-004,2026-06-08,2026-07-08,In Bearbeitung,
A04944,E10594,T-005,2026-09-01,2026-11-30,In Bearbeitung,
A04945,E10594,T-010,2019-01-04,2019-03-05,Abgeschlossen,2019-02-17
A04946,E10594,T-011,2026-04-29,2026-06-28,Zugewiesen,
A04947,E10594,T-012,2026-02-09,2026-03-11,Abgeschlossen,2026-03-14
A04948,E10595,T-001,2026-03-21,2026-06-19,Abgeschlossen,2026-04-18
A04949,E10595,T-002,2026-07-19,2026-10-17,Abgeschlossen,2026-08-11
A04950,E10595,T-003,2025-12-28,2026-01-27,Abgeschlossen,2026-01-21
A04951,E10595,T-004,2026-06-07,2026-07-22,In Bearbeitung,
A04952,E10595,T-005,2026-06-01,2026-08-30,Abgeschlossen,2026-07-18
A04953,E10595,T-010,2019-01-13,2019-03-14,Abgeschlossen,2019-01-19
A04954,E10595,T-011,2026-06-09,2026-09-07,Abgeschlossen,2026-08-31
A04955,E10595,T-013,2026-01-02,2026-04-02,Abgeschlossen,2026-07-05
A04956,E10596,T-001,2025-12-21,2026-03-21,Abgeschlossen,2026-01-13
A04957,E10596,T-002,2026-05-06,2026-08-04,Abgeschlossen,2026-06-11
A04958,E10596,T-003,2026-04-15,2026-06-14,Abgeschlossen,2026-04-20
A04959,E10596,T-004,2026-06-10,2026-07-25,In Bearbeitung,
A04960,E10596,T-005,2026-04-04,2026-05-04,Abgeschlossen,2026-04-22
A04961,E10596,T-010,2019-01-13,2019-03-14,Abgeschlossen,2019-03-23
A04962,E10596,T-011,2026-03-31,2026-05-30,Abgeschlossen,2026-05-30
A04963,E10596,T-016,2025-11-16,2026-03-16,Abgeschlossen,2026-10-23
A04964,E10596,T-013,2025-11-24,2026-01-23,In Bearbeitung,
A04965,E10597,T-001,2026-04-25,2026-06-24,Abgeschlossen,2026-06-08
A04966,E10597,T-002,2026-01-22,2026-03-23,Zugewiesen,
A04967,E10597,T-003,2026-07-15,2026-09-13,Abgeschlossen,2026-09-12
A04968,E10597,T-004,2026-06-10,2026-07-10,Abgeschlossen,2026-06-19
A04969,E10597,T-005,2026-07-26,2026-08-25,Abgeschlossen,2026-07-28
A04970,E10597,T-010,2019-01-03,2019-03-04,Abgeschlossen,2019-02-25
A04971,E10597,T-011,2026-09-15,2026-10-15,Abgeschlossen,2026-09-16
A04972,E10597,T-015,2026-06-29,2026-08-28,Abgeschlossen,2026-07-23
A04973,E10598,T-001,2026-07-16,2026-08-15,Abgeschlossen,2026-08-19
A04974,E10598,T-002,2026-03-17,2026-04-16,Abgeschlossen,2026-04-25
A04975,E10598,T-003,2026-02-02,2026-05-03,Abgeschlossen,2026-04-08
A04976,E10598,T-004,2026-06-09,2026-07-09,In Bearbeitung,
A04977,E10598,T-005,2025-12-07,2026-03-07,Abgeschlossen,2026-02-04
A04978,E10598,T-010,2022-03-29,2022-05-28,Abgeschlossen,2022-05-24
A04979,E10598,T-011,2026-01-03,2026-03-04,Zugewiesen,
A04980,E10598,T-016,2026-03-30,2026-07-28,In Bearbeitung,
A04981,E10599,T-001,2026-07-03,2026-10-01,Abgeschlossen,2026-08-05
A04982,E10599,T-002,2026-02-22,2026-05-23,Abgeschlossen,2026-04-13
A04983,E10599,T-003,2026-07-31,2026-08-30,Abgeschlossen,2026-08-30
A04984,E10599,T-004,2026-06-05,2026-07-20,In Bearbeitung,
A04985,E10599,T-005,2026-06-16,2026-09-14,Abgeschlossen,2026-07-22
A04986,E10599,T-010,2021-09-21,2021-11-20,Abgeschlossen,2021-11-30
A04987,E10599,T-011,2026-08-21,2026-11-19,Abgeschlossen,2026-08-30
A04988,E10599,T-014,2026-07-18,2026-10-16,Abgeschlossen,2026-08-30
A04989,E10599,T-015,2026-06-20,2026-08-19,Abgeschlossen,2026-10-06
A04990,E10600,T-001,2026-05-12,2026-08-10,Abgeschlossen,2026-07-09
A04991,E10600,T-002,2026-03-05,2026-05-04,Abgeschlossen,2026-04-10
A04992,E10600,T-003,2026-03-01,2026-04-30,Abgeschlossen,2026-03-20
A04993,E10600,T-004,2026-06-09,2026-07-24,Zugewiesen,
A04994,E10600,T-005,2026-03-15,2026-06-13,Abgeschlossen,2026-04-06
A04995,E10600,T-010,2019-01-04,2019-03-05,Abgeschlossen,2019-02-14
A04996,E10600,T-011,2026-08-30,2026-09-29,Abgeschlossen,2026-09-17
A04997,E10600,T-016,2026-07-29,2026-11-26,In Bearbeitung,
A04998,E10601,T-001,2026-08-05,2026-11-03,Zugewiesen,
A04999,E10601,T-002,2026-08-04,2026-09-03,Abgeschlossen,2026-08-24
A05000,E10601,T-003,2025-12-11,2026-02-09,Abgeschlossen,2025-12-12
A05001,E10601,T-004,2026-06-07,2026-08-06,In Bearbeitung,
A05002,E10601,T-005,2026-01-27,2026-02-26,Abgeschlossen,2026-03-05
A05003,E10601,T-010,2019-01-15,2019-03-16,Abgeschlossen,2019-03-03
A05004,E10601,T-011,2026-04-04,2026-07-03,Abgeschlossen,2026-05-29
A05005,E10602,T-001,2026-01-20,2026-04-20,Abgeschlossen,2026-03-01
A05006,E10602,T-002,2026-05-06,2026-06-05,Abgeschlossen,2026-05-21
A05007,E10602,T-003,2026-04-26,2026-06-25,Zugewiesen,
A05008,E10602,T-004,2026-06-05,2026-08-04,Zugewiesen,
A05009,E10602,T-005,2026-09-22,2026-10-22,Abgeschlossen,2026-10-06
A05010,E10602,T-010,2019-01-02,2019-03-03,Abgeschlossen,2019-02-13
A05011,E10602,T-011,2026-04-12,2026-05-12,Abgeschlossen,2026-04-19
A05012,E10602,T-017,2026-06-21,2026-09-19,Zugewiesen,
A05013,E10603,T-001,2026-01-26,2026-03-27,Abgeschlossen,2026-02-05
A05014,E10603,T-002,2026-10-03,2026-11-02,Abgeschlossen,2026-10-13
A05015,E10603,T-003,2026-06-08,2026-07-08,Abgeschlossen,2026-06-23
A05016,E10603,T-004,2026-06-07,2026-07-07,In Bearbeitung,
A05017,E10603,T-005,2025-12-15,2026-03-15,Abgeschlossen,2026-03-21
A05018,E10603,T-010,2019-01-09,2019-03-10,Abgeschlossen,2019-03-17
A05019,E10603,T-011,2026-04-19,2026-06-18,Abgeschlossen,2026-06-25
A05020,E10603,T-014,2026-05-14,2026-09-11,In Bearbeitung,
A05021,E10604,T-001,2026-01-29,2026-04-29,Abgeschlossen,2026-02-25
A05022,E10604,T-002,2026-07-26,2026-09-24,Abgeschlossen,2026-07-28
A05023,E10604,T-003,2026-07-20,2026-10-18,Abgeschlossen,2026-08-01
A05024,E10604,T-004,2026-06-08,2026-07-08,Abgeschlossen,2026-07-07
A05025,E10604,T-005,2026-05-19,2026-06-18,Abgeschlossen,2026-06-02
A05026,E10604,T-010,2019-01-05,2019-03-06,Abgeschlossen,2019-03-13
A05027,E10604,T-011,2026-09-11,2026-11-10,Abgeschlossen,2026-09-24
A05028,E10604,T-015,2026-02-12,2026-06-12,Zugewiesen,
A05029,E10605,T-001,2026-08-15,2026-10-14,Abgeschlossen,2026-09-13
A05030,E10605,T-002,2026-08-16,2026-10-15,Abgeschlossen,2026-09-07
A05031,E10605,T-003,2026-02-03,2026-03-05,Abgeschlossen,2026-02-18
A05032,E10605,T-004,2026-06-10,2026-08-09,Zugewiesen,
A05033,E10605,T-005,2026-04-24,2026-05-24,Abgeschlossen,2026-05-13
A05034,E10605,T-010,2019-01-11,2019-03-12,Abgeschlossen,2019-01-23
A05035,E10605,T-011,2026-02-01,2026-04-02,Abgeschlossen,2026-02-04
A05036,E10605,T-015,2026-02-14,2026-05-15,In Bearbeitung,
A05037,E10606,T-001,2026-06-22,2026-08-21,Abgeschlossen,2026-08-14
A05038,E10606,T-002,2026-06-13,2026-08-12,Abgeschlossen,2026-06-19
A05039,E10606,T-003,2026-05-26,2026-06-25,Abgeschlossen,2026-06-17
A05040,E10606,T-004,2026-06-11,2026-07-26,Abgeschlossen,2026-08-05
A05041,E10606,T-005,2026-01-18,2026-03-19,Abgeschlossen,2026-03-26
A05042,E10606,T-010,2019-01-03,2019-03-04,Abgeschlossen,2019-02-12
A05043,E10606,T-011,2026-07-11,2026-09-09,Abgeschlossen,2026-08-24
A05044,E10607,T-001,2026-06-24,2026-08-23,Abgeschlossen,2026-07-06
A05045,E10607,T-002,2026-02-03,2026-03-05,Abgeschlossen,2026-02-21
A05046,E10607,T-003,2026-01-12,2026-02-11,Abgeschlossen,2026-01-26
A05047,E10607,T-004,2026-06-05,2026-08-04,Abgeschlossen,2026-08-07
A05048,E10607,T-005,2026-08-03,2026-11-01,Abgeschlossen,2026-09-30
A05049,E10607,T-010,2019-06-26,2019-08-25,Abgeschlossen,2019-09-02
A05050,E10607,T-011,2026-02-21,2026-03-23,Abgeschlossen,2026-03-02
A05051,E10607,T-014,2026-06-18,2026-08-17,In Bearbeitung,
A05052,E10607,T-015,2026-02-17,2026-06-17,In Bearbeitung,
A05053,E10608,T-001,2026-08-13,2026-11-11,In Bearbeitung,
A05054,E10608,T-002,2026-06-21,2026-09-19,Abgeschlossen,2026-09-22
A05055,E10608,T-003,2026-03-30,2026-04-29,Abgeschlossen,2026-04-17
A05056,E10608,T-004,2026-06-06,2026-08-05,Zugewiesen,
A05057,E10608,T-005,2026-01-27,2026-04-27,Abgeschlossen,2026-03-27
A05058,E10608,T-010,2019-01-05,2019-03-06,Abgeschlossen,2019-01-14
A05059,E10608,T-011,2026-09-04,2026-11-03,Abgeschlossen,2026-10-26
A05060,E10609,T-001,2026-09-23,2026-10-23,Abgeschlossen,2026-10-23
A05061,E10609,T-002,2025-12-02,2026-03-02,Abgeschlossen,2026-01-08
A05062,E10609,T-003,2026-07-08,2026-09-06,Abgeschlossen,2026-07-29
A05063,E10609,T-004,2026-06-06,2026-08-05,Abgeschlossen,2026-07-16
A05064,E10609,T-005,2026-01-01,2026-04-01,Abgeschlossen,2026-03-03
A05065,E10609,T-010,2019-01-05,2019-03-06,Abgeschlossen,2019-01-13
A05066,E10609,T-011,2026-09-22,2026-11-21,Abgeschlossen,2026-09-24
A05067,E10610,T-001,2025-12-30,2026-02-28,Abgeschlossen,2026-01-15
A05068,E10610,T-002,2026-09-08,2026-10-08,Abgeschlossen,2026-09-23
A05069,E10610,T-003,2026-03-27,2026-04-26,Abgeschlossen,2026-05-05
A05070,E10610,T-004,2026-06-06,2026-07-21,In Bearbeitung,
A05071,E10610,T-005,2026-07-17,2026-10-15,Abgeschlossen,2026-07-29
A05072,E10610,T-010,2019-01-12,2019-03-13,Abgeschlossen,2019-01-16
A05073,E10610,T-011,2026-09-27,2026-12-26,In Bearbeitung,
A05074,E10610,T-015,2026-05-06,2026-07-05,Zugewiesen,
A05075,E10611,T-001,2026-01-30,2026-04-30,Abgeschlossen,2026-05-10
A05076,E10611,T-002,2026-06-07,2026-08-06,Abgeschlossen,2026-08-16
A05077,E10611,T-003,2025-12-26,2026-03-26,Abgeschlossen,
A05078,E10611,T-004,2026-06-08,2026-07-23,Zugewiesen,
A05079,E10611,T-005,2026-06-06,2026-08-05,Abgeschlossen,2026-06-10
A05080,E10611,T-010,2019-01-11,2019-03-12,Abgeschlossen,2019-03-13
A05081,E10611,T-011,2026-10-08,2027-01-06,Abgeschlossen,2026-10-19
A05082,E10611,T-015,2025-12-16,2026-04-15,In Bearbeitung,
A05083,E10611,T-016,2025-11-03,2026-01-02,In Bearbeitung,
A05084,E10612,T-001,2026-02-20,2026-04-21,Abgeschlossen,2026-04-10
A05085,E10612,T-002,2026-05-13,2026-08-11,Abgeschlossen,2026-06-20
A05086,E10612,T-003,2026-06-08,2026-07-08,Zugewiesen,
A05087,E10612,T-004,2026-06-08,2026-07-08,Abgeschlossen,2026-06-17
A05088,E10612,T-005,2026-08-03,2026-09-02,Abgeschlossen,2026-08-13
A05089,E10612,T-010,2021-02-20,2021-04-21,Abgeschlossen,2021-02-21
A05090,E10612,T-011,2026-03-01,2026-03-31,Zugewiesen,
A05091,E10613,T-001,2026-06-03,2026-09-01,Abgeschlossen,2026-07-19
A05092,E10613,T-002,2026-01-22,2026-02-21,Abgeschlossen,2026-02-10
A05093,E10613,T-003,2026-10-04,2026-11-03,Abgeschlossen,2026-10-23
A05094,E10613,T-004,2026-06-08,2026-08-07,In Bearbeitung,
A05095,E10613,T-005,2026-07-08,2026-10-06,Abgeschlossen,2026-09-29
A05096,E10613,T-010,2019-01-11,2019-03-12,Abgeschlossen,2019-02-10
A05097,E10613,T-011,2026-06-23,2026-08-22,Abgeschlossen,2026-08-31
A05098,E10613,T-016,2026-04-14,2026-06-13,In Bearbeitung,
A05099,E10614,T-001,2026-04-24,2026-07-23,Abgeschlossen,2026-05-09
A05100,E10614,T-002,2026-02-16,2026-04-17,Abgeschlossen,2026-04-11
A05101,E10614,T-003,2026-05-12,2026-07-11,Abgeschlossen,2026-06-17
A05102,E10614,T-004,2026-06-10,2026-07-25,Abgeschlossen,2026-07-31
A05103,E10614,T-005,2026-03-24,2026-05-23,Abgeschlossen,2026-04-25
A05104,E10614,T-010,2019-01-09,2019-03-10,Abgeschlossen,2019-02-14
A05105,E10614,T-011,2026-06-19,2026-07-19,Abgeschlossen,2026-07-04
A05106,E10615,T-001,2026-08-16,2026-09-15,Abgeschlossen,2026-09-23
A05107,E10615,T-002,2026-02-17,2026-04-18,Abgeschlossen,2026-03-21
A05108,E10615,T-003,2025-12-21,2026-02-19,Abgeschlossen,2025-12-28
A05109,E10615,T-004,2026-06-12,2026-07-12,In Bearbeitung,
A05110,E10615,T-005,2025-12-07,2026-01-06,Abgeschlossen,2025-12-31
A05111,E10615,T-010,2024-11-25,2025-01-24,Abgeschlossen,2025-01-21
A05112,E10615,T-011,2026-09-01,2026-10-31,Abgeschlossen,2026-10-11
A05113,E10615,T-015,2026-02-09,2026-04-10,In Bearbeitung,
A05114,E10615,T-017,2026-03-25,2026-06-23,In Bearbeitung,
A05115,E10616,T-001,2026-02-03,2026-05-04,Abgeschlossen,2026-02-20
A05116,E10616,T-002,2025-12-24,2026-01-23,Abgeschlossen,2026-01-28
A05117,E10616,T-003,2026-05-15,2026-06-14,Abgeschlossen,2026-06-20
A05118,E10616,T-004,2026-06-12,2026-08-11,In Bearbeitung,
A05119,E10616,T-005,2026-08-22,2026-11-20,Abgeschlossen,2026-09-22
A05120,E10616,T-010,2019-01-15,2019-03-16,Abgeschlossen,2019-03-22
A05121,E10616,T-011,2026-06-06,2026-07-06,Zugewiesen,
A05122,E10616,T-015,2025-11-04,2026-03-04,In Bearbeitung,
A05123,E10616,T-016,2026-07-07,2026-10-05,Zugewiesen,
A05124,E10617,T-001,2026-08-27,2026-11-25,Zugewiesen,
A05125,E10617,T-002,2026-01-07,2026-02-06,Abgeschlossen,2026-02-04
A05126,E10617,T-003,2026-02-26,2026-05-27,Abgeschlossen,2026-03-01
A05127,E10617,T-004,2026-06-09,2026-07-09,Abgeschlossen,2026-06-25
A05128,E10617,T-005,2026-05-06,2026-08-04,Abgeschlossen,2026-05-23
A05129,E10617,T-010,2020-10-11,2020-12-10,Abgeschlossen,2020-10-26
A05130,E10617,T-011,2026-01-30,2026-04-30,Abgeschlossen,2026-04-28
A05131,E10618,T-001,2025-12-11,2026-03-11,Abgeschlossen,2026-01-18
A05132,E10618,T-002,2026-06-13,2026-09-11,Abgeschlossen,2026-08-27
A05133,E10618,T-003,2026-03-17,2026-05-16,Abgeschlossen,2026-03-21
A05134,E10618,T-004,2026-06-09,2026-07-24,Abgeschlossen,2026-06-28
A05135,E10618,T-005,2026-09-07,2026-12-06,In Bearbeitung,
A05136,E10618,T-010,2024-12-25,2025-02-23,Abgeschlossen,2025-01-05
A05137,E10618,T-011,2026-08-13,2026-11-11,Abgeschlossen,2026-10-01
A05138,E10618,T-016,2026-03-19,2026-07-17,Zugewiesen,
A05139,E10619,T-001,2026-09-28,2026-11-27,Zugewiesen,
A05140,E10619,T-002,2026-04-03,2026-06-02,Abgeschlossen,2026-04-14
A05141,E10619,T-003,2026-10-05,2026-11-04,Abgeschlossen,2026-10-14
A05142,E10619,T-004,2026-06-06,2026-07-06,Abgeschlossen,2026-06-10
A05143,E10619,T-005,2026-06-03,2026-09-01,Abgeschlossen,2026-07-06
A05144,E10619,T-010,2021-10-12,2021-12-11,Abgeschlossen,2021-12-07
A05145,E10619,T-011,2026-02-19,2026-03-21,Abgeschlossen,2026-03-16
A05146,E10620,T-001,2026-06-21,2026-07-21,Abgeschlossen,2026-07-17
A05147,E10620,T-002,2026-05-31,2026-07-30,Abgeschlossen,2026-06-06
A05148,E10620,T-003,2026-10-08,2027-01-06,Abgeschlossen,2026-10-17
A05149,E10620,T-004,2026-06-09,2026-07-24,In Bearbeitung,
A05150,E10620,T-005,2026-03-27,2026-04-26,Abgeschlossen,2026-04-15
A05151,E10620,T-010,2019-01-13,2019-03-14,Abgeschlossen,2019-03-18
A05152,E10620,T-011,2026-08-24,2026-10-23,Abgeschlossen,2026-08-25
A05153,E10621,T-001,2026-07-23,2026-10-21,Abgeschlossen,2026-09-02
A05154,E10621,T-002,2026-08-03,2026-10-02,Abgeschlossen,2026-09-24
A05155,E10621,T-003,2026-06-10,2026-07-10,Abgeschlossen,2026-07-08
A05156,E10621,T-004,2026-06-05,2026-08-04,In Bearbeitung,
A05157,E10621,T-005,2026-10-12,2027-01-10,Zugewiesen,
A05158,E10621,T-010,2019-01-08,2019-03-09,Abgeschlossen,2019-01-25
A05159,E10621,T-011,2026-10-01,2026-12-30,In Bearbeitung,
A05160,E10621,T-014,2026-05-12,2026-07-11,Zugewiesen,
A05161,E10621,T-017,2025-11-17,2026-02-15,Abgeschlossen,2026-07-25
A05162,E10622,T-001,2026-01-03,2026-02-02,Zugewiesen,
A05163,E10622,T-002,2026-02-12,2026-03-14,Abgeschlossen,2026-03-24
A05164,E10622,T-003,2026-09-02,2026-11-01,Abgeschlossen,2026-09-26
A05165,E10622,T-004,2026-06-09,2026-07-24,Abgeschlossen,2026-06-24
A05166,E10622,T-005,2026-09-24,2026-11-23,Abgeschlossen,2026-10-17
A05167,E10622,T-010,2019-01-13,2019-03-14,Abgeschlossen,2019-01-28
A05168,E10622,T-011,2026-07-12,2026-08-11,Abgeschlossen,2026-07-31
A05169,E10622,T-017,2026-06-07,2026-09-05,Abgeschlossen,2026-08-19
A05170,E10623,T-001,2026-03-14,2026-04-13,Abgeschlossen,2026-03-24
A05171,E10623,T-002,2026-08-07,2026-09-06,Abgeschlossen,2026-08-11
A05172,E10623,T-003,2026-05-16,2026-06-15,Abgeschlossen,2026-06-05
A05173,E10623,T-004,2026-06-09,2026-07-09,Abgeschlossen,2026-06-15
A05174,E10623,T-005,2026-04-16,2026-06-15,Abgeschlossen,2026-05-19
A05175,E10623,T-010,2019-01-03,2019-03-04,Abgeschlossen,2019-02-19
A05176,E10623,T-011,2026-01-17,2026-02-16,Abgeschlossen,2026-02-22
A05177,E10624,T-001,2026-07-20,2026-09-18,Zugewiesen,
A05178,E10624,T-002,2026-09-08,2026-12-07,Abgeschlossen,2026-10-19
A05179,E10624,T-003,2026-02-05,2026-03-07,Abgeschlossen,2026-02-08
A05180,E10624,T-004,2026-06-07,2026-07-22,Zugewiesen,
A05181,E10624,T-005,2026-05-16,2026-06-15,Abgeschlossen,2026-06-12
A05182,E10624,T-010,2019-01-05,2019-03-06,Abgeschlossen,2019-02-16
A05183,E10624,T-011,2026-03-26,2026-04-25,Abgeschlossen,2026-04-05
A05184,E10625,T-001,2026-03-20,2026-05-19,Abgeschlossen,2026-03-31
A05185,E10625,T-002,2026-02-18,2026-03-20,Abgeschlossen,2026-03-27
A05186,E10625,T-003,2025-12-04,2026-03-04,Abgeschlossen,2026-01-11
A05187,E10625,T-004,2026-06-08,2026-07-23,In Bearbeitung,
A05188,E10625,T-005,2026-05-19,2026-08-17,Abgeschlossen,2026-06-19
A05189,E10625,T-010,2019-01-03,2019-03-04,Abgeschlossen,2019-02-13
A05190,E10625,T-014,2026-04-21,2026-06-20,Zugewiesen,
A05191,E10625,T-013,2026-07-19,2026-10-17,Abgeschlossen,2026-09-06
A05192,E10626,T-001,2026-09-23,2026-12-22,Zugewiesen,
A05193,E10626,T-002,2026-06-11,2026-08-10,Abgeschlossen,2026-07-03
A05194,E10626,T-003,2026-08-08,2026-09-07,Abgeschlossen,2026-08-22
A05195,E10626,T-004,2026-06-08,2026-08-07,In Bearbeitung,
A05196,E10626,T-005,2026-03-31,2026-04-30,Abgeschlossen,2026-04-24
A05197,E10626,T-010,2021-09-28,2021-11-27,Abgeschlossen,2021-10-08
A05198,E10626,T-016,2025-11-23,2026-01-22,Zugewiesen,
A05199,E10626,T-013,2026-03-27,2026-05-26,Zugewiesen,
A05200,E10627,T-001,2026-01-23,2026-04-23,Abgeschlossen,2026-02-05
A05201,E10627,T-002,2026-02-17,2026-05-18,Abgeschlossen,2026-02-21
A05202,E10627,T-003,2026-09-27,2026-12-26,In Bearbeitung,
A05203,E10627,T-004,2026-06-07,2026-08-06,Abgeschlossen,2026-07-02
A05204,E10627,T-005,2026-07-24,2026-09-22,Abgeschlossen,2026-09-17
A05205,E10627,T-010,2019-01-13,2019-03-14,Abgeschlossen,2019-03-21
A05206,E10628,T-001,2026-07-14,2026-09-12,In Bearbeitung,
A05207,E10628,T-002,2026-01-06,2026-04-06,Abgeschlossen,2026-03-30
A05208,E10628,T-003,2026-05-27,2026-08-25,Abgeschlossen,2026-06-21
A05209,E10628,T-004,2026-06-05,2026-07-05,In Bearbeitung,
A05210,E10628,T-005,2026-02-17,2026-03-19,Abgeschlossen,2026-03-22
A05211,E10628,T-010,2019-01-02,2019-03-03,Abgeschlossen,2019-02-23
A05212,E10629,T-001,2026-07-25,2026-10-23,Abgeschlossen,2026-09-28
A05213,E10629,T-002,2025-12-20,2026-02-18,Abgeschlossen,2026-01-29
A05214,E10629,T-003,2026-05-10,2026-06-09,In Bearbeitung,
A05215,E10629,T-004,2026-06-10,2026-07-10,Zugewiesen,
A05216,E10629,T-005,2025-12-31,2026-01-30,Abgeschlossen,2026-01-20
A05217,E10629,T-010,2025-07-16,2025-09-14,Abgeschlossen,2025-08-22
A05218,E10629,T-014,2026-06-28,2026-08-27,Abgeschlossen,2026-09-12
A05219,E10630,T-001,2026-05-30,2026-06-29,Abgeschlossen,2026-06-28
A05220,E10630,T-002,2026-01-01,2026-04-01,Abgeschlossen,2026-01-03
A05221,E10630,T-003,2026-03-15,2026-05-14,Abgeschlossen,2026-05-23
A05222,E10630,T-004,2026-06-06,2026-07-06,In Bearbeitung,
A05223,E10630,T-005,2025-12-08,2026-01-07,Abgeschlossen,2026-01-17
A05224,E10630,T-010,2019-01-02,2019-03-03,Abgeschlossen,2019-02-01
A05225,E10631,T-001,2026-08-23,2026-09-22,Abgeschlossen,2026-09-02
A05226,E10631,T-002,2026-09-14,2026-12-13,Abgeschlossen,2026-10-20
A05227,E10631,T-003,2026-03-02,2026-05-31,Abgeschlossen,2026-04-01
A05228,E10631,T-004,2026-06-10,2026-08-09,Abgeschlossen,2026-06-30
A05229,E10631,T-005,2026-06-11,2026-07-11,Abgeschlossen,2026-06-23
A05230,E10631,T-010,2022-03-05,2022-05-04,In Bearbeitung,
A05231,E10632,T-001,2026-01-25,2026-03-26,Abgeschlossen,2026-02-27
A05232,E10632,T-002,2026-02-08,2026-03-10,Abgeschlossen,2026-02-24
A05233,E10632,T-003,2026-07-07,2026-08-06,Abgeschlossen,2026-08-13
A05234,E10632,T-004,2026-06-09,2026-08-08,Zugewiesen,
A05235,E10632,T-005,2025-12-19,2026-01-18,Abgeschlossen,2025-12-23
A05236,E10632,T-010,2019-01-13,2019-03-14,Abgeschlossen,2019-03-05
A05237,E10633,T-001,2026-02-06,2026-03-08,Abgeschlossen,2026-02-27
A05238,E10633,T-002,2026-02-02,2026-03-04,Abgeschlossen,2026-02-25
A05239,E10633,T-003,2026-05-30,2026-08-28,Abgeschlossen,2026-07-12
A05240,E10633,T-004,2026-06-09,2026-07-09,Zugewiesen,
A05241,E10633,T-005,2026-04-01,2026-05-01,Abgeschlossen,2026-04-26
A05242,E10633,T-010,2019-01-02,2019-03-03,Abgeschlossen,2019-01-27
A05243,E10634,T-001,2026-06-25,2026-07-25,Abgeschlossen,2026-07-12
A05244,E10634,T-002,2026-10-03,2027-01-01,Zugewiesen,
A05245,E10634,T-003,2026-03-18,2026-04-17,Abgeschlossen,2026-04-27
A05246,E10634,T-004,2026-06-10,2026-07-10,Abgeschlossen,2026-06-17
A05247,E10634,T-005,2026-01-29,2026-04-29,Abgeschlossen,2026-02-23
A05248,E10634,T-010,2019-01-12,2019-03-13,Abgeschlossen,2019-01-17
A05249,E10634,T-014,2026-09-04,2026-11-03,Zugewiesen,
A05250,E10634,T-017,2026-07-14,2026-10-12,Abgeschlossen,2026-10-14
A05251,E10635,T-001,2026-09-29,2026-12-28,Zugewiesen,
A05252,E10635,T-002,2025-12-28,2026-03-28,Abgeschlossen,2026-01-10
A05253,E10635,T-003,2026-05-03,2026-08-01,Abgeschlossen,2026-07-27
A05254,E10635,T-004,2026-06-08,2026-08-07,Abgeschlossen,2026-08-06
A05255,E10635,T-005,2026-08-11,2026-11-09,In Bearbeitung,
A05256,E10635,T-010,2019-01-02,2019-03-03,Abgeschlossen,2019-02-10
A05257,E10636,T-001,2025-12-05,2026-02-03,Abgeschlossen,2026-01-31
A05258,E10636,T-002,2025-12-29,2026-02-27,Abgeschlossen,2026-02-19
A05259,E10636,T-003,2026-02-21,2026-05-22,Abgeschlossen,2026-03-08
A05260,E10636,T-004,2026-06-08,2026-07-23,Abgeschlossen,2026-06-30
A05261,E10636,T-005,2025-12-12,2026-02-10,Abgeschlossen,2026-02-11
A05262,E10636,T-010,2019-01-04,2019-03-05,Abgeschlossen,2019-03-12
A05263,E10636,T-014,2026-03-02,2026-05-01,Abgeschlossen,2026-08-31
A05264,E10637,T-001,2026-04-24,2026-07-23,Abgeschlossen,2026-06-15
A05265,E10637,T-002,2026-06-10,2026-09-08,Abgeschlossen,2026-06-28
A05266,E10637,T-003,2026-01-01,2026-03-02,Abgeschlossen,2026-03-09
A05267,E10637,T-004,2026-06-09,2026-07-09,Zugewiesen,
A05268,E10637,T-005,2025-12-19,2026-03-19,Abgeschlossen,2026-02-11
A05269,E10637,T-010,2023-03-04,2023-05-03,Abgeschlossen,2023-05-13
A05270,E10637,T-014,2026-07-07,2026-10-05,Zugewiesen,
A05271,E10637,T-015,2026-06-18,2026-08-17,Abgeschlossen,2026-07-05
A05272,E10638,T-001,2026-07-10,2026-08-09,Abgeschlossen,2026-08-06
A05273,E10638,T-002,2026-09-28,2026-10-28,Zugewiesen,
A05274,E10638,T-003,2026-03-30,2026-05-29,Abgeschlossen,2026-06-04
A05275,E10638,T-004,2026-06-06,2026-07-06,Abgeschlossen,2026-06-08
A05276,E10638,T-005,2026-08-04,2026-09-03,Abgeschlossen,2026-09-12
A05277,E10638,T-010,2019-01-05,2019-03-06,Abgeschlossen,2019-02-03
A05278,E10639,T-001,2026-05-01,2026-05-31,Abgeschlossen,2026-05-20
A05279,E10639,T-002,2026-06-16,2026-08-15,Abgeschlossen,2026-07-11
A05280,E10639,T-003,2026-01-16,2026-02-15,Abgeschlossen,2026-02-22
A05281,E10639,T-004,2026-06-11,2026-07-26,Abgeschlossen,2026-07-17
A05282,E10639,T-005,2026-01-12,2026-03-13,Abgeschlossen,2026-02-07
A05283,E10639,T-010,2019-01-06,2019-03-07,Abgeschlossen,2019-03-16
A05284,E10640,T-001,2025-12-17,2026-01-16,Abgeschlossen,2026-01-08
A05285,E10640,T-002,2025-12-27,2026-02-25,Abgeschlossen,2026-01-04
A05286,E10640,T-003,2026-06-14,2026-07-14,Abgeschlossen,2026-07-05
A05287,E10640,T-004,2026-06-07,2026-07-07,In Bearbeitung,
A05288,E10640,T-005,2026-01-03,2026-02-02,Abgeschlossen,2026-02-03
A05289,E10640,T-010,2019-01-13,2019-03-14,Abgeschlossen,2019-03-01
A05290,E10641,T-001,2026-08-02,2026-10-01,In Bearbeitung,
A05291,E10641,T-002,2026-05-29,2026-08-27,Abgeschlossen,2026-08-07
A05292,E10641,T-003,2026-02-19,2026-03-21,Abgeschlossen,2026-03-06
A05293,E10641,T-004,2026-06-12,2026-08-11,Abgeschlossen,2026-08-12
A05294,E10641,T-005,2026-06-30,2026-08-29,Abgeschlossen,2026-07-19
A05295,E10641,T-010,2019-01-15,2019-03-16,Abgeschlossen,2019-03-19
A05296,E10641,T-014,2026-03-02,2026-05-31,Abgeschlossen,2026-04-19
A05297,E10641,T-016,2026-07-26,2026-09-24,Abgeschlossen,2026-08-29
A05298,E10642,T-001,2026-09-16,2026-12-15,In Bearbeitung,
A05299,E10642,T-002,2025-12-30,2026-01-29,Abgeschlossen,2026-01-06
A05300,E10642,T-003,2026-09-15,2026-10-15,Abgeschlossen,2026-09-25
A05301,E10642,T-004,2026-06-08,2026-07-08,In Bearbeitung,
A05302,E10642,T-005,2026-08-16,2026-09-15,Abgeschlossen,2026-09-07
A05303,E10642,T-010,2019-01-06,2019-03-07,Abgeschlossen,2019-02-05
A05304,E10643,T-001,2026-03-04,2026-05-03,Zugewiesen,
A05305,E10643,T-002,2026-08-13,2026-09-12,Abgeschlossen,2026-08-30
A05306,E10643,T-003,2025-12-17,2026-01-16,Abgeschlossen,2026-01-22
A05307,E10643,T-004,2026-06-09,2026-08-08,Abgeschlossen,2026-07-24
A05308,E10643,T-005,2025-12-13,2026-01-12,Abgeschlossen,2026-01-12
A05309,E10643,T-010,2019-01-09,2019-03-10,Abgeschlossen,2019-02-07
A05310,E10644,T-001,2026-04-19,2026-05-19,Abgeschlossen,2026-04-23
A05311,E10644,T-002,2026-08-25,2026-11-23,Abgeschlossen,2026-10-19
A05312,E10644,T-003,2026-01-07,2026-03-08,Abgeschlossen,2026-02-27
A05313,E10644,T-004,2026-06-08,2026-07-23,Abgeschlossen,2026-07-05
A05314,E10644,T-005,2025-12-15,2026-03-15,Abgeschlossen,2026-01-23
A05315,E10644,T-010,2023-05-03,2023-07-02,Abgeschlossen,2023-07-05
A05316,E10645,T-001,2026-02-05,2026-04-06,Abgeschlossen,2026-03-02
A05317,E10645,T-002,2026-06-12,2026-09-10,Abgeschlossen,2026-07-19
A05318,E10645,T-003,2026-05-09,2026-07-08,Abgeschlossen,2026-05-26
A05319,E10645,T-004,2026-06-06,2026-07-06,Abgeschlossen,2026-06-23
A05320,E10645,T-005,2026-05-19,2026-08-17,Abgeschlossen,2026-04-24
A05321,E10645,T-010,2019-01-01,2019-03-02,Abgeschlossen,2019-02-27
A05322,E10645,T-014,2026-03-14,2026-06-12,Abgeschlossen,2026-07-30
A05323,E10646,T-001,2026-09-06,2026-12-05,Zugewiesen,
A05324,E10646,T-002,2025-12-10,2026-01-09,Abgeschlossen,2026-01-01
A05325,E10646,T-003,2025-12-05,2026-02-03,Abgeschlossen,2026-01-31
A05326,E10646,T-004,2026-06-07,2026-08-06,Zugewiesen,
A05327,E10646,T-005,2026-03-05,2026-05-04,Abgeschlossen,2026-05-12
A05328,E10646,T-010,2019-01-11,2019-03-12,Abgeschlossen,2019-02-27
A05329,E10647,T-001,2026-04-08,2026-06-07,Abgeschlossen,2026-06-06
A05330,E10647,T-002,2026-01-27,2026-02-26,Abgeschlossen,2026-02-06
A05331,E10647,T-003,2026-04-29,2026-05-29,Abgeschlossen,2026-06-03
A05332,E10647,T-004,2026-06-10,2026-07-10,In Bearbeitung,
A05333,E10647,T-005,2026-07-16,2026-10-14,Abgeschlossen,2026-09-08
A05334,E10647,T-010,2019-01-05,2019-03-06,Zugewiesen,
A05335,E10648,T-001,2026-08-10,2026-10-09,Abgeschlossen,2026-09-14
A05336,E10648,T-002,2026-04-22,2026-06-21,Abgeschlossen,2026-06-24
A05337,E10648,T-003,2026-02-12,2026-03-14,Abgeschlossen,2026-02-17
A05338,E10648,T-004,2026-06-09,2026-07-09,Zugewiesen,
A05339,E10648,T-005,2025-12-06,2026-03-06,Abgeschlossen,2026-01-08
A05340,E10648,T-010,2024-08-23,2024-10-22,Abgeschlossen,2024-10-12
A05341,E10649,T-001,2026-08-03,2026-10-02,Abgeschlossen,2026-09-29
A05342,E10649,T-002,2026-05-20,2026-07-19,Abgeschlossen,2026-07-01
A05343,E10649,T-003,2026-05-21,2026-07-20,Abgeschlossen,2026-07-30
A05344,E10649,T-004,2026-06-05,2026-08-04,Zugewiesen,
A05345,E10649,T-005,2026-01-24,2026-03-25,Abgeschlossen,2026-02-27
A05346,E10649,T-010,2019-01-13,2019-03-14,Abgeschlossen,2019-01-23
A05347,E10649,T-015,2026-04-10,2026-08-08,Abgeschlossen,2026-09-15
A05348,E10649,T-017,2026-04-01,2026-07-30,Abgeschlossen,2026-05-14
A05349,E10650,T-001,2026-03-15,2026-05-14,Abgeschlossen,2026-05-02
A05350,E10650,T-002,2026-08-22,2026-09-21,Abgeschlossen,2026-09-16
A05351,E10650,T-003,2026-01-29,2026-04-29,Abgeschlossen,2026-05-01
A05352,E10650,T-004,2026-06-08,2026-07-08,In Bearbeitung,
A05353,E10650,T-005,2026-05-08,2026-07-07,Abgeschlossen,2026-06-05
A05354,E10650,T-010,2019-01-08,2019-03-09,Abgeschlossen,2019-01-31
A05355,E10651,T-001,2026-04-07,2026-05-07,Abgeschlossen,2026-05-12
A05356,E10651,T-002,2026-08-11,2026-10-10,Abgeschlossen,2026-08-21
A05357,E10651,T-003,2026-01-03,2026-02-02,Abgeschlossen,2026-01-20
A05358,E10651,T-004,2026-06-07,2026-07-22,In Bearbeitung,
A05359,E10651,T-005,2026-09-05,2026-11-04,In Bearbeitung,
A05360,E10651,T-010,2019-01-12,2019-03-13,Abgeschlossen,2019-01-27
A05361,E10651,T-017,2026-02-28,2026-06-28,Abgeschlossen,2026-09-21
A05362,E10652,T-001,2026-08-26,2026-10-25,Abgeschlossen,2026-09-06
A05363,E10652,T-002,2025-12-22,2026-02-20,Abgeschlossen,2026-02-02
A05364,E10652,T-003,2026-04-19,2026-05-19,Abgeschlossen,2026-05-01
A05365,E10652,T-004,2026-06-05,2026-07-20,Abgeschlossen,2026-07-08
A05366,E10652,T-005,2026-06-26,2026-09-24,Abgeschlossen,2026-09-18
A05367,E10652,T-010,2019-01-11,2019-03-12,Abgeschlossen,2019-03-03
A05368,E10653,T-001,2026-07-25,2026-09-23,Abgeschlossen,2026-07-27
A05369,E10653,T-002,2026-07-27,2026-09-25,Abgeschlossen,2026-08-07
A05370,E10653,T-003,2026-08-02,2026-09-01,Abgeschlossen,2026-08-12
A05371,E10653,T-004,2026-06-07,2026-07-22,Zugewiesen,
A05372,E10653,T-005,2026-02-19,2026-03-21,Abgeschlossen,2026-03-19
A05373,E10653,T-010,2023-03-29,2023-05-28,Abgeschlossen,2023-04-14
A05374,E10653,T-014,2026-07-06,2026-11-03,In Bearbeitung,
A05375,E10653,T-016,2026-09-07,2027-01-05,In Bearbeitung,
A05376,E10654,T-001,2026-03-02,2026-04-01,Abgeschlossen,2026-04-10
A05377,E10654,T-002,2026-10-10,2027-01-08,Abgeschlossen,2026-10-17
A05378,E10654,T-003,2026-02-23,2026-04-24,Abgeschlossen,2026-03-23
A05379,E10654,T-004,2026-06-11,2026-07-11,Abgeschlossen,2026-06-12
A05380,E10654,T-005,2026-06-13,2026-09-11,Abgeschlossen,2026-09-04
A05381,E10654,T-010,2019-01-01,2019-03-02,Abgeschlossen,2019-01-16
A05382,E10654,T-014,2025-11-15,2026-03-15,Abgeschlossen,2026-08-08
A05383,E10654,T-017,2026-09-26,2026-11-25,In Bearbeitung,
A05384,E10655,T-001,2026-06-12,2026-08-11,Abgeschlossen,2026-08-11
A05385,E10655,T-002,2026-01-20,2026-03-21,Abgeschlossen,2026-02-13
A05386,E10655,T-003,2026-05-22,2026-06-21,Abgeschlossen,2026-05-24
A05387,E10655,T-004,2026-06-06,2026-07-21,Zugewiesen,
A05388,E10655,T-005,2026-03-28,2026-06-26,Abgeschlossen,2026-07-06
A05389,E10655,T-010,2019-01-07,2019-03-08,Abgeschlossen,2019-03-03
A05390,E10655,T-016,2025-12-28,2026-02-26,Zugewiesen,
A05391,E10656,T-001,2026-03-07,2026-06-05,Abgeschlossen,2026-06-02
A05392,E10656,T-002,2025-12-15,2026-03-15,Abgeschlossen,2026-03-09
A05393,E10656,T-003,2026-03-08,2026-06-06,Abgeschlossen,2026-04-17
A05394,E10656,T-004,2026-06-06,2026-07-21,In Bearbeitung,
A05395,E10656,T-005,2026-01-16,2026-04-16,Abgeschlossen,2026-02-25
A05396,E10656,T-010,2019-01-04,2019-03-05,Abgeschlossen,2019-01-29
A05397,E10656,T-014,2025-12-16,2026-03-16,Zugewiesen,
A05398,E10657,T-001,2026-07-01,2026-08-30,Abgeschlossen,2026-07-02
A05399,E10657,T-002,2026-07-10,2026-10-08,Abgeschlossen,2026-09-11
A05400,E10657,T-003,2026-04-29,2026-05-29,Abgeschlossen,2026-04-30
A05401,E10657,T-004,2026-06-09,2026-07-24,In Bearbeitung,
A05402,E10657,T-005,2026-09-27,2026-10-27,Abgeschlossen,2026-10-07
A05403,E10657,T-010,2019-01-04,2019-03-05,Abgeschlossen,2019-03-13
A05404,E10658,T-001,2026-01-08,2026-04-08,Abgeschlossen,2026-02-23
A05405,E10658,T-002,2026-08-10,2026-11-08,Abgeschlossen,2026-09-11
A05406,E10658,T-003,2026-07-30,2026-09-28,Abgeschlossen,2026-08-06
A05407,E10658,T-004,2026-06-05,2026-08-04,Zugewiesen,
A05408,E10658,T-005,2026-09-10,2026-10-10,Abgeschlossen,2026-10-08
A05409,E10658,T-010,2019-01-05,2019-03-06,Abgeschlossen,2019-02-19
A05410,E10658,T-014,2026-08-27,2026-10-26,Abgeschlossen,2026-09-29
A05411,E10659,T-001,2026-03-20,2026-04-19,Abgeschlossen,2026-04-24
A05412,E10659,T-002,2026-03-09,2026-05-08,Abgeschlossen,2026-04-21
A05413,E10659,T-003,2026-07-03,2026-08-02,Abgeschlossen,2026-08-05
A05414,E10659,T-004,2026-06-11,2026-07-26,Zugewiesen,
A05415,E10659,T-005,2026-09-11,2026-10-11,Abgeschlossen,2026-10-17
A05416,E10659,T-010,2019-01-08,2019-03-09,Abgeschlossen,2019-02-02
A05417,E10659,T-014,2026-06-09,2026-08-08,In Bearbeitung,
A05418,E10659,T-013,2026-07-20,2026-11-17,Zugewiesen,
A05419,E10660,T-001,2026-04-27,2026-05-27,Abgeschlossen,2026-05-29
A05420,E10660,T-002,2026-05-02,2026-07-01,Abgeschlossen,2026-07-09
A05421,E10660,T-003,2026-09-14,2026-12-13,Zugewiesen,
A05422,E10660,T-004,2026-06-07,2026-08-06,Abgeschlossen,2026-07-11
A05423,E10660,T-005,2026-02-09,2026-04-10,Abgeschlossen,2026-02-10
A05424,E10660,T-010,2019-01-11,2019-03-12,Abgeschlossen,2019-03-07
A05425,E10661,T-001,2026-08-08,2026-11-06,Abgeschlossen,2026-08-24
A05426,E10661,T-002,2026-04-06,2026-07-05,In Bearbeitung,
A05427,E10661,T-003,2026-01-11,2026-03-12,Zugewiesen,
A05428,E10661,T-004,2026-06-08,2026-08-07,Zugewiesen,
A05429,E10661,T-005,2026-01-07,2026-02-06,Abgeschlossen,2026-01-31
A05430,E10661,T-010,2019-01-14,2019-03-15,Abgeschlossen,2019-03-06
A05431,E10661,T-014,2026-07-09,2026-10-07,Zugewiesen,
A05432,E10662,T-001,2026-09-24,2026-12-23,Abgeschlossen,2026-10-16
A05433,E10662,T-002,2026-08-29,2026-10-28,Abgeschlossen,2026-09-16
A05434,E10662,T-003,2026-07-22,2026-09-20,Abgeschlossen,2026-09-05
A05435,E10662,T-004,2026-06-11,2026-07-11,Zugewiesen,
A05436,E10662,T-005,2025-12-23,2026-01-22,Abgeschlossen,2025-12-24
A05437,E10662,T-010,2023-06-20,2023-08-19,Abgeschlossen,2023-06-21
A05438,E10662,T-017,2026-03-18,2026-06-16,Abgeschlossen,2026-06-29
A05439,E10663,T-001,2026-01-04,2026-02-03,Abgeschlossen,2026-01-29
A05440,E10663,T-002,2026-06-12,2026-08-11,Abgeschlossen,2026-08-10
A05441,E10663,T-003,2026-03-19,2026-06-17,Abgeschlossen,2026-05-20
A05442,E10663,T-004,2026-06-11,2026-07-11,Zugewiesen,
A05443,E10663,T-005,2026-08-21,2026-09-20,Abgeschlossen,2026-09-06
A05444,E10663,T-010,2019-01-08,2019-03-09,Abgeschlossen,2019-02-26
A05445,E10664,T-001,2026-03-26,2026-05-25,Abgeschlossen,2026-04-16
A05446,E10664,T-002,2026-07-15,2026-09-13,Abgeschlossen,2026-08-14
A05447,E10664,T-003,2026-07-31,2026-08-30,Abgeschlossen,2026-08-07
A05448,E10664,T-004,2026-06-07,2026-07-07,In Bearbeitung,
A05449,E10664,T-005,2026-08-25,2026-11-23,Zugewiesen,
A05450,E10664,T-010,2019-01-12,2019-03-13,Abgeschlossen,2019-02-13
A05451,E10665,T-001,2026-07-20,2026-10-18,Abgeschlossen,2026-08-12
A05452,E10665,T-002,2025-12-27,2026-01-26,Abgeschlossen,2025-12-28
A05453,E10665,T-003,2026-01-04,2026-02-03,Abgeschlossen,2026-01-21
A05454,E10665,T-004,2026-06-12,2026-07-27,Abgeschlossen,2026-07-16
A05455,E10665,T-005,2026-09-18,2026-12-17,Zugewiesen,
A05456,E10665,T-010,2019-01-12,2019-03-13,Abgeschlossen,2019-02-04
A05457,E10665,T-015,2026-01-29,2026-03-30,Zugewiesen,
A05458,E10666,T-001,2026-08-04,2026-10-03,Abgeschlossen,2026-08-06
A05459,E10666,T-002,2026-03-18,2026-06-16,Abgeschlossen,2026-06-23
A05460,E10666,T-003,2026-08-26,2026-09-25,Zugewiesen,
A05461,E10666,T-004,2026-06-11,2026-07-26,Abgeschlossen,2026-07-19
A05462,E10666,T-005,2026-05-17,2026-07-16,Abgeschlossen,2026-06-02
A05463,E10666,T-010,2019-01-13,2019-03-14,Abgeschlossen,2019-03-22
A05464,E10667,T-001,2025-12-05,2026-01-04,Abgeschlossen,2025-12-17
A05465,E10667,T-002,2026-08-06,2026-11-04,Abgeschlossen,2026-08-22
A05466,E10667,T-003,2026-05-07,2026-06-06,Abgeschlossen,2026-06-02
A05467,E10667,T-004,2026-06-09,2026-07-24,In Bearbeitung,
A05468,E10667,T-005,2026-03-29,2026-04-28,Abgeschlossen,2026-04-25
A05469,E10667,T-010,2019-01-14,2019-03-15,Abgeschlossen,2019-01-17
A05470,E10668,T-001,2026-02-13,2026-05-14,Abgeschlossen,2026-03-21
A05471,E10668,T-002,2026-05-31,2026-08-29,Abgeschlossen,2026-07-26
A05472,E10668,T-003,2026-03-30,2026-06-28,Abgeschlossen,2026-04-10
A05473,E10668,T-004,2026-06-12,2026-08-11,In Bearbeitung,
A05474,E10668,T-005,2025-12-16,2026-02-14,Abgeschlossen,2025-12-27
A05475,E10668,T-010,2021-03-23,2021-05-22,Abgeschlossen,2021-04-24
A05476,E10668,T-014,2026-02-17,2026-05-18,Abgeschlossen,2026-05-10
A05477,E10669,T-001,2026-08-05,2026-10-04,Abgeschlossen,2026-09-03
A05478,E10669,T-002,2026-06-08,2026-08-07,Abgeschlossen,2026-08-05
A05479,E10669,T-003,2026-04-07,2026-07-06,Abgeschlossen,2026-05-01
A05480,E10669,T-004,2026-06-05,2026-07-05,Zugewiesen,
A05481,E10669,T-005,2026-05-12,2026-08-10,Abgeschlossen,2026-05-15
A05482,E10669,T-010,2019-01-06,2019-03-07,Abgeschlossen,2019-02-19
A05483,E10669,T-015,2026-04-21,2026-06-20,Abgeschlossen,2026-08-14
A05484,E10669,T-016,2026-06-14,2026-08-13,Zugewiesen,
A05485,E10670,T-001,2026-03-10,2026-06-08,Abgeschlossen,2026-05-05
A05486,E10670,T-002,2026-09-10,2026-10-10,Abgeschlossen,2026-09-24
A05487,E10670,T-003,2026-07-15,2026-09-13,Abgeschlossen,2026-07-19
A05488,E10670,T-004,2026-06-08,2026-07-23,In Bearbeitung,
A05489,E10670,T-005,2026-02-13,2026-03-15,Abgeschlossen,2026-03-03
A05490,E10670,T-010,2020-05-07,2020-07-06,Abgeschlossen,2020-05-11
A05491,E10671,T-001,2026-07-09,2026-09-07,Abgeschlossen,2026-08-27
A05492,E10671,T-002,2026-09-23,2026-12-22,Abgeschlossen,2026-09-26
A05493,E10671,T-003,2026-02-03,2026-03-05,Abgeschlossen,2026-02-10
A05494,E10671,T-004,2026-06-06,2026-07-21,Zugewiesen,
A05495,E10671,T-005,2026-06-22,2026-08-21,Abgeschlossen,2026-07-03
A05496,E10671,T-010,2019-01-01,2019-03-02,Abgeschlossen,2019-02-08
A05497,E10672,T-001,2026-10-04,2026-12-03,In Bearbeitung,
A05498,E10672,T-002,2026-07-13,2026-09-11,Abgeschlossen,2026-08-29
A05499,E10672,T-003,2026-01-23,2026-04-23,Abgeschlossen,2026-02-17
A05500,E10672,T-004,2026-06-07,2026-08-06,Abgeschlossen,2026-06-14
A05501,E10672,T-005,2026-06-27,2026-08-26,Abgeschlossen,2026-08-23
A05502,E10672,T-010,2019-01-12,2019-03-13,Abgeschlossen,2019-03-05
A05503,E10673,T-001,2026-03-17,2026-06-15,Abgeschlossen,2026-05-22
A05504,E10673,T-002,2026-05-24,2026-08-22,Abgeschlossen,2026-08-18
A05505,E10673,T-003,2026-09-27,2026-12-26,Zugewiesen,
A05506,E10673,T-004,2026-06-10,2026-08-09,In Bearbeitung,
A05507,E10673,T-005,2026-09-09,2026-11-08,Zugewiesen,
A05508,E10673,T-010,2019-01-13,2019-03-14,Abgeschlossen,2019-03-22
A05509,E10674,T-001,2026-07-29,2026-08-28,Abgeschlossen,2026-07-30
A05510,E10674,T-002,2026-05-26,2026-06-25,Abgeschlossen,2026-06-22
A05511,E10674,T-003,2025-12-31,2026-01-30,Abgeschlossen,2026-01-29
A05512,E10674,T-004,2026-06-11,2026-07-11,In Bearbeitung,
A05513,E10674,T-005,2026-10-10,2027-01-08,Abgeschlossen,2026-10-30
A05514,E10674,T-010,2019-01-12,2019-03-13,Abgeschlossen,2019-02-27
A05515,E10674,T-016,2026-06-01,2026-07-31,Abgeschlossen,2026-06-21
A05516,E10675,T-001,2025-12-15,2026-01-14,Abgeschlossen,2026-01-19
A05517,E10675,T-002,2026-05-21,2026-06-20,Abgeschlossen,2026-06-16
A05518,E10675,T-003,2026-03-12,2026-06-10,Abgeschlossen,2026-06-13
A05519,E10675,T-004,2026-06-09,2026-08-08,Zugewiesen,
A05520,E10675,T-005,2026-07-27,2026-09-25,Abgeschlossen,2026-08-28
A05521,E10675,T-010,2019-01-04,2019-03-05,Abgeschlossen,2019-03-13
A05522,E10675,T-014,2026-07-08,2026-09-06,Abgeschlossen,2026-10-11
A05523,E10676,T-001,2026-08-28,2026-09-27,Abgeschlossen,2026-09-16
A05524,E10676,T-002,2026-01-08,2026-03-09,Abgeschlossen,2026-03-18
A05525,E10676,T-003,2026-07-25,2026-08-24,Abgeschlossen,2026-08-13
A05526,E10676,T-004,2026-06-12,2026-08-11,Abgeschlossen,2026-07-09
A05527,E10676,T-005,2026-09-15,2026-10-15,Abgeschlossen,2026-10-25
A05528,E10676,T-010,2019-01-09,2019-03-10,Abgeschlossen,2019-01-28
A05529,E10677,T-001,2026-08-30,2026-11-28,Abgeschlossen,2026-10-12
A05530,E10677,T-002,2026-08-07,2026-09-06,Abgeschlossen,2026-09-04
A05531,E10677,T-003,2026-06-19,2026-08-18,Abgeschlossen,2026-06-27
A05532,E10677,T-004,2026-06-07,2026-08-06,In Bearbeitung,
A05533,E10677,T-005,2026-08-16,2026-10-15,Abgeschlossen,2026-10-23
A05534,E10677,T-010,2020-12-31,2021-03-01,Abgeschlossen,2021-02-22
A05535,E10677,T-014,2026-08-31,2026-11-29,Zugewiesen,
A05536,E10677,T-016,2026-07-14,2026-11-11,In Bearbeitung,
A05537,E10678,T-001,2026-06-20,2026-08-19,Abgeschlossen,2026-07-07
A05538,E10678,T-002,2026-09-19,2026-10-19,Abgeschlossen,2026-10-15
A05539,E10678,T-003,2026-01-23,2026-02-22,Abgeschlossen,2026-02-20
A05540,E10678,T-004,2026-06-08,2026-07-23,Abgeschlossen,2026-07-10
A05541,E10678,T-005,2026-03-02,2026-05-31,Abgeschlossen,2026-04-27
A05542,E10678,T-010,2019-01-15,2019-03-16,Abgeschlossen,2019-02-14
A05543,E10678,T-014,2026-09-29,2027-01-27,Zugewiesen,
A05544,E10679,T-001,2026-09-13,2026-10-13,Abgeschlossen,2026-09-23
A05545,E10679,T-002,2026-05-31,2026-07-30,Abgeschlossen,2026-06-26
A05546,E10679,T-003,2026-08-20,2026-10-19,In Bearbeitung,
A05547,E10679,T-004,2026-06-09,2026-08-08,Abgeschlossen,2026-07-20
A05548,E10679,T-005,2026-07-04,2026-09-02,Abgeschlossen,2026-08-18
A05549,E10679,T-010,2022-06-13,2022-08-12,Abgeschlossen,2022-08-03
A05550,E10679,T-017,2026-06-25,2026-09-23,Zugewiesen,
A05551,E10680,T-001,2026-05-26,2026-06-25,Abgeschlossen,2026-06-17
A05552,E10680,T-002,2026-09-30,2026-11-29,Zugewiesen,
A05553,E10680,T-003,2026-07-19,2026-09-17,Abgeschlossen,2026-07-31
A05554,E10680,T-004,2026-06-07,2026-08-06,Zugewiesen,
A05555,E10680,T-005,2026-05-17,2026-06-16,In Bearbeitung,
A05556,E10680,T-010,2019-01-06,2019-03-07,Abgeschlossen,2019-01-28
A05557,E10680,T-016,2026-04-26,2026-08-24,Abgeschlossen,2026-06-12
A05558,E10681,T-001,2026-08-05,2026-11-03,Zugewiesen,
A05559,E10681,T-002,2026-05-25,2026-06-24,Abgeschlossen,2026-05-27
A05560,E10681,T-003,2026-07-12,2026-08-11,Abgeschlossen,2026-07-16
A05561,E10681,T-004,2026-06-09,2026-07-24,In Bearbeitung,
A05562,E10681,T-005,2026-08-13,2026-11-11,Abgeschlossen,2026-09-30
A05563,E10681,T-010,2020-12-28,2021-02-26,Abgeschlossen,2021-03-06
A05564,E10681,T-014,2025-12-14,2026-04-13,In Bearbeitung,
A05565,E10682,T-001,2026-05-29,2026-06-28,Abgeschlossen,2026-06-12
A05566,E10682,T-002,2026-01-18,2026-03-19,Abgeschlossen,2026-03-19
A05567,E10682,T-003,2026-04-21,2026-07-20,Abgeschlossen,2026-07-05
A05568,E10682,T-004,2026-06-09,2026-07-09,In Bearbeitung,
A05569,E10682,T-005,2025-12-25,2026-02-23,Abgeschlossen,2026-03-04
A05570,E10682,T-010,2019-01-15,2019-03-16,Abgeschlossen,2019-03-25
A05571,E10682,T-014,2026-02-26,2026-04-27,Zugewiesen,
A05572,E10682,T-016,2025-12-31,2026-03-31,Abgeschlossen,2026-02-14
A05573,E10683,T-001,2026-05-18,2026-08-16,Abgeschlossen,2026-05-28
A05574,E10683,T-002,2026-05-26,2026-08-24,Abgeschlossen,2026-06-18
A05575,E10683,T-003,2026-06-24,2026-08-23,Abgeschlossen,2026-07-03
A05576,E10683,T-004,2026-06-06,2026-07-21,In Bearbeitung,
A05577,E10683,T-005,2026-06-17,2026-08-16,Abgeschlossen,2026-07-03
A05578,E10683,T-010,2025-10-14,2025-12-13,Abgeschlossen,2025-11-03
A05579,E10684,T-001,2026-07-26,2026-09-24,Abgeschlossen,2026-08-15
A05580,E10684,T-002,2026-05-23,2026-08-21,Abgeschlossen,2026-06-21
A05581,E10684,T-003,2026-04-10,2026-07-09,Abgeschlossen,2026-05-22
A05582,E10684,T-004,2026-06-06,2026-07-06,Abgeschlossen,2026-06-23
A05583,E10684,T-005,2026-07-07,2026-08-06,Abgeschlossen,2026-08-10
A05584,E10684,T-010,2022-08-18,2022-10-17,Abgeschlossen,2022-09-23
A05585,E10685,T-001,2026-02-12,2026-04-13,Zugewiesen,
A05586,E10685,T-002,2026-07-11,2026-09-09,Abgeschlossen,2026-08-31
A05587,E10685,T-003,2026-08-02,2026-10-01,Abgeschlossen,2026-10-11
A05588,E10685,T-004,2026-06-06,2026-08-05,Zugewiesen,
A05589,E10685,T-005,2026-06-13,2026-08-12,Abgeschlossen,2026-06-24
A05590,E10685,T-010,2019-01-06,2019-03-07,Abgeschlossen,2019-01-15
A05591,E10686,T-001,2025-12-12,2026-03-12,Abgeschlossen,2026-01-16
A05592,E10686,T-002,2026-02-25,2026-03-27,Abgeschlossen,2026-03-14
A05593,E10686,T-003,2026-04-12,2026-07-11,Abgeschlossen,2026-05-15
A05594,E10686,T-004,2026-06-08,2026-07-23,In Bearbeitung,
A05595,E10686,T-005,2026-04-09,2026-06-08,Abgeschlossen,2026-05-10
A05596,E10686,T-010,2019-01-08,2019-03-09,Abgeschlossen,2019-02-24
A05597,E10687,T-001,2026-03-03,2026-04-02,Abgeschlossen,2026-03-09
A05598,E10687,T-002,2026-08-10,2026-09-09,Abgeschlossen,2026-09-19
A05599,E10687,T-003,2026-06-24,2026-09-22,Abgeschlossen,2026-07-02
A05600,E10687,T-004,2026-06-08,2026-07-08,In Bearbeitung,
A05601,E10687,T-005,2026-08-04,2026-11-02,Abgeschlossen,2026-09-10
A05602,E10687,T-010,2019-01-07,2019-03-08,Abgeschlossen,2019-02-25
A05603,E10687,T-014,2026-02-24,2026-06-24,In Bearbeitung,
A05604,E10687,T-015,2025-11-14,2026-03-14,Abgeschlossen,2025-12-24
A05605,E10688,T-001,2026-01-21,2026-03-22,Abgeschlossen,2026-03-20
A05606,E10688,T-002,2026-08-16,2026-10-15,Abgeschlossen,2026-10-20
A05607,E10688,T-003,2026-01-21,2026-04-21,Abgeschlossen,2026-04-04
A05608,E10688,T-004,2026-06-06,2026-07-06,In Bearbeitung,
A05609,E10688,T-005,2026-07-14,2026-08-13,Abgeschlossen,2026-08-06
A05610,E10688,T-010,2020-11-13,2021-01-12,Abgeschlossen,2020-12-16
A05611,E10689,T-001,2026-04-21,2026-05-21,Abgeschlossen,2026-05-24
A05612,E10689,T-002,2026-02-27,2026-04-28,Abgeschlossen,2026-04-17
A05613,E10689,T-003,2026-10-10,2026-12-09,Abgeschlossen,2026-10-11
A05614,E10689,T-004,2026-06-07,2026-08-06,Abgeschlossen,2026-07-07
A05615,E10689,T-005,2026-02-11,2026-04-12,Abgeschlossen,2026-03-16
A05616,E10689,T-010,2019-01-15,2019-03-16,Abgeschlossen,2019-02-04
A05617,E10690,T-001,2026-02-04,2026-05-05,Abgeschlossen,2026-04-05
A05618,E10690,T-002,2026-04-30,2026-06-29,Zugewiesen,
A05619,E10690,T-003,2026-06-11,2026-07-11,Abgeschlossen,2026-06-16
A05620,E10690,T-004,2026-06-06,2026-07-06,Abgeschlossen,2026-06-23
A05621,E10690,T-005,2026-09-12,2026-12-11,Abgeschlossen,2026-10-25
A05622,E10690,T-010,2019-01-09,2019-03-10,Abgeschlossen,2019-01-22
A05623,E10690,T-017,2025-11-12,2026-03-12,Abgeschlossen,2026-06-03
A05624,E10691,T-001,2026-08-11,2026-10-10,Abgeschlossen,2026-09-11
A05625,E10691,T-002,2026-05-28,2026-08-26,Zugewiesen,
A05626,E10691,T-003,2026-08-01,2026-08-31,Abgeschlossen,2026-08-07
A05627,E10691,T-004,2026-06-08,2026-07-23,In Bearbeitung,
A05628,E10691,T-005,2026-05-17,2026-07-16,Abgeschlossen,2026-07-14
A05629,E10691,T-010,2019-01-05,2019-03-06,Abgeschlossen,2019-03-09
A05630,E10692,T-001,2026-03-29,2026-06-27,Abgeschlossen,2026-05-27
A05631,E10692,T-002,2026-05-13,2026-08-11,Abgeschlossen,2026-07-01
A05632,E10692,T-003,2026-05-08,2026-07-07,Abgeschlossen,2026-06-13
A05633,E10692,T-004,2026-06-07,2026-07-07,Abgeschlossen,2026-07-08
A05634,E10692,T-005,2026-09-25,2026-10-25,Abgeschlossen,2026-10-03
A05635,E10692,T-010,2019-01-09,2019-03-10,Abgeschlossen,2019-02-06
A05636,E10693,T-001,2026-09-30,2026-12-29,Abgeschlossen,2026-10-15
A05637,E10693,T-002,2026-10-09,2027-01-07,Abgeschlossen,2026-10-29
A05638,E10693,T-003,2026-09-28,2026-12-27,Abgeschlossen,2026-10-31
A05639,E10693,T-004,2026-06-06,2026-07-21,Zugewiesen,
A05640,E10693,T-005,2026-06-20,2026-08-19,Abgeschlossen,2026-07-19
A05641,E10693,T-010,2023-09-12,2023-11-11,Abgeschlossen,2023-11-19
A05642,E10693,T-014,2026-02-17,2026-04-18,Abgeschlossen,2026-04-21
A05643,E10694,T-001,2026-01-24,2026-04-24,Abgeschlossen,2026-04-30
A05644,E10694,T-002,2026-03-24,2026-04-23,Abgeschlossen,2026-03-30
A05645,E10694,T-003,2026-02-20,2026-03-22,Abgeschlossen,2026-03-18
A05646,E10694,T-004,2026-06-12,2026-07-12,Zugewiesen,
A05647,E10694,T-005,2026-07-05,2026-09-03,Abgeschlossen,2026-08-21
A05648,E10694,T-010,2019-01-12,2019-03-13,Abgeschlossen,2019-03-16
A05649,E10695,T-001,2026-08-18,2026-11-16,Abgeschlossen,2026-09-02
A05650,E10695,T-002,2026-09-24,2026-11-23,Zugewiesen,
A05651,E10695,T-003,2026-07-26,2026-09-24,Abgeschlossen,2026-09-09
A05652,E10695,T-004,2026-06-12,2026-08-11,In Bearbeitung,
A05653,E10695,T-005,2026-03-05,2026-05-04,Abgeschlossen,2026-03-22
A05654,E10695,T-010,2022-05-18,2022-07-17,Abgeschlossen,2022-06-17
A05655,E10696,T-001,2026-07-31,2026-10-29,Abgeschlossen,2026-09-01
A05656,E10696,T-002,2025-12-23,2026-03-23,Abgeschlossen,2026-02-20
A05657,E10696,T-003,2026-10-01,2026-11-30,Zugewiesen,
A05658,E10696,T-004,2026-06-11,2026-07-11,In Bearbeitung,
A05659,E10696,T-005,2026-04-14,2026-05-14,Abgeschlossen,2026-04-15
A05660,E10696,T-010,2019-01-10,2019-03-11,Abgeschlossen,2019-03-12
A05661,E10697,T-001,2026-07-21,2026-10-19,Abgeschlossen,2026-10-05
A05662,E10697,T-002,2026-10-02,2026-12-31,Abgeschlossen,2026-10-27
A05663,E10697,T-003,2026-04-28,2026-05-28,Abgeschlossen,2026-05-26
A05664,E10697,T-004,2026-06-12,2026-07-27,Abgeschlossen,2026-07-22
A05665,E10697,T-005,2026-02-28,2026-05-29,Abgeschlossen,2026-06-01
A05666,E10697,T-010,2019-01-13,2019-03-14,Abgeschlossen,2019-01-19
A05667,E10697,T-016,2025-11-17,2026-01-16,Abgeschlossen,2026-10-12
A05668,E10698,T-001,2026-08-17,2026-10-16,Abgeschlossen,2026-09-10
A05669,E10698,T-002,2026-03-14,2026-04-13,Abgeschlossen,2026-03-18
A05670,E10698,T-003,2026-06-24,2026-08-23,Abgeschlossen,2026-07-10
A05671,E10698,T-004,2026-06-12,2026-07-12,In Bearbeitung,
A05672,E10698,T-005,2025-12-02,2026-01-01,Abgeschlossen,2025-12-26
A05673,E10698,T-010,2019-01-10,2019-03-11,Abgeschlossen,2019-03-07
A05674,E10699,T-001,2026-02-10,2026-04-11,Abgeschlossen,2026-03-03
A05675,E10699,T-002,2026-02-12,2026-04-13,Abgeschlossen,2026-02-28
A05676,E10699,T-003,2025-12-21,2026-03-21,Abgeschlossen,2026-02-17
A05677,E10699,T-004,2026-06-07,2026-07-22,Abgeschlossen,2026-06-15
A05678,E10699,T-005,2026-03-18,2026-04-17,Abgeschlossen,2026-04-16
A05679,E10699,T-010,2019-01-01,2019-03-02,Abgeschlossen,2019-02-26
A05680,E10699,T-014,2026-05-01,2026-07-30,Abgeschlossen,2026-06-05
A05681,E10700,T-001,2026-01-24,2026-02-23,Abgeschlossen,2026-02-28
A05682,E10700,T-002,2026-10-03,2026-12-02,Abgeschlossen,2026-10-19
A05683,E10700,T-003,2026-01-18,2026-04-18,Abgeschlossen,2026-02-25
A05684,E10700,T-004,2026-06-08,2026-07-08,In Bearbeitung,
A05685,E10700,T-005,2026-08-24,2026-11-22,In Bearbeitung,
A05686,E10700,T-010,2022-06-27,2022-08-26,In Bearbeitung,
A05687,E10700,T-016,2026-05-18,2026-07-17,In Bearbeitung,
A05688,E10701,T-001,2026-09-07,2026-12-06,Abgeschlossen,2026-10-14
A05689,E10701,T-002,2026-07-16,2026-08-15,Abgeschlossen,2026-08-11
A05690,E10701,T-003,2026-09-30,2026-10-30,Abgeschlossen,2026-10-25
A05691,E10701,T-004,2026-06-10,2026-08-09,Zugewiesen,
A05692,E10701,T-005,2026-09-05,2026-12-04,Zugewiesen,
A05693,E10701,T-010,2019-01-14,2019-03-15,Abgeschlossen,2019-02-23
A05694,E10701,T-017,2025-11-13,2026-03-13,Zugewiesen,
A05695,E10702,T-001,2026-03-15,2026-05-14,Abgeschlossen,2026-05-04
A05696,E10702,T-002,2026-01-02,2026-02-01,Abgeschlossen,2026-02-08
A05697,E10702,T-003,2026-02-15,2026-04-16,Abgeschlossen,2026-04-26
A05698,E10702,T-004,2026-06-12,2026-08-11,In Bearbeitung,
A05699,E10702,T-005,2026-02-15,2026-04-16,Abgeschlossen,2026-03-03
A05700,E10702,T-010,2019-01-08,2019-03-09,Abgeschlossen,2019-02-26
A05701,E10702,T-013,2026-07-08,2026-11-05,In Bearbeitung,
A05702,E10703,T-001,2026-02-02,2026-03-04,Abgeschlossen,2026-02-21
A05703,E10703,T-002,2026-10-09,2027-01-07,In Bearbeitung,
A05704,E10703,T-003,2026-07-11,2026-10-09,Abgeschlossen,2026-07-17
A05705,E10703,T-004,2026-06-11,2026-07-11,Abgeschlossen,2026-07-13
A05706,E10703,T-005,2025-12-06,2026-02-04,Abgeschlossen,2026-01-11
A05707,E10703,T-010,2019-01-07,2019-03-08,Abgeschlossen,2019-02-18
A05708,E10703,T-016,2026-03-21,2026-07-19,Zugewiesen,
A05709,E10704,T-001,2026-06-13,2026-07-13,Abgeschlossen,2026-07-13
A05710,E10704,T-002,2026-09-22,2026-10-22,Abgeschlossen,2026-10-11
A05711,E10704,T-003,2026-01-07,2026-02-06,Abgeschlossen,2026-01-17
A05712,E10704,T-004,2026-06-09,2026-08-08,Zugewiesen,
A05713,E10704,T-005,2026-05-18,2026-07-17,Abgeschlossen,2026-07-25
A05714,E10704,T-010,2019-01-14,2019-03-15,Abgeschlossen,2019-01-23
A05715,E10704,T-015,2026-09-06,2027-01-04,In Bearbeitung,
A05716,E10705,T-001,2026-10-10,2026-12-09,In Bearbeitung,
A05717,E10705,T-002,2026-04-06,2026-07-05,Abgeschlossen,2026-07-05
A05718,E10705,T-003,2025-12-26,2026-02-24,Abgeschlossen,2026-01-23
A05719,E10705,T-004,2026-06-11,2026-08-10,Abgeschlossen,2026-08-01
A05720,E10705,T-005,2025-12-20,2026-01-19,In Bearbeitung,
A05721,E10705,T-010,2019-01-10,2019-03-11,Abgeschlossen,2019-01-23
A05722,E10706,T-001,2026-01-01,2026-04-01,Abgeschlossen,2026-02-01
A05723,E10706,T-002,2026-02-25,2026-05-26,Abgeschlossen,2026-05-31
A05724,E10706,T-003,2026-01-28,2026-03-29,Abgeschlossen,2026-03-18
A05725,E10706,T-004,2026-06-06,2026-08-05,In Bearbeitung,
A05726,E10706,T-005,2026-07-23,2026-09-21,Abgeschlossen,2026-09-01
A05727,E10706,T-010,2019-01-08,2019-03-09,Abgeschlossen,2019-01-09
A05728,E10707,T-001,2026-01-28,2026-04-28,Abgeschlossen,2026-04-24
A05729,E10707,T-002,2026-05-23,2026-07-22,In Bearbeitung,
A05730,E10707,T-003,2026-01-11,2026-03-12,Abgeschlossen,2026-01-25
A05731,E10707,T-004,2026-06-06,2026-07-06,In Bearbeitung,
A05732,E10707,T-005,2026-08-17,2026-11-15,Abgeschlossen,2026-09-10
A05733,E10707,T-010,2019-01-15,2019-03-16,Abgeschlossen,2019-03-18
A05734,E10708,T-001,2026-03-12,2026-04-11,Abgeschlossen,2026-03-19
A05735,E10708,T-002,2025-12-26,2026-03-26,Zugewiesen,
A05736,E10708,T-003,2026-08-17,2026-11-15,In Bearbeitung,
A05737,E10708,T-004,2026-06-06,2026-07-21,In Bearbeitung,
A05738,E10708,T-005,2026-06-25,2026-09-23,Abgeschlossen,2026-08-02
A05739,E10708,T-010,2019-01-06,2019-03-07,Abgeschlossen,2019-02-18
A05740,E10708,T-015,2026-04-05,2026-08-03,Abgeschlossen,2026-10-29
A05741,E10709,T-001,2026-09-12,2026-10-12,Zugewiesen,
A05742,E10709,T-002,2025-12-03,2026-03-03,Abgeschlossen,2026-01-12
A05743,E10709,T-003,2026-02-02,2026-03-04,Abgeschlossen,2026-02-07
A05744,E10709,T-004,2026-06-07,2026-07-22,In Bearbeitung,
A05745,E10709,T-005,2026-06-09,2026-09-07,Abgeschlossen,2026-07-03
A05746,E10709,T-010,2019-01-07,2019-03-08,Abgeschlossen,2019-02-01
A05747,E10710,T-001,2026-01-05,2026-04-05,Abgeschlossen,2026-04-04
A05748,E10710,T-002,2026-04-18,2026-06-17,Abgeschlossen,2026-05-11
A05749,E10710,T-003,2026-03-02,2026-05-01,Abgeschlossen,2026-03-25
A05750,E10710,T-004,2026-06-07,2026-07-07,Abgeschlossen,2026-06-19
A05751,E10710,T-005,2026-05-07,2026-07-06,Abgeschlossen,2026-05-18
A05752,E10710,T-010,2019-01-10,2019-03-11,Abgeschlossen,2019-03-03
A05753,E10711,T-001,2026-06-17,2026-08-16,Abgeschlossen,2026-07-06
A05754,E10711,T-002,2025-12-29,2026-02-27,Zugewiesen,
A05755,E10711,T-003,2026-07-11,2026-10-09,Abgeschlossen,2026-10-12
A05756,E10711,T-004,2026-06-06,2026-07-21,In Bearbeitung,
A05757,E10711,T-005,2025-12-27,2026-02-25,Abgeschlossen,2026-02-03
A05758,E10711,T-010,2019-01-11,2019-03-12,Abgeschlossen,2019-02-25
A05759,E10712,T-001,2026-05-23,2026-08-21,Abgeschlossen,2026-06-28
A05760,E10712,T-002,2026-09-06,2026-10-06,Abgeschlossen,2026-09-17
A05761,E10712,T-003,2025-12-29,2026-03-29,Abgeschlossen,2026-03-05
A05762,E10712,T-004,2026-06-09,2026-08-08,Abgeschlossen,2026-06-27
A05763,E10712,T-005,2026-07-07,2026-08-06,Abgeschlossen,2026-07-16
A05764,E10712,T-010,2019-01-09,2019-03-10,Abgeschlossen,2019-01-19
A05765,E10712,T-015,2026-07-22,2026-10-20,In Bearbeitung,
A05766,E10713,T-001,2026-03-19,2026-04-18,Abgeschlossen,2026-04-16
A05767,E10713,T-002,2025-12-29,2026-01-28,Abgeschlossen,2026-02-03
A05768,E10713,T-003,2026-04-12,2026-05-12,Abgeschlossen,2026-04-24
A05769,E10713,T-004,2026-06-11,2026-07-11,Zugewiesen,
A05770,E10713,T-005,2026-01-01,2026-03-02,Abgeschlossen,2026-01-16
A05771,E10713,T-010,2019-01-08,2019-03-09,Abgeschlossen,2019-01-10
A05772,E10713,T-014,2026-06-18,2026-09-16,In Bearbeitung,
A05773,E10714,T-001,2026-01-08,2026-04-08,Abgeschlossen,2026-03-04
A05774,E10714,T-002,2026-07-10,2026-10-08,Abgeschlossen,2026-09-14
A05775,E10714,T-003,2026-08-27,2026-10-26,Abgeschlossen,2026-09-14
A05776,E10714,T-004,2026-06-05,2026-07-05,In Bearbeitung,
A05777,E10714,T-005,2026-06-15,2026-08-14,Abgeschlossen,2026-08-24
A05778,E10714,T-010,2019-01-04,2019-03-05,Abgeschlossen,2019-01-22
A05779,E10715,T-001,2026-08-23,2026-11-21,Zugewiesen,
A05780,E10715,T-002,2026-02-01,2026-05-02,Abgeschlossen,2026-04-08
A05781,E10715,T-003,2026-08-26,2026-09-25,Abgeschlossen,2026-09-11
A05782,E10715,T-004,2026-06-12,2026-07-12,Zugewiesen,
A05783,E10715,T-005,2025-12-27,2026-02-25,Abgeschlossen,2026-01-24
A05784,E10715,T-010,2019-07-03,2019-09-01,Abgeschlossen,2019-07-27
A05785,E10716,T-001,2026-05-01,2026-06-30,Abgeschlossen,2026-07-01
A05786,E10716,T-002,2026-08-01,2026-08-31,Abgeschlossen,2026-08-14
A05787,E10716,T-003,2026-07-15,2026-08-14,Abgeschlossen,2026-08-24
A05788,E10716,T-004,2026-06-11,2026-07-11,Zugewiesen,
A05789,E10716,T-005,2026-02-18,2026-03-20,Abgeschlossen,2026-03-13
A05790,E10716,T-010,2021-10-10,2021-12-09,Abgeschlossen,2021-11-23
A05791,E10716,T-014,2025-11-08,2026-02-06,In Bearbeitung,
A05792,E10716,T-016,2026-09-05,2027-01-03,In Bearbeitung,
A05793,E10717,T-001,2026-03-19,2026-05-18,Abgeschlossen,2026-04-29
A05794,E10717,T-002,2026-02-16,2026-03-18,Abgeschlossen,2026-02-19
A05795,E10717,T-003,2026-10-13,2027-01-11,Abgeschlossen,2026-10-16
A05796,E10717,T-004,2026-06-09,2026-08-08,Abgeschlossen,2026-08-10
A05797,E10717,T-005,2026-07-28,2026-10-26,Abgeschlossen,2026-10-14
A05798,E10717,T-010,2019-01-12,2019-03-13,Abgeschlossen,2019-01-15
A05799,E10717,T-014,2026-02-06,2026-05-07,Abgeschlossen,2026-04-12
A05800,E10718,T-001,2026-07-20,2026-08-19,Abgeschlossen,2026-08-11
A05801,E10718,T-002,2026-06-23,2026-09-21,Abgeschlossen,2026-08-20
A05802,E10718,T-003,2026-07-01,2026-09-29,Zugewiesen,
A05803,E10718,T-004,2026-06-10,2026-07-25,Abgeschlossen,2026-07-10
A05804,E10718,T-005,2026-04-22,2026-07-21,Abgeschlossen,2026-07-16
A05805,E10718,T-010,2019-01-13,2019-03-14,Abgeschlossen,2019-01-20
A05806,E10718,T-015,2026-05-20,2026-07-19,Abgeschlossen,2026-07-12
A05807,E10719,T-001,2026-01-01,2026-03-02,Abgeschlossen,2026-01-26
A05808,E10719,T-002,2026-02-04,2026-03-06,Zugewiesen,
A05809,E10719,T-003,2026-03-23,2026-06-21,Abgeschlossen,2026-04-25
A05810,E10719,T-004,2026-06-10,2026-08-09,Zugewiesen,
A05811,E10719,T-005,2026-07-23,2026-08-22,Abgeschlossen,2026-08-26
A05812,E10719,T-010,2019-01-06,2019-03-07,Abgeschlossen,2019-02-07
A05813,E10720,T-001,2026-03-21,2026-06-19,Abgeschlossen,2026-04-30
A05814,E10720,T-002,2026-09-22,2026-11-21,In Bearbeitung,
A05815,E10720,T-003,2025-12-07,2026-01-06,Abgeschlossen,2025-12-13
A05816,E10720,T-004,2026-06-05,2026-07-20,In Bearbeitung,
A05817,E10720,T-005,2026-01-03,2026-04-03,Abgeschlossen,2026-04-04
A05818,E10720,T-010,2019-04-20,2019-06-19,Abgeschlossen,2019-06-06
A05819,E10720,T-017,2026-06-01,2026-07-31,Abgeschlossen,2026-07-07
A05820,E10721,T-001,2026-03-30,2026-06-28,Zugewiesen,
A05821,E10721,T-002,2026-05-03,2026-08-01,Abgeschlossen,2026-06-12
A05822,E10721,T-003,2026-09-06,2026-10-06,Abgeschlossen,2026-09-25
A05823,E10721,T-004,2026-06-08,2026-08-07,In Bearbeitung,
A05824,E10721,T-005,2026-01-10,2026-04-10,Abgeschlossen,2026-04-12
A05825,E10721,T-010,2019-01-09,2019-03-10,Abgeschlossen,2019-01-10
A05826,E10721,T-015,2026-01-18,2026-04-18,Abgeschlossen,2026-06-04
A05827,E10722,T-001,2026-02-28,2026-04-29,Abgeschlossen,2026-04-11
A05828,E10722,T-002,2026-01-14,2026-03-15,Abgeschlossen,2026-02-21
A05829,E10722,T-003,2026-07-18,2026-09-16,Abgeschlossen,2026-09-22
A05830,E10722,T-004,2026-06-12,2026-08-11,In Bearbeitung,
A05831,E10722,T-005,2026-04-22,2026-05-22,Abgeschlossen,2026-05-11
A05832,E10722,T-010,2019-01-05,2019-03-06,Abgeschlossen,2019-02-20
A05833,E10723,T-001,2026-06-03,2026-09-01,Abgeschlossen,2026-06-05
A05834,E10723,T-002,2026-05-18,2026-06-17,Abgeschlossen,2026-06-03
A05835,E10723,T-003,2026-04-28,2026-05-28,Abgeschlossen,2026-05-31
A05836,E10723,T-004,2026-06-06,2026-07-06,In Bearbeitung,
A05837,E10723,T-005,2026-07-16,2026-10-14,Abgeschlossen,2026-09-04
A05838,E10723,T-010,2019-01-11,2019-03-12,Abgeschlossen,2019-02-19
A05839,E10723,T-014,2026-04-15,2026-06-14,Abgeschlossen,2026-06-09
A05840,E10724,T-001,2026-10-02,2026-11-01,Abgeschlossen,2026-10-12
A05841,E10724,T-002,2026-08-15,2026-11-13,Zugewiesen,
A05842,E10724,T-003,2026-03-02,2026-04-01,Abgeschlossen,2026-04-08
A05843,E10724,T-004,2026-06-10,2026-08-09,Abgeschlossen,2026-08-09
A05844,E10724,T-005,2026-07-25,2026-08-24,Abgeschlossen,2026-08-30
A05845,E10724,T-010,2019-01-14,2019-03-15,Abgeschlossen,2019-02-22
A05846,E10725,T-001,2026-07-19,2026-09-17,Abgeschlossen,2026-08-04
A05847,E10725,T-002,2026-04-24,2026-05-24,Abgeschlossen,2026-05-21
A05848,E10725,T-003,2026-01-25,2026-04-25,Abgeschlossen,2026-04-19
A05849,E10725,T-004,2026-06-12,2026-07-27,Abgeschlossen,2026-07-31
A05850,E10725,T-005,2026-09-13,2026-12-12,Abgeschlossen,2026-09-30
A05851,E10725,T-010,2019-01-09,2019-03-10,Abgeschlossen,2019-02-26
A05852,E10725,T-013,2026-06-28,2026-10-26,Zugewiesen,
A05853,E10726,T-001,2026-01-16,2026-04-16,Abgeschlossen,2026-03-07
A05854,E10726,T-002,2026-09-03,2026-11-02,Zugewiesen,
A05855,E10726,T-003,2026-05-05,2026-06-04,Abgeschlossen,2026-06-13
A05856,E10726,T-004,2026-06-12,2026-07-12,In Bearbeitung,
A05857,E10726,T-005,2026-01-09,2026-03-10,Abgeschlossen,2026-02-05
A05858,E10726,T-010,2021-02-24,2021-04-25,Abgeschlossen,2021-03-10
A05859,E10726,T-014,2026-08-27,2026-10-26,Abgeschlossen,2026-09-10
A05860,E10726,T-017,2026-06-20,2026-10-18,In Bearbeitung,
A05861,E10726,T-013,2026-02-05,2026-04-06,Zugewiesen,
A05862,E10727,T-001,2025-12-11,2026-02-09,Abgeschlossen,2026-01-05
A05863,E10727,T-002,2026-09-17,2026-11-16,Abgeschlossen,2026-10-12
A05864,E10727,T-003,2026-05-21,2026-06-20,Abgeschlossen,2026-06-08
A05865,E10727,T-004,2026-06-06,2026-07-21,Abgeschlossen,2026-06-17
A05866,E10727,T-005,2025-12-11,2026-03-11,Abgeschlossen,2026-01-17
A05867,E10727,T-010,2019-01-09,2019-03-10,Abgeschlossen,2019-03-03
A05868,E10728,T-001,2026-01-15,2026-04-15,Zugewiesen,
A05869,E10728,T-002,2026-03-06,2026-05-05,Abgeschlossen,2026-03-28
A05870,E10728,T-003,2026-09-13,2026-10-13,Abgeschlossen,2026-10-01
A05871,E10728,T-004,2026-06-12,2026-07-27,Zugewiesen,
A05872,E10728,T-005,2025-12-04,2026-03-04,Abgeschlossen,2026-02-10
A05873,E10728,T-010,2019-01-03,2019-03-04,Abgeschlossen,2019-03-14
A05874,E10729,T-001,2026-10-06,2027-01-04,Abgeschlossen,2026-10-20
A05875,E10729,T-002,2025-12-27,2026-03-27,Abgeschlossen,2026-01-15
A05876,E10729,T-003,2025-12-29,2026-03-29,Abgeschlossen,2026-02-24
A05877,E10729,T-004,2026-06-06,2026-07-06,Abgeschlossen,2026-06-16
A05878,E10729,T-005,2026-04-28,2026-07-27,Abgeschlossen,2026-05-09
A05879,E10729,T-010,2019-01-12,2019-03-13,Abgeschlossen,2019-03-18
A05880,E10729,T-017,2026-07-23,2026-10-21,Zugewiesen,
A05881,E10730,T-001,2026-09-20,2026-10-20,Abgeschlossen,2026-09-23
A05882,E10730,T-002,2026-08-24,2026-10-23,Abgeschlossen,2026-09-06
A05883,E10730,T-003,2026-01-03,2026-04-03,Abgeschlossen,2026-04-10
A05884,E10730,T-004,2026-06-12,2026-07-27,In Bearbeitung,
A05885,E10730,T-005,2026-06-18,2026-07-18,Abgeschlossen,2026-07-28
A05886,E10730,T-010,2019-01-03,2019-03-04,Abgeschlossen,2019-01-05
A05887,E10731,T-001,2026-07-18,2026-08-17,Abgeschlossen,2026-08-22
A05888,E10731,T-002,2026-02-14,2026-05-15,Abgeschlossen,2026-05-16
A05889,E10731,T-003,2025-12-17,2026-02-15,Abgeschlossen,2026-01-10
A05890,E10731,T-004,2026-06-09,2026-07-24,In Bearbeitung,
A05891,E10731,T-005,2026-09-24,2026-10-24,Abgeschlossen,2026-10-04
A05892,E10731,T-010,2019-01-07,2019-03-08,Abgeschlossen,2019-01-15
A05893,E10732,T-001,2026-05-29,2026-08-27,Zugewiesen,
A05894,E10732,T-002,2026-04-19,2026-07-18,Abgeschlossen,2026-05-23
A05895,E10732,T-003,2026-02-12,2026-05-13,Abgeschlossen,2026-03-08
A05896,E10732,T-004,2026-06-07,2026-08-06,Zugewiesen,
A05897,E10732,T-005,2025-12-12,2026-03-12,Abgeschlossen,2026-01-14
A05898,E10732,T-010,2025-10-17,2025-12-16,Abgeschlossen,2025-12-02
A05899,E10733,T-001,2026-08-05,2026-09-04,Abgeschlossen,2026-08-25
A05900,E10733,T-002,2026-06-19,2026-08-18,Abgeschlossen,2026-07-29
A05901,E10733,T-003,2026-03-06,2026-06-04,Abgeschlossen,2026-05-22
A05902,E10733,T-004,2026-06-09,2026-07-24,In Bearbeitung,
A05903,E10733,T-005,2026-01-05,2026-02-04,Abgeschlossen,2026-01-26
A05904,E10733,T-010,2020-06-05,2020-08-04,Abgeschlossen,2020-06-29
A05905,E10733,T-017,2026-09-27,2027-01-25,Zugewiesen,
A05906,E10734,T-001,2026-07-22,2026-10-20,Abgeschlossen,2026-09-25
A05907,E10734,T-002,2026-04-30,2026-07-29,Abgeschlossen,2026-06-04
A05908,E10734,T-003,2026-06-04,2026-07-04,Abgeschlossen,2026-06-17
A05909,E10734,T-004,2026-06-05,2026-08-04,Abgeschlossen,2026-08-01
A05910,E10734,T-005,2025-12-02,2026-01-31,Abgeschlossen,2026-01-03
A05911,E10734,T-010,2019-04-25,2019-06-24,Abgeschlossen,2019-06-11
A05912,E10734,T-016,2026-02-12,2026-05-13,In Bearbeitung,
A05913,E10735,T-001,2026-04-20,2026-07-19,Abgeschlossen,2026-05-29
A05914,E10735,T-002,2025-12-10,2026-01-09,Abgeschlossen,2025-12-11
A05915,E10735,T-003,2026-03-02,2026-05-31,Abgeschlossen,2026-05-16
A05916,E10735,T-004,2026-06-10,2026-07-10,In Bearbeitung,
A05917,E10735,T-005,2026-10-03,2027-01-01,In Bearbeitung,
A05918,E10735,T-010,2024-04-04,2024-06-03,Abgeschlossen,2024-06-02
A05919,E10736,T-001,2026-01-23,2026-03-24,Abgeschlossen,2026-02-27
A05920,E10736,T-002,2026-06-02,2026-08-01,Abgeschlossen,2026-07-29
A05921,E10736,T-003,2026-01-20,2026-02-19,Abgeschlossen,2026-02-24
A05922,E10736,T-004,2026-06-10,2026-07-25,Abgeschlossen,2026-06-18
A05923,E10736,T-005,2026-06-06,2026-08-05,Abgeschlossen,2026-07-26
A05924,E10736,T-010,2025-07-03,2025-09-01,Abgeschlossen,2025-09-02
A05925,E10736,T-017,2025-12-26,2026-03-26,Abgeschlossen,2026-06-02
A05926,E10737,T-001,2025-12-02,2026-01-31,Abgeschlossen,2026-01-04
A05927,E10737,T-002,2026-06-10,2026-07-10,Abgeschlossen,2026-07-02
A05928,E10737,T-003,2026-07-25,2026-10-23,Abgeschlossen,2026-07-29
A05929,E10737,T-004,2026-06-06,2026-08-05,In Bearbeitung,
A05930,E10737,T-005,2026-02-28,2026-04-29,Abgeschlossen,2026-04-20
A05931,E10737,T-010,2020-03-11,2020-05-10,Abgeschlossen,2020-05-09
A05932,E10737,T-015,2025-11-14,2026-02-12,Abgeschlossen,2026-08-12
A05933,E10737,T-017,2026-05-09,2026-09-06,Zugewiesen,
A05934,E10738,T-001,2025-12-03,2026-02-01,Abgeschlossen,2025-12-04
A05935,E10738,T-002,2026-05-07,2026-06-06,Abgeschlossen,2026-05-13
A05936,E10738,T-003,2026-02-08,2026-05-09,Abgeschlossen,2026-04-23
A05937,E10738,T-004,2026-06-10,2026-07-10,Zugewiesen,
A05938,E10738,T-005,2026-04-29,2026-07-28,Abgeschlossen,2026-07-28
A05939,E10738,T-010,2020-11-09,2021-01-08,Abgeschlossen,2020-12-11
A05940,E10739,T-001,2026-06-20,2026-07-20,Abgeschlossen,2026-06-21
A05941,E10739,T-002,2026-01-29,2026-04-29,In Bearbeitung,
A05942,E10739,T-003,2026-02-09,2026-03-11,Abgeschlossen,2026-03-10
A05943,E10739,T-004,2026-06-10,2026-08-09,In Bearbeitung,
A05944,E10739,T-005,2026-03-02,2026-04-01,Abgeschlossen,2026-04-01
A05945,E10739,T-010,2019-01-10,2019-03-11,Abgeschlossen,2019-03-21
A05946,E10740,T-001,2026-05-02,2026-06-01,Abgeschlossen,2026-05-13
A05947,E10740,T-002,2026-02-27,2026-05-28,Zugewiesen,
A05948,E10740,T-003,2026-08-12,2026-11-10,Abgeschlossen,2026-09-21
A05949,E10740,T-004,2026-06-07,2026-08-06,Abgeschlossen,2026-08-16
A05950,E10740,T-005,2026-09-04,2026-12-03,In Bearbeitung,
A05951,E10740,T-010,2019-01-14,2019-03-15,Abgeschlossen,2019-02-16
A05952,E10740,T-017,2026-05-05,2026-07-04,Zugewiesen,
A05953,E10741,T-001,2026-06-25,2026-09-23,Abgeschlossen,2026-07-07
A05954,E10741,T-002,2025-12-05,2026-01-04,Abgeschlossen,2025-12-09
A05955,E10741,T-003,2025-12-15,2026-03-15,Abgeschlossen,2026-01-30
A05956,E10741,T-004,2026-06-10,2026-07-10,Abgeschlossen,2026-07-11
A05957,E10741,T-005,2026-04-10,2026-05-10,Abgeschlossen,2026-05-11
A05958,E10741,T-010,2019-01-14,2019-03-15,Abgeschlossen,2019-01-15
A05959,E10742,T-001,2026-09-25,2026-12-24,Zugewiesen,
A05960,E10742,T-002,2026-03-25,2026-04-24,Abgeschlossen,2026-03-31
A05961,E10742,T-003,2026-04-05,2026-06-04,Abgeschlossen,2026-05-09
A05962,E10742,T-004,2026-06-11,2026-07-26,Zugewiesen,
A05963,E10742,T-005,2026-09-17,2026-10-17,Abgeschlossen,2026-09-23
A05964,E10742,T-010,2019-01-03,2019-03-04,Abgeschlossen,2019-03-01
A05965,E10743,T-001,2026-09-27,2026-10-27,Abgeschlossen,2026-10-15
A05966,E10743,T-002,2026-06-02,2026-07-02,Abgeschlossen,2026-06-27
A05967,E10743,T-003,2026-09-18,2026-12-17,Zugewiesen,
A05968,E10743,T-004,2026-06-11,2026-07-26,Abgeschlossen,2026-07-25
A05969,E10743,T-005,2026-05-04,2026-08-02,Abgeschlossen,2026-07-26
A05970,E10743,T-010,2019-01-10,2019-03-11,Abgeschlossen,2019-02-24
A05971,E10744,T-001,2026-04-12,2026-06-11,Abgeschlossen,2026-05-12
A05972,E10744,T-002,2026-03-09,2026-06-07,Abgeschlossen,2026-03-26
A05973,E10744,T-003,2026-08-25,2026-11-23,Abgeschlossen,2026-10-12
A05974,E10744,T-004,2026-06-11,2026-07-11,Abgeschlossen,2026-06-20
A05975,E10744,T-005,2026-04-01,2026-05-31,Abgeschlossen,2026-06-03
A05976,E10744,T-010,2019-01-11,2019-03-12,Abgeschlossen,2019-01-23
A05977,E10745,T-001,2026-06-15,2026-07-15,Abgeschlossen,2026-06-19
A05978,E10745,T-002,2026-06-15,2026-08-14,Abgeschlossen,2026-06-29
A05979,E10745,T-003,2026-08-09,2026-10-08,In Bearbeitung,
A05980,E10745,T-004,2026-06-06,2026-07-06,Abgeschlossen,2026-06-08
A05981,E10745,T-005,2026-01-11,2026-02-10,Abgeschlossen,2026-01-18
A05982,E10745,T-010,2019-01-14,2019-03-15,Abgeschlossen,2019-03-03
A05983,E10746,T-001,2025-12-20,2026-02-18,Abgeschlossen,2026-02-19
A05984,E10746,T-002,2026-03-04,2026-06-02,Abgeschlossen,2026-04-18
A05985,E10746,T-003,2026-06-02,2026-08-01,Abgeschlossen,2026-08-09
A05986,E10746,T-004,2026-06-10,2026-07-10,Abgeschlossen,2026-06-26
A05987,E10746,T-005,2026-01-13,2026-04-13,Abgeschlossen,2026-03-25
A05988,E10746,T-010,2025-07-28,2025-09-26,Abgeschlossen,2025-09-11
A05989,E10746,T-017,2025-12-10,2026-03-10,Abgeschlossen,2026-02-02
A05990,E10747,T-001,2026-04-21,2026-05-21,Abgeschlossen,2026-05-23
A05991,E10747,T-002,2026-07-29,2026-08-28,Abgeschlossen,2026-08-14
A05992,E10747,T-003,2026-09-28,2026-10-28,Abgeschlossen,2026-09-30
A05993,E10747,T-004,2026-06-06,2026-08-05,In Bearbeitung,
A05994,E10747,T-005,2026-07-30,2026-09-28,Abgeschlossen,2026-08-15
A05995,E10747,T-010,2026-04-04,2026-06-03,Abgeschlossen,2026-06-11
A05996,E10747,T-016,2026-06-11,2026-08-10,Abgeschlossen,2026-08-19
A05997,E10747,T-017,2026-06-05,2026-09-03,Abgeschlossen,2026-07-07
A05998,E10748,T-001,2026-08-22,2026-10-21,Abgeschlossen,2026-09-14
A05999,E10748,T-002,2026-08-25,2026-10-24,Zugewiesen,
A06000,E10748,T-003,2026-02-25,2026-04-26,Abgeschlossen,2026-02-28
A06001,E10748,T-004,2026-06-10,2026-07-10,Abgeschlossen,2026-07-14
A06002,E10748,T-005,2026-05-09,2026-06-08,Abgeschlossen,2026-05-28
A06003,E10748,T-010,2025-09-16,2025-11-15,Abgeschlossen,2025-10-13
A06004,E10749,T-001,2025-12-28,2026-01-27,Abgeschlossen,2026-01-05
A06005,E10749,T-002,2026-08-30,2026-11-28,Zugewiesen,
A06006,E10749,T-003,2026-06-18,2026-08-17,Abgeschlossen,2026-06-30
A06007,E10749,T-004,2026-06-08,2026-07-23,Abgeschlossen,2026-07-15
A06008,E10749,T-005,2026-02-16,2026-05-17,Abgeschlossen,2026-04-20
A06009,E10749,T-010,2019-01-13,2019-03-14,Abgeschlossen,2019-02-18
A06010,E10750,T-001,2026-08-29,2026-10-28,Abgeschlossen,2026-09-26
A06011,E10750,T-002,2026-07-28,2026-09-26,Abgeschlossen,2026-08-31
A06012,E10750,T-003,2026-01-17,2026-04-17,Abgeschlossen,2026-04-18
A06013,E10750,T-004,2026-06-12,2026-07-27,In Bearbeitung,
A06014,E10750,T-005,2026-09-17,2026-10-17,Abgeschlossen,2026-09-29
A06015,E10750,T-010,2022-03-22,2022-05-21,Abgeschlossen,2022-05-04
A06016,E10750,T-015,2026-07-29,2026-09-27,Abgeschlossen,2026-10-27
A06017,E10750,T-017,2026-08-09,2026-12-07,Zugewiesen,
A06018,E10751,T-001,2026-09-29,2026-12-28,Zugewiesen,
A06019,E10751,T-002,2026-04-03,2026-07-02,Zugewiesen,
A06020,E10751,T-003,2026-05-13,2026-06-12,Abgeschlossen,2026-06-20
A06021,E10751,T-004,2026-06-06,2026-07-06,Abgeschlossen,2026-07-09
A06022,E10751,T-005,2026-04-03,2026-06-02,Abgeschlossen,2026-05-12
A06023,E10751,T-010,2019-01-13,2019-03-14,Abgeschlossen,2019-02-06
A06024,E10751,T-016,2026-04-27,2026-08-25,Zugewiesen,
A06025,E10752,T-001,2026-06-06,2026-08-05,Abgeschlossen,2026-07-02
A06026,E10752,T-002,2026-09-29,2026-10-29,Abgeschlossen,2026-10-31
A06027,E10752,T-003,2026-04-25,2026-07-24,Abgeschlossen,2026-06-30
A06028,E10752,T-004,2026-06-12,2026-07-27,Zugewiesen,
A06029,E10752,T-005,2026-04-29,2026-06-28,Zugewiesen,
A06030,E10752,T-010,2019-01-14,2019-03-15,Abgeschlossen,2019-01-18
A06031,E10753,T-001,2026-07-25,2026-10-23,Abgeschlossen,2026-08-18
A06032,E10753,T-002,2026-01-06,2026-02-05,Abgeschlossen,2026-01-25
A06033,E10753,T-003,2026-05-03,2026-08-01,Abgeschlossen,2026-06-06
A06034,E10753,T-004,2026-06-09,2026-07-09,Abgeschlossen,2026-06-30
A06035,E10753,T-005,2026-03-08,2026-05-07,Zugewiesen,
A06036,E10753,T-010,2019-01-13,2019-03-14,Abgeschlossen,2019-02-25
A06037,E10754,T-001,2026-06-08,2026-08-07,Abgeschlossen,2026-07-05
A06038,E10754,T-002,2026-09-23,2026-11-22,Abgeschlossen,2026-10-27
A06039,E10754,T-003,2026-03-07,2026-06-05,Abgeschlossen,2026-05-06
A06040,E10754,T-004,2026-06-11,2026-07-11,In Bearbeitung,
A06041,E10754,T-005,2026-09-08,2026-10-08,Abgeschlossen,2026-10-13
A06042,E10754,T-010,2026-02-08,2026-04-09,Abgeschlossen,2026-04-08
A06043,E10755,T-001,2026-05-26,2026-07-25,Abgeschlossen,2026-05-31
A06044,E10755,T-002,2026-09-05,2026-12-04,In Bearbeitung,
A06045,E10755,T-003,2026-07-06,2026-09-04,Abgeschlossen,2026-08-03
A06046,E10755,T-004,2026-06-11,2026-07-11,In Bearbeitung,
A06047,E10755,T-005,2026-07-04,2026-10-02,Abgeschlossen,2026-07-10
A06048,E10755,T-010,2019-01-14,2019-03-15,Abgeschlossen,2019-03-11
A06049,E10756,T-001,2026-06-08,2026-07-08,Abgeschlossen,2026-06-15
A06050,E10756,T-002,2026-08-27,2026-10-26,Abgeschlossen,2026-10-10
A06051,E10756,T-003,2026-05-26,2026-06-25,Abgeschlossen,2026-05-31
A06052,E10756,T-004,2026-06-07,2026-07-07,In Bearbeitung,
A06053,E10756,T-005,2026-04-23,2026-06-22,Abgeschlossen,2026-06-04
A06054,E10756,T-010,2019-01-14,2019-03-15,Abgeschlossen,2019-01-21
A06055,E10756,T-017,2025-11-17,2026-03-17,Abgeschlossen,2026-10-02
A06056,E10757,T-001,2026-07-12,2026-10-10,Abgeschlossen,2026-10-09
A06057,E10757,T-002,2026-09-25,2026-10-25,Abgeschlossen,2026-10-02
A06058,E10757,T-003,2026-09-03,2026-10-03,Abgeschlossen,2026-10-11
A06059,E10757,T-004,2026-06-10,2026-07-10,In Bearbeitung,
A06060,E10757,T-005,2026-09-10,2026-11-09,Zugewiesen,
A06061,E10757,T-010,2019-01-15,2019-03-16,Abgeschlossen,2019-03-04
A06062,E10758,T-001,2025-12-07,2026-03-07,In Bearbeitung,
A06063,E10758,T-002,2026-09-15,2026-12-14,Abgeschlossen,2026-10-08
A06064,E10758,T-003,2026-03-31,2026-04-30,Abgeschlossen,2026-04-24
A06065,E10758,T-004,2026-06-09,2026-08-08,Abgeschlossen,2026-07-08
A06066,E10758,T-005,2026-09-09,2026-10-09,Abgeschlossen,2026-10-13
A06067,E10758,T-010,2019-01-07,2019-03-08,Abgeschlossen,2019-01-30
A06068,E10759,T-001,2025-12-29,2026-02-27,Abgeschlossen,2026-01-29
A06069,E10759,T-002,2026-08-04,2026-09-03,Zugewiesen,
A06070,E10759,T-003,2026-09-02,2026-10-02,Abgeschlossen,2026-09-21
A06071,E10759,T-004,2026-06-07,2026-07-22,In Bearbeitung,
A06072,E10759,T-005,2026-07-23,2026-09-21,Abgeschlossen,2026-08-21
A06073,E10759,T-010,2019-01-07,2019-03-08,Abgeschlossen,2019-01-30
A06074,E10760,T-001,2026-06-20,2026-08-19,Zugewiesen,
A06075,E10760,T-002,2026-07-05,2026-09-03,Abgeschlossen,2026-07-29
A06076,E10760,T-003,2026-06-08,2026-07-08,Abgeschlossen,2026-06-23
A06077,E10760,T-004,2026-06-11,2026-07-26,In Bearbeitung,
A06078,E10760,T-005,2026-07-19,2026-09-17,Abgeschlossen,2026-08-17
A06079,E10760,T-010,2019-01-13,2019-03-14,Abgeschlossen,2019-01-19
A06080,E10761,T-001,2026-04-24,2026-07-23,Abgeschlossen,2026-06-13
A06081,E10761,T-002,2026-07-03,2026-10-01,Zugewiesen,
A06082,E10761,T-003,2026-09-13,2026-10-13,Abgeschlossen,2026-09-14
A06083,E10761,T-004,2026-06-06,2026-08-05,In Bearbeitung,
A06084,E10761,T-005,2026-05-06,2026-08-04,Abgeschlossen,2026-08-14
A06085,E10761,T-010,2019-01-13,2019-03-14,Abgeschlossen,2019-02-23
A06086,E10762,T-001,2026-07-14,2026-08-13,Zugewiesen,
A06087,E10762,T-002,2025-12-06,2026-03-06,Abgeschlossen,2026-01-15
A06088,E10762,T-003,2026-06-15,2026-07-15,Abgeschlossen,2026-07-03
A06089,E10762,T-004,2026-06-07,2026-07-07,In Bearbeitung,
A06090,E10762,T-005,2026-05-21,2026-08-19,Abgeschlossen,2026-06-04
A06091,E10762,T-010,2019-01-04,2019-03-05,Abgeschlossen,2019-03-05
A06092,E10763,T-001,2025-12-29,2026-01-28,Abgeschlossen,2026-01-31
A06093,E10763,T-002,2026-05-26,2026-07-25,Abgeschlossen,2026-06-13
A06094,E10763,T-003,2026-09-04,2026-11-03,Abgeschlossen,2026-11-01
A06095,E10763,T-004,2026-06-06,2026-07-06,Zugewiesen,
A06096,E10763,T-005,2026-02-04,2026-04-05,Abgeschlossen,2026-04-15
A06097,E10763,T-010,2019-01-13,2019-03-14,Abgeschlossen,2019-02-27
A06098,E10764,T-001,2026-01-10,2026-04-10,Abgeschlossen,2026-03-04
A06099,E10764,T-002,2026-06-03,2026-07-03,Abgeschlossen,2026-07-05
A06100,E10764,T-003,2025-12-26,2026-03-26,Abgeschlossen,2026-01-09
A06101,E10764,T-004,2026-06-07,2026-08-06,Abgeschlossen,2026-07-31
A06102,E10764,T-005,2026-08-11,2026-10-10,Abgeschlossen,2026-09-29
A06103,E10764,T-010,2023-12-07,2024-02-05,Abgeschlossen,2024-01-20
A06104,E10765,T-001,2025-12-25,2026-01-24,Abgeschlossen,2025-12-29
A06105,E10765,T-002,2026-06-09,2026-08-08,Abgeschlossen,2026-06-17
A06106,E10765,T-003,2026-09-03,2026-11-02,Abgeschlossen,2026-09-13
A06107,E10765,T-004,2026-06-05,2026-07-05,Abgeschlossen,2026-06-12
A06108,E10765,T-005,2026-08-03,2026-11-01,Abgeschlossen,2026-10-30
A06109,E10765,T-010,2020-10-01,2020-11-30,Abgeschlossen,2020-11-09
A06110,E10765,T-014,2026-03-07,2026-07-05,Abgeschlossen,2026-08-20
A06111,E10765,T-015,2026-09-22,2026-12-21,Zugewiesen,
A06112,E10765,T-017,2026-04-27,2026-07-26,Abgeschlossen,2026-07-02
A06113,E10766,T-001,2025-12-07,2026-01-06,Abgeschlossen,2026-01-05
A06114,E10766,T-002,2026-10-12,2026-11-11,In Bearbeitung,
A06115,E10766,T-003,2026-04-28,2026-07-27,Abgeschlossen,2026-04-30
A06116,E10766,T-004,2026-06-08,2026-08-07,Zugewiesen,
A06117,E10766,T-005,2026-03-11,2026-05-10,Abgeschlossen,2026-03-24
A06118,E10766,T-010,2019-01-09,2019-03-10,Abgeschlossen,2019-03-14
A06119,E10766,T-017,2026-07-16,2026-09-14,Zugewiesen,
A06120,E10767,T-001,2026-09-17,2026-12-16,In Bearbeitung,
A06121,E10767,T-002,2026-03-08,2026-04-07,Abgeschlossen,2026-04-09
A06122,E10767,T-003,2026-09-16,2026-10-16,Abgeschlossen,2026-10-16
A06123,E10767,T-004,2026-06-10,2026-07-25,Abgeschlossen,2026-07-09
A06124,E10767,T-005,2026-05-16,2026-08-14,Abgeschlossen,2026-08-21
A06125,E10767,T-010,2021-09-19,2021-11-18,Abgeschlossen,2021-10-23
A06126,E10768,T-001,2026-03-18,2026-04-17,Abgeschlossen,2026-04-15
A06127,E10768,T-002,2026-01-05,2026-02-04,Abgeschlossen,2026-01-31
A06128,E10768,T-003,2026-04-04,2026-07-03,Abgeschlossen,2026-05-12
A06129,E10768,T-004,2026-06-09,2026-07-09,In Bearbeitung,
A06130,E10768,T-005,2025-12-31,2026-03-01,Abgeschlossen,2026-02-07
A06131,E10768,T-010,2019-01-14,2019-03-15,Abgeschlossen,2019-02-01
A06132,E10768,T-014,2025-11-03,2026-02-01,Abgeschlossen,2026-06-28
A06133,E10768,T-017,2025-12-21,2026-04-20,Abgeschlossen,2026-02-23
A06134,E10769,T-001,2026-09-06,2026-11-05,Abgeschlossen,2026-09-15
A06135,E10769,T-002,2026-10-09,2026-12-08,Abgeschlossen,2026-10-14
A06136,E10769,T-003,2026-02-28,2026-03-30,Abgeschlossen,2026-03-11
A06137,E10769,T-004,2026-06-11,2026-07-11,Abgeschlossen,2026-07-20
A06138,E10769,T-005,2026-07-29,2026-08-28,In Bearbeitung,
A06139,E10769,T-010,2024-11-21,2025-01-20,Abgeschlossen,2025-01-01
A06140,E10769,T-014,2026-07-03,2026-09-01,In Bearbeitung,
A06141,E10770,T-001,2026-01-09,2026-04-09,Abgeschlossen,2026-02-16
A06142,E10770,T-002,2026-08-25,2026-09-24,Abgeschlossen,2026-09-17
A06143,E10770,T-003,2026-08-05,2026-11-03,In Bearbeitung,
A06144,E10770,T-004,2026-06-06,2026-07-21,Abgeschlossen,2026-07-04
A06145,E10770,T-005,2026-10-10,2026-12-09,Abgeschlossen,2026-10-16
A06146,E10770,T-010,2020-12-07,2021-02-05,Abgeschlossen,2020-12-16
A06147,E10771,T-001,2026-02-04,2026-03-06,Abgeschlossen,2026-03-11
A06148,E10771,T-002,2026-05-12,2026-08-10,Abgeschlossen,2026-07-15
A06149,E10771,T-003,2026-03-02,2026-05-01,Abgeschlossen,2026-04-04
A06150,E10771,T-004,2026-06-11,2026-08-10,In Bearbeitung,
A06151,E10771,T-005,2026-06-29,2026-08-28,Abgeschlossen,2026-08-14
A06152,E10771,T-010,2019-01-05,2019-03-06,Abgeschlossen,2019-03-03
A06153,E10772,T-001,2026-04-08,2026-07-07,Abgeschlossen,2026-06-17
A06154,E10772,T-002,2026-06-16,2026-07-16,Abgeschlossen,2026-07-14
A06155,E10772,T-003,2026-06-13,2026-07-13,Abgeschlossen,2026-07-16
A06156,E10772,T-004,2026-06-07,2026-07-07,Zugewiesen,
A06157,E10772,T-005,2026-08-12,2026-09-11,Abgeschlossen,2026-08-29
A06158,E10772,T-010,2024-07-24,2024-09-22,Abgeschlossen,2024-09-29
A06159,E10772,T-016,2025-12-30,2026-03-30,In Bearbeitung,
A06160,E10773,T-001,2026-04-26,2026-07-25,Abgeschlossen,2026-06-01
A06161,E10773,T-002,2026-02-02,2026-05-03,Abgeschlossen,2026-05-08
A06162,E10773,T-003,2026-08-26,2026-09-25,In Bearbeitung,
A06163,E10773,T-004,2026-06-10,2026-07-25,Abgeschlossen,2026-08-04
A06164,E10773,T-005,2026-02-09,2026-03-11,Abgeschlossen,2026-03-05
A06165,E10773,T-010,2019-01-10,2019-03-11,Abgeschlossen,2019-02-17
A06166,E10773,T-015,2026-09-28,2026-11-27,Zugewiesen,
A06167,E10174,T-009,2024-12-06,2025-01-17,Abgeschlossen,2025-01-17
A06168,E10089,T-009,2024-10-28,2024-12-09,Abgeschlossen,2024-12-05
A06169,E10145,T-009,2024-11-27,2024-12-24,Abgeschlossen,2024-12-21
A06170,E10053,T-009,2024-11-14,2025-01-12,Abgeschlossen,2024-12-29
A06171,E10176,T-009,2024-11-01,2024-12-31,Abgeschlossen,2024-12-19
A06172,E10023,T-009,2024-12-17,2025-01-22,Abgeschlossen,2025-01-13
A06173,E10019,T-009,2024-12-27,2025-01-25,Abgeschlossen,2025-01-17
A06174,E10147,T-009,2024-11-18,2025-01-11,Abgeschlossen,2025-01-02
A06175,E10155,T-009,2024-11-01,2024-12-08,Abgeschlossen,2024-11-28
A06176,E10144,T-009,2024-10-18,2024-12-08,Abgeschlossen,2024-11-25
A06177,E10035,T-009,2024-11-26,2025-01-18,Abgeschlossen,2025-01-14
A06178,E10217,T-009,2024-12-06,2025-01-23,Abgeschlossen,2025-01-17
A06179,E10159,T-009,2024-10-16,2024-12-10,Abgeschlossen,2024-12-04
A06180,E10212,T-009,2024-12-12,2025-01-21,Abgeschlossen,2025-01-19
A06181,E10196,T-009,2024-10-10,2024-11-28,Abgeschlossen,2024-11-23
A06182,E10021,T-009,2024-12-03,2025-01-22,Abgeschlossen,2025-01-18
A06183,E10042,T-009,2024-11-14,2024-12-14,Abgeschlossen,2024-12-13
A06184,E10213,T-009,2024-10-03,2024-11-10,Abgeschlossen,2024-11-05
A06185,E10175,T-009,2024-10-11,2024-11-11,Abgeschlossen,2024-11-10
A06186,E10123,T-009,2024-10-22,2024-11-15,Abgeschlossen,2024-11-11
A06187,E10310,T-009,2024-10-21,2024-11-30,Abgeschlossen,2024-11-17
A06188,E10320,T-009,2024-11-16,2024-12-10,Abgeschlossen,2024-12-07
A06189,E10334,T-009,2024-10-21,2024-11-25,Abgeschlossen,2024-11-16
A06190,E10335,T-009,2024-11-26,2024-12-21,Abgeschlossen,2024-12-20
A06191,E10357,T-009,2024-11-07,2024-12-17,Abgeschlossen,2024-12-12
A06192,E10300,T-009,2024-12-06,2025-01-14,Abgeschlossen,2025-01-05
A06193,E10331,T-009,2025-01-02,2025-02-07,Abgeschlossen,2025-01-24
A06194,E10371,T-009,2024-12-17,2025-01-16,Abgeschlossen,2025-01-12
A06195,E10360,T-009,2024-11-17,2024-12-27,Abgeschlossen,2024-12-19
A06196,E10274,T-009,2024-12-15,2025-01-20,Abgeschlossen,2025-01-18
A06197,E10234,T-009,2024-10-20,2024-12-15,Abgeschlossen,2024-12-04
A06198,E10268,T-009,2024-10-24,2024-12-03,Abgeschlossen,2024-11-22
A06199,E10288,T-009,2024-11-17,2024-12-27,Abgeschlossen,2024-12-25
A06200,E10247,T-009,2024-11-01,2024-12-13,Abgeschlossen,2024-12-13
A06201,E10245,T-009,2024-10-27,2024-12-07,Abgeschlossen,2024-12-06
A06202,E10448,T-009,2024-09-21,2024-11-07,Abgeschlossen,2024-11-06
A06203,E10399,T-009,2024-10-04,2024-11-22,Abgeschlossen,2024-11-22
A06204,E10389,T-009,2024-09-27,2024-11-26,Abgeschlossen,2024-11-13
A06205,E10417,T-009,2024-10-20,2024-11-21,Abgeschlossen,2024-11-18
A06206,E10426,T-009,2024-12-12,2025-01-28,Abgeschlossen,2025-01-16
A06207,E10458,T-009,2024-12-16,2025-01-18,Abgeschlossen,2025-01-12
A06208,E10400,T-009,2024-11-27,2025-01-23,Abgeschlossen,2025-01-09
A06209,E10422,T-009,2024-11-25,2025-01-09,Abgeschlossen,2024-12-26
A06210,E10475,T-009,2024-10-12,2024-11-26,Abgeschlossen,2024-11-20
A06211,E10472,T-009,2024-10-21,2024-11-19,Abgeschlossen,2024-11-15
A06212,E10471,T-009,2024-12-27,2025-02-01,Abgeschlossen,2025-01-29
A06213,E10482,T-009,2024-10-30,2024-12-18,Abgeschlossen,2024-12-09
A06214,E10582,T-009,2024-12-04,2025-01-17,Abgeschlossen,2025-01-05
A06215,E10519,T-009,2024-10-08,2024-11-19,Abgeschlossen,2024-11-18
A06216,E10588,T-009,2024-10-20,2024-11-12,Abgeschlossen,2024-11-11
A06217,E10539,T-009,2024-10-05,2024-11-28,Abgeschlossen,2024-11-18
A06218,E10564,T-009,2024-11-09,2024-12-13,Abgeschlossen,2024-12-05
A06219,E10664,T-009,2024-11-21,2024-12-28,Abgeschlossen,2024-12-26
A06220,E10669,T-009,2024-11-04,2024-12-16,Abgeschlossen,2024-12-12
A06221,E10698,T-009,2025-01-02,2025-02-05,Abgeschlossen,2025-01-26
A06222,E10602,T-009,2024-12-16,2025-02-04,Abgeschlossen,2025-01-28
A06223,E10604,T-009,2024-10-21,2024-11-15,Abgeschlossen,2024-11-15
A06224,E10634,T-009,2024-12-26,2025-02-02,Abgeschlossen,2025-01-28
A06225,E10643,T-009,2024-10-18,2024-12-08,Abgeschlossen,2024-12-02
A06226,E10633,T-009,2024-10-20,2024-11-30,Abgeschlossen,2024-11-25
A06227,E10707,T-009,2024-11-27,2025-01-18,Abgeschlossen,2025-01-14
A06228,E10711,T-009,2024-12-09,2025-02-08,Abgeschlossen,2025-01-25
A06229,E10744,T-009,2024-11-08,2024-12-22,Abgeschlossen,2024-12-22
A06230,E10740,T-009,2024-12-11,2025-01-30,Abgeschlossen,2025-01-27
A06231,E10751,T-009,2024-12-01,2025-01-07,Abgeschlossen,2025-01-02
A06232,E10773,T-009,2024-09-30,2024-11-16,Abgeschlossen,2024-11-05
A06233,E10654,T-002,2026-10-10,2027-01-08,Abgeschlossen,2026-10-17
A06234,E10323,T-002,2026-09-04,2026-12-03,Zugewiesen,
